"STATISTIC","Statistic Label","TLIST(M1)","Month","C03113V05042","Driving Test Centre","UNIT","VALUE"
"ROA36C01","Estimated Time to Driving Test Invite at Month End","202109","2021 September","-","All driving test centres","Weeks","15.9"
"ROA36C01","Estimated Time to Driving Test Invite at Month End","202109","2021 September","100","Athlone, Co. Westmeath","Weeks","10"
"ROA36C01","Estimated Time to Driving Test Invite at Month End","202109","2021 September","101","Ballina, Co. Mayo","Weeks","26"
"ROA36C01","Estimated Time to Driving Test Invite at Month End","202109","2021 September","102","Birr, Co. Offaly","Weeks","13"
"ROA36C01","Estimated Time to Driving Test Invite at Month End","202109","2021 September","103","Birr (County Arms Hotel), Co. Offaly","Weeks","9"
"ROA36C01","Estimated Time to Driving Test Invite at Month End","202109","2021 September","104","Buncrana, Co. Donegal","Weeks","13"
"ROA36C01","Estimated Time to Driving Test Invite at Month End","202109","2021 September","105","Carlow, Co. Carlow","Weeks",""
"ROA36C01","Estimated Time to Driving Test Invite at Month End","202109","2021 September","106","Carlow Talbot Hotel, Co. Carlow","Weeks","15"
"ROA36C01","Estimated Time to Driving Test Invite at Month End","202109","2021 September","107","Carrick On Shannon, Co. Leitrim","Weeks","20"
"ROA36C01","Estimated Time to Driving Test Invite at Month End","202109","2021 September","108","Castlebar, Co. Mayo","Weeks","12"
"ROA36C01","Estimated Time to Driving Test Invite at Month End","202109","2021 September","109","Cavan, Co. Cavan","Weeks","20"
"ROA36C01","Estimated Time to Driving Test Invite at Month End","202109","2021 September","110","Charlestown (Dublin), Co. Dublin","Weeks","15"
"ROA36C01","Estimated Time to Driving Test Invite at Month End","202109","2021 September","111","Clifden, Co. Galway","Weeks","20"
"ROA36C01","Estimated Time to Driving Test Invite at Month End","202109","2021 September","112","Clonmel, Co. Tipperary","Weeks","11"
"ROA36C01","Estimated Time to Driving Test Invite at Month End","202109","2021 September","113","Cork (Ballincollig), Co. Cork","Weeks",""
"ROA36C01","Estimated Time to Driving Test Invite at Month End","202109","2021 September","114","Cork (St. Finbarr's GAA Club Togher), Co. Cork","Weeks","13"
"ROA36C01","Estimated Time to Driving Test Invite at Month End","202109","2021 September","115","Cork (Wilton), Co. Cork","Weeks","9"
"ROA36C01","Estimated Time to Driving Test Invite at Month End","202109","2021 September","116","Donegal, Co. Donegal","Weeks","27"
"ROA36C01","Estimated Time to Driving Test Invite at Month End","202109","2021 September","117","Drogheda, Co. Louth","Weeks","29"
"ROA36C01","Estimated Time to Driving Test Invite at Month End","202109","2021 September","118","Dun Laoghaire / Deansgrange, Co. Dublin","Weeks","16"
"ROA36C01","Estimated Time to Driving Test Invite at Month End","202109","2021 September","119","Dundalk, Co. Louth","Weeks","18"
"ROA36C01","Estimated Time to Driving Test Invite at Month End","202109","2021 September","120","Dungarvan, Co. Waterford","Weeks","16"
"ROA36C01","Estimated Time to Driving Test Invite at Month End","202109","2021 September","121","Ennis, Co. Clare","Weeks","11"
"ROA36C01","Estimated Time to Driving Test Invite at Month End","202109","2021 September","122","Finglas, Co. Dublin","Weeks","10"
"ROA36C01","Estimated Time to Driving Test Invite at Month End","202109","2021 September","123","Galway (Carnmore), Co. Galway","Weeks","22"
"ROA36C01","Estimated Time to Driving Test Invite at Month End","202109","2021 September","124","Galway (Westside), Co. Galway","Weeks","17"
"ROA36C01","Estimated Time to Driving Test Invite at Month End","202109","2021 September","125","Gorey, Co. Wexford","Weeks","10"
"ROA36C01","Estimated Time to Driving Test Invite at Month End","202109","2021 September","126","Kilkenny (Govt Buildings), Co. Kilkenny","Weeks","10"
"ROA36C01","Estimated Time to Driving Test Invite at Month End","202109","2021 September","127","Kilkenny (O'Loughlin Gaels), Co. Kilkenny","Weeks","10"
"ROA36C01","Estimated Time to Driving Test Invite at Month End","202109","2021 September","128","Killarney, Co. Kerry","Weeks","29"
"ROA36C01","Estimated Time to Driving Test Invite at Month End","202109","2021 September","129","Killester, Co. Dublin","Weeks","14"
"ROA36C01","Estimated Time to Driving Test Invite at Month End","202109","2021 September","130","Kilrush, Co. Clare","Weeks","17"
"ROA36C01","Estimated Time to Driving Test Invite at Month End","202109","2021 September","131","Letterkenny, Co. Donegal","Weeks","22"
"ROA36C01","Estimated Time to Driving Test Invite at Month End","202109","2021 September","132","Limerick - Castlemungret, Co. Limerick","Weeks","10"
"ROA36C01","Estimated Time to Driving Test Invite at Month End","202109","2021 September","133","Limerick - Woodview, Co. Limerick","Weeks","9"
"ROA36C01","Estimated Time to Driving Test Invite at Month End","202109","2021 September","134","Limerick (Roxboro), Co. Limerick","Weeks",""
"ROA36C01","Estimated Time to Driving Test Invite at Month End","202109","2021 September","135","Longford, Co. Longford","Weeks","28"
"ROA36C01","Estimated Time to Driving Test Invite at Month End","202109","2021 September","136","Loughrea, Co. Galway","Weeks","12"
"ROA36C01","Estimated Time to Driving Test Invite at Month End","202109","2021 September","137","Loughrea (Lough Rea Hotel & Spa), Co. Galway","Weeks","11"
"ROA36C01","Estimated Time to Driving Test Invite at Month End","202109","2021 September","138","Mallow, Co. Cork","Weeks",""
"ROA36C01","Estimated Time to Driving Test Invite at Month End","202109","2021 September","139","Mallow (Cork Racecourse Mallow), Co. Cork","Weeks","9"
"ROA36C01","Estimated Time to Driving Test Invite at Month End","202109","2021 September","140","Monaghan, Co. Monaghan","Weeks","11"
"ROA36C01","Estimated Time to Driving Test Invite at Month End","202109","2021 September","141","Mulhuddart, Co. Dublin","Weeks","27"
"ROA36C01","Estimated Time to Driving Test Invite at Month End","202109","2021 September","142","Mulhuddart (Carlton Hotel), Co. Dublin","Weeks","25"
"ROA36C01","Estimated Time to Driving Test Invite at Month End","202109","2021 September","143","Mulhuddart Maple House, Co. Dublin","Weeks",""
"ROA36C01","Estimated Time to Driving Test Invite at Month End","202109","2021 September","144","Mullingar, Co. Westmeath","Weeks","11"
"ROA36C01","Estimated Time to Driving Test Invite at Month End","202109","2021 September","145","Naas, Co. Kildare","Weeks","20"
"ROA36C01","Estimated Time to Driving Test Invite at Month End","202109","2021 September","146","Navan, Co. Meath","Weeks","10"
"ROA36C01","Estimated Time to Driving Test Invite at Month End","202109","2021 September","147","Nenagh, Co. Tipperary","Weeks","11"
"ROA36C01","Estimated Time to Driving Test Invite at Month End","202109","2021 September","148","Newcastle West, Co. Limerick","Weeks","9"
"ROA36C01","Estimated Time to Driving Test Invite at Month End","202109","2021 September","149","Newcastle West (Longcourt House Hotel), Co. Limerick","Weeks","11"
"ROA36C01","Estimated Time to Driving Test Invite at Month End","202109","2021 September","150","Portlaoise, Co. Laois","Weeks","14"
"ROA36C01","Estimated Time to Driving Test Invite at Month End","202109","2021 September","166","Portlaoise (Maldron Hotel), Co. Laois","Weeks",""
"ROA36C01","Estimated Time to Driving Test Invite at Month End","202109","2021 September","151","Raheny, Co. Dublin","Weeks","21"
"ROA36C01","Estimated Time to Driving Test Invite at Month End","202109","2021 September","152","Roscommon, Co. Roscommon","Weeks","10"
"ROA36C01","Estimated Time to Driving Test Invite at Month End","202109","2021 September","153","Shannon, Co. Clare","Weeks","18"
"ROA36C01","Estimated Time to Driving Test Invite at Month End","202109","2021 September","154","Skibbereen, Co. Cork","Weeks","9"
"ROA36C01","Estimated Time to Driving Test Invite at Month End","202109","2021 September","155","Sligo, Co. Sligo","Weeks","26"
"ROA36C01","Estimated Time to Driving Test Invite at Month End","202109","2021 September","156","Tallaght, Co. Dublin","Weeks","27"
"ROA36C01","Estimated Time to Driving Test Invite at Month End","202109","2021 September","157","Thurles, Co. Tipperary","Weeks","10"
"ROA36C01","Estimated Time to Driving Test Invite at Month End","202109","2021 September","158","Tipperary, Co. Tipperary","Weeks","13"
"ROA36C01","Estimated Time to Driving Test Invite at Month End","202109","2021 September","159","Tralee, Co. Kerry","Weeks","10"
"ROA36C01","Estimated Time to Driving Test Invite at Month End","202109","2021 September","160","Tralee (HGV's), Co. Kerry","Weeks",""
"ROA36C01","Estimated Time to Driving Test Invite at Month End","202109","2021 September","161","Tuam, Co. Galway","Weeks","18"
"ROA36C01","Estimated Time to Driving Test Invite at Month End","202109","2021 September","162","Tullamore, Co. Offaly","Weeks","30"
"ROA36C01","Estimated Time to Driving Test Invite at Month End","202109","2021 September","163","Waterford, Co. Waterford","Weeks","13"
"ROA36C01","Estimated Time to Driving Test Invite at Month End","202109","2021 September","164","Wexford, Co. Wexford","Weeks","11"
"ROA36C01","Estimated Time to Driving Test Invite at Month End","202109","2021 September","165","Wicklow, Co. Wicklow","Weeks","24"
"ROA36C01","Estimated Time to Driving Test Invite at Month End","202109","2021 September","167","Galway (Clybaun Hotel), Co. Galway","Weeks",""
"ROA36C01","Estimated Time to Driving Test Invite at Month End","202109","2021 September","168","Sandyford, Co. Dublin","Weeks",""
"ROA36C01","Estimated Time to Driving Test Invite at Month End","202109","2021 September","169","Drogheda – Southgate, Co. Louth","Weeks",""
"ROA36C01","Estimated Time to Driving Test Invite at Month End","202109","2021 September","170","Mitchelstown, Co. Cork","Weeks",""
"ROA36C01","Estimated Time to Driving Test Invite at Month End","202110","2021 October","-","All driving test centres","Weeks","10"
"ROA36C01","Estimated Time to Driving Test Invite at Month End","202110","2021 October","100","Athlone, Co. Westmeath","Weeks","5"
"ROA36C01","Estimated Time to Driving Test Invite at Month End","202110","2021 October","101","Ballina, Co. Mayo","Weeks","10"
"ROA36C01","Estimated Time to Driving Test Invite at Month End","202110","2021 October","102","Birr, Co. Offaly","Weeks","8"
"ROA36C01","Estimated Time to Driving Test Invite at Month End","202110","2021 October","103","Birr (County Arms Hotel), Co. Offaly","Weeks","9"
"ROA36C01","Estimated Time to Driving Test Invite at Month End","202110","2021 October","104","Buncrana, Co. Donegal","Weeks","12"
"ROA36C01","Estimated Time to Driving Test Invite at Month End","202110","2021 October","105","Carlow, Co. Carlow","Weeks",""
"ROA36C01","Estimated Time to Driving Test Invite at Month End","202110","2021 October","106","Carlow Talbot Hotel, Co. Carlow","Weeks","9"
"ROA36C01","Estimated Time to Driving Test Invite at Month End","202110","2021 October","107","Carrick On Shannon, Co. Leitrim","Weeks","10"
"ROA36C01","Estimated Time to Driving Test Invite at Month End","202110","2021 October","108","Castlebar, Co. Mayo","Weeks","12"
"ROA36C01","Estimated Time to Driving Test Invite at Month End","202110","2021 October","109","Cavan, Co. Cavan","Weeks","11"
"ROA36C01","Estimated Time to Driving Test Invite at Month End","202110","2021 October","110","Charlestown (Dublin), Co. Dublin","Weeks","3"
"ROA36C01","Estimated Time to Driving Test Invite at Month End","202110","2021 October","111","Clifden, Co. Galway","Weeks","6"
"ROA36C01","Estimated Time to Driving Test Invite at Month End","202110","2021 October","112","Clonmel, Co. Tipperary","Weeks","8"
"ROA36C01","Estimated Time to Driving Test Invite at Month End","202110","2021 October","113","Cork (Ballincollig), Co. Cork","Weeks",""
"ROA36C01","Estimated Time to Driving Test Invite at Month End","202110","2021 October","114","Cork (St. Finbarr's GAA Club Togher), Co. Cork","Weeks","10"
"ROA36C01","Estimated Time to Driving Test Invite at Month End","202110","2021 October","115","Cork (Wilton), Co. Cork","Weeks","3"
"ROA36C01","Estimated Time to Driving Test Invite at Month End","202110","2021 October","116","Donegal, Co. Donegal","Weeks","15"
"ROA36C01","Estimated Time to Driving Test Invite at Month End","202110","2021 October","117","Drogheda, Co. Louth","Weeks","26"
"ROA36C01","Estimated Time to Driving Test Invite at Month End","202110","2021 October","118","Dun Laoghaire / Deansgrange, Co. Dublin","Weeks","15"
"ROA36C01","Estimated Time to Driving Test Invite at Month End","202110","2021 October","119","Dundalk, Co. Louth","Weeks","8"
"ROA36C01","Estimated Time to Driving Test Invite at Month End","202110","2021 October","120","Dungarvan, Co. Waterford","Weeks","7"
"ROA36C01","Estimated Time to Driving Test Invite at Month End","202110","2021 October","121","Ennis, Co. Clare","Weeks","11"
"ROA36C01","Estimated Time to Driving Test Invite at Month End","202110","2021 October","122","Finglas, Co. Dublin","Weeks","14"
"ROA36C01","Estimated Time to Driving Test Invite at Month End","202110","2021 October","123","Galway (Carnmore), Co. Galway","Weeks","12"
"ROA36C01","Estimated Time to Driving Test Invite at Month End","202110","2021 October","124","Galway (Westside), Co. Galway","Weeks","11"
"ROA36C01","Estimated Time to Driving Test Invite at Month End","202110","2021 October","125","Gorey, Co. Wexford","Weeks","5"
"ROA36C01","Estimated Time to Driving Test Invite at Month End","202110","2021 October","126","Kilkenny (Govt Buildings), Co. Kilkenny","Weeks","5"
"ROA36C01","Estimated Time to Driving Test Invite at Month End","202110","2021 October","127","Kilkenny (O'Loughlin Gaels), Co. Kilkenny","Weeks","5"
"ROA36C01","Estimated Time to Driving Test Invite at Month End","202110","2021 October","128","Killarney, Co. Kerry","Weeks","10"
"ROA36C01","Estimated Time to Driving Test Invite at Month End","202110","2021 October","129","Killester, Co. Dublin","Weeks","8"
"ROA36C01","Estimated Time to Driving Test Invite at Month End","202110","2021 October","130","Kilrush, Co. Clare","Weeks","12"
"ROA36C01","Estimated Time to Driving Test Invite at Month End","202110","2021 October","131","Letterkenny, Co. Donegal","Weeks","11"
"ROA36C01","Estimated Time to Driving Test Invite at Month End","202110","2021 October","132","Limerick - Castlemungret, Co. Limerick","Weeks","12"
"ROA36C01","Estimated Time to Driving Test Invite at Month End","202110","2021 October","133","Limerick - Woodview, Co. Limerick","Weeks","8"
"ROA36C01","Estimated Time to Driving Test Invite at Month End","202110","2021 October","134","Limerick (Roxboro), Co. Limerick","Weeks",""
"ROA36C01","Estimated Time to Driving Test Invite at Month End","202110","2021 October","135","Longford, Co. Longford","Weeks","17"
"ROA36C01","Estimated Time to Driving Test Invite at Month End","202110","2021 October","136","Loughrea, Co. Galway","Weeks","10"
"ROA36C01","Estimated Time to Driving Test Invite at Month End","202110","2021 October","137","Loughrea (Lough Rea Hotel & Spa), Co. Galway","Weeks","9"
"ROA36C01","Estimated Time to Driving Test Invite at Month End","202110","2021 October","138","Mallow, Co. Cork","Weeks",""
"ROA36C01","Estimated Time to Driving Test Invite at Month End","202110","2021 October","139","Mallow (Cork Racecourse Mallow), Co. Cork","Weeks","5"
"ROA36C01","Estimated Time to Driving Test Invite at Month End","202110","2021 October","140","Monaghan, Co. Monaghan","Weeks","8"
"ROA36C01","Estimated Time to Driving Test Invite at Month End","202110","2021 October","141","Mulhuddart, Co. Dublin","Weeks","23"
"ROA36C01","Estimated Time to Driving Test Invite at Month End","202110","2021 October","142","Mulhuddart (Carlton Hotel), Co. Dublin","Weeks","19"
"ROA36C01","Estimated Time to Driving Test Invite at Month End","202110","2021 October","143","Mulhuddart Maple House, Co. Dublin","Weeks",""
"ROA36C01","Estimated Time to Driving Test Invite at Month End","202110","2021 October","144","Mullingar, Co. Westmeath","Weeks","4"
"ROA36C01","Estimated Time to Driving Test Invite at Month End","202110","2021 October","145","Naas, Co. Kildare","Weeks","11"
"ROA36C01","Estimated Time to Driving Test Invite at Month End","202110","2021 October","146","Navan, Co. Meath","Weeks","8"
"ROA36C01","Estimated Time to Driving Test Invite at Month End","202110","2021 October","147","Nenagh, Co. Tipperary","Weeks","8"
"ROA36C01","Estimated Time to Driving Test Invite at Month End","202110","2021 October","148","Newcastle West, Co. Limerick","Weeks","8"
"ROA36C01","Estimated Time to Driving Test Invite at Month End","202110","2021 October","149","Newcastle West (Longcourt House Hotel), Co. Limerick","Weeks","11"
"ROA36C01","Estimated Time to Driving Test Invite at Month End","202110","2021 October","150","Portlaoise, Co. Laois","Weeks","9"
"ROA36C01","Estimated Time to Driving Test Invite at Month End","202110","2021 October","166","Portlaoise (Maldron Hotel), Co. Laois","Weeks",""
"ROA36C01","Estimated Time to Driving Test Invite at Month End","202110","2021 October","151","Raheny, Co. Dublin","Weeks","10"
"ROA36C01","Estimated Time to Driving Test Invite at Month End","202110","2021 October","152","Roscommon, Co. Roscommon","Weeks","5"
"ROA36C01","Estimated Time to Driving Test Invite at Month End","202110","2021 October","153","Shannon, Co. Clare","Weeks","7"
"ROA36C01","Estimated Time to Driving Test Invite at Month End","202110","2021 October","154","Skibbereen, Co. Cork","Weeks","3"
"ROA36C01","Estimated Time to Driving Test Invite at Month End","202110","2021 October","155","Sligo, Co. Sligo","Weeks","15"
"ROA36C01","Estimated Time to Driving Test Invite at Month End","202110","2021 October","156","Tallaght, Co. Dublin","Weeks","15"
"ROA36C01","Estimated Time to Driving Test Invite at Month End","202110","2021 October","157","Thurles, Co. Tipperary","Weeks","8"
"ROA36C01","Estimated Time to Driving Test Invite at Month End","202110","2021 October","158","Tipperary, Co. Tipperary","Weeks","6"
"ROA36C01","Estimated Time to Driving Test Invite at Month End","202110","2021 October","159","Tralee, Co. Kerry","Weeks","6"
"ROA36C01","Estimated Time to Driving Test Invite at Month End","202110","2021 October","160","Tralee (HGV's), Co. Kerry","Weeks",""
"ROA36C01","Estimated Time to Driving Test Invite at Month End","202110","2021 October","161","Tuam, Co. Galway","Weeks","12"
"ROA36C01","Estimated Time to Driving Test Invite at Month End","202110","2021 October","162","Tullamore, Co. Offaly","Weeks","19"
"ROA36C01","Estimated Time to Driving Test Invite at Month End","202110","2021 October","163","Waterford, Co. Waterford","Weeks","12"
"ROA36C01","Estimated Time to Driving Test Invite at Month End","202110","2021 October","164","Wexford, Co. Wexford","Weeks","11"
"ROA36C01","Estimated Time to Driving Test Invite at Month End","202110","2021 October","165","Wicklow, Co. Wicklow","Weeks","9"
"ROA36C01","Estimated Time to Driving Test Invite at Month End","202110","2021 October","167","Galway (Clybaun Hotel), Co. Galway","Weeks",""
"ROA36C01","Estimated Time to Driving Test Invite at Month End","202110","2021 October","168","Sandyford, Co. Dublin","Weeks",""
"ROA36C01","Estimated Time to Driving Test Invite at Month End","202110","2021 October","169","Drogheda – Southgate, Co. Louth","Weeks",""
"ROA36C01","Estimated Time to Driving Test Invite at Month End","202110","2021 October","170","Mitchelstown, Co. Cork","Weeks",""
"ROA36C01","Estimated Time to Driving Test Invite at Month End","202111","2021 November","-","All driving test centres","Weeks","7.8"
"ROA36C01","Estimated Time to Driving Test Invite at Month End","202111","2021 November","100","Athlone, Co. Westmeath","Weeks","6"
"ROA36C01","Estimated Time to Driving Test Invite at Month End","202111","2021 November","101","Ballina, Co. Mayo","Weeks","9"
"ROA36C01","Estimated Time to Driving Test Invite at Month End","202111","2021 November","102","Birr, Co. Offaly","Weeks","5"
"ROA36C01","Estimated Time to Driving Test Invite at Month End","202111","2021 November","103","Birr (County Arms Hotel), Co. Offaly","Weeks","9"
"ROA36C01","Estimated Time to Driving Test Invite at Month End","202111","2021 November","104","Buncrana, Co. Donegal","Weeks","14"
"ROA36C01","Estimated Time to Driving Test Invite at Month End","202111","2021 November","105","Carlow, Co. Carlow","Weeks",""
"ROA36C01","Estimated Time to Driving Test Invite at Month End","202111","2021 November","106","Carlow Talbot Hotel, Co. Carlow","Weeks","7"
"ROA36C01","Estimated Time to Driving Test Invite at Month End","202111","2021 November","107","Carrick On Shannon, Co. Leitrim","Weeks","8"
"ROA36C01","Estimated Time to Driving Test Invite at Month End","202111","2021 November","108","Castlebar, Co. Mayo","Weeks","9"
"ROA36C01","Estimated Time to Driving Test Invite at Month End","202111","2021 November","109","Cavan, Co. Cavan","Weeks","8"
"ROA36C01","Estimated Time to Driving Test Invite at Month End","202111","2021 November","110","Charlestown (Dublin), Co. Dublin","Weeks","4"
"ROA36C01","Estimated Time to Driving Test Invite at Month End","202111","2021 November","111","Clifden, Co. Galway","Weeks","2"
"ROA36C01","Estimated Time to Driving Test Invite at Month End","202111","2021 November","112","Clonmel, Co. Tipperary","Weeks","5"
"ROA36C01","Estimated Time to Driving Test Invite at Month End","202111","2021 November","113","Cork (Ballincollig), Co. Cork","Weeks",""
"ROA36C01","Estimated Time to Driving Test Invite at Month End","202111","2021 November","114","Cork (St. Finbarr's GAA Club Togher), Co. Cork","Weeks","7"
"ROA36C01","Estimated Time to Driving Test Invite at Month End","202111","2021 November","115","Cork (Wilton), Co. Cork","Weeks","2"
"ROA36C01","Estimated Time to Driving Test Invite at Month End","202111","2021 November","116","Donegal, Co. Donegal","Weeks","10"
"ROA36C01","Estimated Time to Driving Test Invite at Month End","202111","2021 November","117","Drogheda, Co. Louth","Weeks","23"
"ROA36C01","Estimated Time to Driving Test Invite at Month End","202111","2021 November","118","Dun Laoghaire / Deansgrange, Co. Dublin","Weeks","13"
"ROA36C01","Estimated Time to Driving Test Invite at Month End","202111","2021 November","119","Dundalk, Co. Louth","Weeks","3"
"ROA36C01","Estimated Time to Driving Test Invite at Month End","202111","2021 November","120","Dungarvan, Co. Waterford","Weeks","5"
"ROA36C01","Estimated Time to Driving Test Invite at Month End","202111","2021 November","121","Ennis, Co. Clare","Weeks","7"
"ROA36C01","Estimated Time to Driving Test Invite at Month End","202111","2021 November","122","Finglas, Co. Dublin","Weeks","8"
"ROA36C01","Estimated Time to Driving Test Invite at Month End","202111","2021 November","123","Galway (Carnmore), Co. Galway","Weeks","12"
"ROA36C01","Estimated Time to Driving Test Invite at Month End","202111","2021 November","124","Galway (Westside), Co. Galway","Weeks","8"
"ROA36C01","Estimated Time to Driving Test Invite at Month End","202111","2021 November","125","Gorey, Co. Wexford","Weeks","7"
"ROA36C01","Estimated Time to Driving Test Invite at Month End","202111","2021 November","126","Kilkenny (Govt Buildings), Co. Kilkenny","Weeks","7"
"ROA36C01","Estimated Time to Driving Test Invite at Month End","202111","2021 November","127","Kilkenny (O'Loughlin Gaels), Co. Kilkenny","Weeks","7"
"ROA36C01","Estimated Time to Driving Test Invite at Month End","202111","2021 November","128","Killarney, Co. Kerry","Weeks","6"
"ROA36C01","Estimated Time to Driving Test Invite at Month End","202111","2021 November","129","Killester, Co. Dublin","Weeks","9"
"ROA36C01","Estimated Time to Driving Test Invite at Month End","202111","2021 November","130","Kilrush, Co. Clare","Weeks","8"
"ROA36C01","Estimated Time to Driving Test Invite at Month End","202111","2021 November","131","Letterkenny, Co. Donegal","Weeks","9"
"ROA36C01","Estimated Time to Driving Test Invite at Month End","202111","2021 November","132","Limerick - Castlemungret, Co. Limerick","Weeks","9"
"ROA36C01","Estimated Time to Driving Test Invite at Month End","202111","2021 November","133","Limerick - Woodview, Co. Limerick","Weeks","8"
"ROA36C01","Estimated Time to Driving Test Invite at Month End","202111","2021 November","134","Limerick (Roxboro), Co. Limerick","Weeks",""
"ROA36C01","Estimated Time to Driving Test Invite at Month End","202111","2021 November","135","Longford, Co. Longford","Weeks","15"
"ROA36C01","Estimated Time to Driving Test Invite at Month End","202111","2021 November","136","Loughrea, Co. Galway","Weeks","6"
"ROA36C01","Estimated Time to Driving Test Invite at Month End","202111","2021 November","137","Loughrea (Lough Rea Hotel & Spa), Co. Galway","Weeks","5"
"ROA36C01","Estimated Time to Driving Test Invite at Month End","202111","2021 November","138","Mallow, Co. Cork","Weeks",""
"ROA36C01","Estimated Time to Driving Test Invite at Month End","202111","2021 November","139","Mallow (Cork Racecourse Mallow), Co. Cork","Weeks","6"
"ROA36C01","Estimated Time to Driving Test Invite at Month End","202111","2021 November","140","Monaghan, Co. Monaghan","Weeks","3"
"ROA36C01","Estimated Time to Driving Test Invite at Month End","202111","2021 November","141","Mulhuddart, Co. Dublin","Weeks","18"
"ROA36C01","Estimated Time to Driving Test Invite at Month End","202111","2021 November","142","Mulhuddart (Carlton Hotel), Co. Dublin","Weeks","14"
"ROA36C01","Estimated Time to Driving Test Invite at Month End","202111","2021 November","143","Mulhuddart Maple House, Co. Dublin","Weeks",""
"ROA36C01","Estimated Time to Driving Test Invite at Month End","202111","2021 November","144","Mullingar, Co. Westmeath","Weeks","3"
"ROA36C01","Estimated Time to Driving Test Invite at Month End","202111","2021 November","145","Naas, Co. Kildare","Weeks","8"
"ROA36C01","Estimated Time to Driving Test Invite at Month End","202111","2021 November","146","Navan, Co. Meath","Weeks","10"
"ROA36C01","Estimated Time to Driving Test Invite at Month End","202111","2021 November","147","Nenagh, Co. Tipperary","Weeks","7"
"ROA36C01","Estimated Time to Driving Test Invite at Month End","202111","2021 November","148","Newcastle West, Co. Limerick","Weeks","5"
"ROA36C01","Estimated Time to Driving Test Invite at Month End","202111","2021 November","149","Newcastle West (Longcourt House Hotel), Co. Limerick","Weeks","7"
"ROA36C01","Estimated Time to Driving Test Invite at Month End","202111","2021 November","150","Portlaoise, Co. Laois","Weeks","9"
"ROA36C01","Estimated Time to Driving Test Invite at Month End","202111","2021 November","166","Portlaoise (Maldron Hotel), Co. Laois","Weeks",""
"ROA36C01","Estimated Time to Driving Test Invite at Month End","202111","2021 November","151","Raheny, Co. Dublin","Weeks","9"
"ROA36C01","Estimated Time to Driving Test Invite at Month End","202111","2021 November","152","Roscommon, Co. Roscommon","Weeks","5"
"ROA36C01","Estimated Time to Driving Test Invite at Month End","202111","2021 November","153","Shannon, Co. Clare","Weeks","3"
"ROA36C01","Estimated Time to Driving Test Invite at Month End","202111","2021 November","154","Skibbereen, Co. Cork","Weeks","3"
"ROA36C01","Estimated Time to Driving Test Invite at Month End","202111","2021 November","155","Sligo, Co. Sligo","Weeks","10"
"ROA36C01","Estimated Time to Driving Test Invite at Month End","202111","2021 November","156","Tallaght, Co. Dublin","Weeks","12"
"ROA36C01","Estimated Time to Driving Test Invite at Month End","202111","2021 November","157","Thurles, Co. Tipperary","Weeks","5"
"ROA36C01","Estimated Time to Driving Test Invite at Month End","202111","2021 November","158","Tipperary, Co. Tipperary","Weeks","3"
"ROA36C01","Estimated Time to Driving Test Invite at Month End","202111","2021 November","159","Tralee, Co. Kerry","Weeks","7"
"ROA36C01","Estimated Time to Driving Test Invite at Month End","202111","2021 November","160","Tralee (HGV's), Co. Kerry","Weeks",""
"ROA36C01","Estimated Time to Driving Test Invite at Month End","202111","2021 November","161","Tuam, Co. Galway","Weeks","6"
"ROA36C01","Estimated Time to Driving Test Invite at Month End","202111","2021 November","162","Tullamore, Co. Offaly","Weeks","13"
"ROA36C01","Estimated Time to Driving Test Invite at Month End","202111","2021 November","163","Waterford, Co. Waterford","Weeks","7"
"ROA36C01","Estimated Time to Driving Test Invite at Month End","202111","2021 November","164","Wexford, Co. Wexford","Weeks","9"
"ROA36C01","Estimated Time to Driving Test Invite at Month End","202111","2021 November","165","Wicklow, Co. Wicklow","Weeks","5"
"ROA36C01","Estimated Time to Driving Test Invite at Month End","202111","2021 November","167","Galway (Clybaun Hotel), Co. Galway","Weeks",""
"ROA36C01","Estimated Time to Driving Test Invite at Month End","202111","2021 November","168","Sandyford, Co. Dublin","Weeks",""
"ROA36C01","Estimated Time to Driving Test Invite at Month End","202111","2021 November","169","Drogheda – Southgate, Co. Louth","Weeks",""
"ROA36C01","Estimated Time to Driving Test Invite at Month End","202111","2021 November","170","Mitchelstown, Co. Cork","Weeks",""
"ROA36C01","Estimated Time to Driving Test Invite at Month End","202112","2021 December","-","All driving test centres","Weeks","7.8"
"ROA36C01","Estimated Time to Driving Test Invite at Month End","202112","2021 December","100","Athlone, Co. Westmeath","Weeks","7"
"ROA36C01","Estimated Time to Driving Test Invite at Month End","202112","2021 December","101","Ballina, Co. Mayo","Weeks","7"
"ROA36C01","Estimated Time to Driving Test Invite at Month End","202112","2021 December","102","Birr, Co. Offaly","Weeks","6"
"ROA36C01","Estimated Time to Driving Test Invite at Month End","202112","2021 December","103","Birr (County Arms Hotel), Co. Offaly","Weeks","3"
"ROA36C01","Estimated Time to Driving Test Invite at Month End","202112","2021 December","104","Buncrana, Co. Donegal","Weeks","9"
"ROA36C01","Estimated Time to Driving Test Invite at Month End","202112","2021 December","105","Carlow, Co. Carlow","Weeks",""
"ROA36C01","Estimated Time to Driving Test Invite at Month End","202112","2021 December","106","Carlow Talbot Hotel, Co. Carlow","Weeks","7"
"ROA36C01","Estimated Time to Driving Test Invite at Month End","202112","2021 December","107","Carrick On Shannon, Co. Leitrim","Weeks","9"
"ROA36C01","Estimated Time to Driving Test Invite at Month End","202112","2021 December","108","Castlebar, Co. Mayo","Weeks","6"
"ROA36C01","Estimated Time to Driving Test Invite at Month End","202112","2021 December","109","Cavan, Co. Cavan","Weeks","8"
"ROA36C01","Estimated Time to Driving Test Invite at Month End","202112","2021 December","110","Charlestown (Dublin), Co. Dublin","Weeks","6"
"ROA36C01","Estimated Time to Driving Test Invite at Month End","202112","2021 December","111","Clifden, Co. Galway","Weeks","6"
"ROA36C01","Estimated Time to Driving Test Invite at Month End","202112","2021 December","112","Clonmel, Co. Tipperary","Weeks","6"
"ROA36C01","Estimated Time to Driving Test Invite at Month End","202112","2021 December","113","Cork (Ballincollig), Co. Cork","Weeks",""
"ROA36C01","Estimated Time to Driving Test Invite at Month End","202112","2021 December","114","Cork (St. Finbarr's GAA Club Togher), Co. Cork","Weeks","7"
"ROA36C01","Estimated Time to Driving Test Invite at Month End","202112","2021 December","115","Cork (Wilton), Co. Cork","Weeks","7"
"ROA36C01","Estimated Time to Driving Test Invite at Month End","202112","2021 December","116","Donegal, Co. Donegal","Weeks","13"
"ROA36C01","Estimated Time to Driving Test Invite at Month End","202112","2021 December","117","Drogheda, Co. Louth","Weeks","18"
"ROA36C01","Estimated Time to Driving Test Invite at Month End","202112","2021 December","118","Dun Laoghaire / Deansgrange, Co. Dublin","Weeks","12"
"ROA36C01","Estimated Time to Driving Test Invite at Month End","202112","2021 December","119","Dundalk, Co. Louth","Weeks","6"
"ROA36C01","Estimated Time to Driving Test Invite at Month End","202112","2021 December","120","Dungarvan, Co. Waterford","Weeks","4"
"ROA36C01","Estimated Time to Driving Test Invite at Month End","202112","2021 December","121","Ennis, Co. Clare","Weeks","4"
"ROA36C01","Estimated Time to Driving Test Invite at Month End","202112","2021 December","122","Finglas, Co. Dublin","Weeks","4"
"ROA36C01","Estimated Time to Driving Test Invite at Month End","202112","2021 December","123","Galway (Carnmore), Co. Galway","Weeks","12"
"ROA36C01","Estimated Time to Driving Test Invite at Month End","202112","2021 December","124","Galway (Westside), Co. Galway","Weeks","8"
"ROA36C01","Estimated Time to Driving Test Invite at Month End","202112","2021 December","125","Gorey, Co. Wexford","Weeks","6"
"ROA36C01","Estimated Time to Driving Test Invite at Month End","202112","2021 December","126","Kilkenny (Govt Buildings), Co. Kilkenny","Weeks","6"
"ROA36C01","Estimated Time to Driving Test Invite at Month End","202112","2021 December","127","Kilkenny (O'Loughlin Gaels), Co. Kilkenny","Weeks","5"
"ROA36C01","Estimated Time to Driving Test Invite at Month End","202112","2021 December","128","Killarney, Co. Kerry","Weeks","5"
"ROA36C01","Estimated Time to Driving Test Invite at Month End","202112","2021 December","129","Killester, Co. Dublin","Weeks","10"
"ROA36C01","Estimated Time to Driving Test Invite at Month End","202112","2021 December","130","Kilrush, Co. Clare","Weeks","7"
"ROA36C01","Estimated Time to Driving Test Invite at Month End","202112","2021 December","131","Letterkenny, Co. Donegal","Weeks","8"
"ROA36C01","Estimated Time to Driving Test Invite at Month End","202112","2021 December","132","Limerick - Castlemungret, Co. Limerick","Weeks","6"
"ROA36C01","Estimated Time to Driving Test Invite at Month End","202112","2021 December","133","Limerick - Woodview, Co. Limerick","Weeks","4"
"ROA36C01","Estimated Time to Driving Test Invite at Month End","202112","2021 December","134","Limerick (Roxboro), Co. Limerick","Weeks",""
"ROA36C01","Estimated Time to Driving Test Invite at Month End","202112","2021 December","135","Longford, Co. Longford","Weeks","17"
"ROA36C01","Estimated Time to Driving Test Invite at Month End","202112","2021 December","136","Loughrea, Co. Galway","Weeks","7"
"ROA36C01","Estimated Time to Driving Test Invite at Month End","202112","2021 December","137","Loughrea (Lough Rea Hotel & Spa), Co. Galway","Weeks","7"
"ROA36C01","Estimated Time to Driving Test Invite at Month End","202112","2021 December","138","Mallow, Co. Cork","Weeks",""
"ROA36C01","Estimated Time to Driving Test Invite at Month End","202112","2021 December","139","Mallow (Cork Racecourse Mallow), Co. Cork","Weeks","6"
"ROA36C01","Estimated Time to Driving Test Invite at Month End","202112","2021 December","140","Monaghan, Co. Monaghan","Weeks","5"
"ROA36C01","Estimated Time to Driving Test Invite at Month End","202112","2021 December","141","Mulhuddart, Co. Dublin","Weeks","20"
"ROA36C01","Estimated Time to Driving Test Invite at Month End","202112","2021 December","142","Mulhuddart (Carlton Hotel), Co. Dublin","Weeks","13"
"ROA36C01","Estimated Time to Driving Test Invite at Month End","202112","2021 December","143","Mulhuddart Maple House, Co. Dublin","Weeks",""
"ROA36C01","Estimated Time to Driving Test Invite at Month End","202112","2021 December","144","Mullingar, Co. Westmeath","Weeks","6"
"ROA36C01","Estimated Time to Driving Test Invite at Month End","202112","2021 December","145","Naas, Co. Kildare","Weeks","6"
"ROA36C01","Estimated Time to Driving Test Invite at Month End","202112","2021 December","146","Navan, Co. Meath","Weeks","7"
"ROA36C01","Estimated Time to Driving Test Invite at Month End","202112","2021 December","147","Nenagh, Co. Tipperary","Weeks","6"
"ROA36C01","Estimated Time to Driving Test Invite at Month End","202112","2021 December","148","Newcastle West, Co. Limerick","Weeks","8"
"ROA36C01","Estimated Time to Driving Test Invite at Month End","202112","2021 December","149","Newcastle West (Longcourt House Hotel), Co. Limerick","Weeks","7"
"ROA36C01","Estimated Time to Driving Test Invite at Month End","202112","2021 December","150","Portlaoise, Co. Laois","Weeks","12"
"ROA36C01","Estimated Time to Driving Test Invite at Month End","202112","2021 December","166","Portlaoise (Maldron Hotel), Co. Laois","Weeks",""
"ROA36C01","Estimated Time to Driving Test Invite at Month End","202112","2021 December","151","Raheny, Co. Dublin","Weeks","7"
"ROA36C01","Estimated Time to Driving Test Invite at Month End","202112","2021 December","152","Roscommon, Co. Roscommon","Weeks","6"
"ROA36C01","Estimated Time to Driving Test Invite at Month End","202112","2021 December","153","Shannon, Co. Clare","Weeks","5"
"ROA36C01","Estimated Time to Driving Test Invite at Month End","202112","2021 December","154","Skibbereen, Co. Cork","Weeks","7"
"ROA36C01","Estimated Time to Driving Test Invite at Month End","202112","2021 December","155","Sligo, Co. Sligo","Weeks","9"
"ROA36C01","Estimated Time to Driving Test Invite at Month End","202112","2021 December","156","Tallaght, Co. Dublin","Weeks","13"
"ROA36C01","Estimated Time to Driving Test Invite at Month End","202112","2021 December","157","Thurles, Co. Tipperary","Weeks","6"
"ROA36C01","Estimated Time to Driving Test Invite at Month End","202112","2021 December","158","Tipperary, Co. Tipperary","Weeks","7"
"ROA36C01","Estimated Time to Driving Test Invite at Month End","202112","2021 December","159","Tralee, Co. Kerry","Weeks","7"
"ROA36C01","Estimated Time to Driving Test Invite at Month End","202112","2021 December","160","Tralee (HGV's), Co. Kerry","Weeks",""
"ROA36C01","Estimated Time to Driving Test Invite at Month End","202112","2021 December","161","Tuam, Co. Galway","Weeks","7"
"ROA36C01","Estimated Time to Driving Test Invite at Month End","202112","2021 December","162","Tullamore, Co. Offaly","Weeks","12"
"ROA36C01","Estimated Time to Driving Test Invite at Month End","202112","2021 December","163","Waterford, Co. Waterford","Weeks","5"
"ROA36C01","Estimated Time to Driving Test Invite at Month End","202112","2021 December","164","Wexford, Co. Wexford","Weeks","8"
"ROA36C01","Estimated Time to Driving Test Invite at Month End","202112","2021 December","165","Wicklow, Co. Wicklow","Weeks","7"
"ROA36C01","Estimated Time to Driving Test Invite at Month End","202112","2021 December","167","Galway (Clybaun Hotel), Co. Galway","Weeks",""
"ROA36C01","Estimated Time to Driving Test Invite at Month End","202112","2021 December","168","Sandyford, Co. Dublin","Weeks",""
"ROA36C01","Estimated Time to Driving Test Invite at Month End","202112","2021 December","169","Drogheda – Southgate, Co. Louth","Weeks",""
"ROA36C01","Estimated Time to Driving Test Invite at Month End","202112","2021 December","170","Mitchelstown, Co. Cork","Weeks",""
"ROA36C01","Estimated Time to Driving Test Invite at Month End","202201","2022 January","-","All driving test centres","Weeks","6.9"
"ROA36C01","Estimated Time to Driving Test Invite at Month End","202201","2022 January","100","Athlone, Co. Westmeath","Weeks","6"
"ROA36C01","Estimated Time to Driving Test Invite at Month End","202201","2022 January","101","Ballina, Co. Mayo","Weeks","6"
"ROA36C01","Estimated Time to Driving Test Invite at Month End","202201","2022 January","102","Birr, Co. Offaly","Weeks","6"
"ROA36C01","Estimated Time to Driving Test Invite at Month End","202201","2022 January","103","Birr (County Arms Hotel), Co. Offaly","Weeks","3"
"ROA36C01","Estimated Time to Driving Test Invite at Month End","202201","2022 January","104","Buncrana, Co. Donegal","Weeks","11"
"ROA36C01","Estimated Time to Driving Test Invite at Month End","202201","2022 January","105","Carlow, Co. Carlow","Weeks",""
"ROA36C01","Estimated Time to Driving Test Invite at Month End","202201","2022 January","106","Carlow Talbot Hotel, Co. Carlow","Weeks","7"
"ROA36C01","Estimated Time to Driving Test Invite at Month End","202201","2022 January","107","Carrick On Shannon, Co. Leitrim","Weeks","6"
"ROA36C01","Estimated Time to Driving Test Invite at Month End","202201","2022 January","108","Castlebar, Co. Mayo","Weeks","4"
"ROA36C01","Estimated Time to Driving Test Invite at Month End","202201","2022 January","109","Cavan, Co. Cavan","Weeks","4"
"ROA36C01","Estimated Time to Driving Test Invite at Month End","202201","2022 January","110","Charlestown (Dublin), Co. Dublin","Weeks","6"
"ROA36C01","Estimated Time to Driving Test Invite at Month End","202201","2022 January","111","Clifden, Co. Galway","Weeks","5"
"ROA36C01","Estimated Time to Driving Test Invite at Month End","202201","2022 January","112","Clonmel, Co. Tipperary","Weeks","5"
"ROA36C01","Estimated Time to Driving Test Invite at Month End","202201","2022 January","113","Cork (Ballincollig), Co. Cork","Weeks",""
"ROA36C01","Estimated Time to Driving Test Invite at Month End","202201","2022 January","114","Cork (St. Finbarr's GAA Club Togher), Co. Cork","Weeks","8"
"ROA36C01","Estimated Time to Driving Test Invite at Month End","202201","2022 January","115","Cork (Wilton), Co. Cork","Weeks","6"
"ROA36C01","Estimated Time to Driving Test Invite at Month End","202201","2022 January","116","Donegal, Co. Donegal","Weeks","7"
"ROA36C01","Estimated Time to Driving Test Invite at Month End","202201","2022 January","117","Drogheda, Co. Louth","Weeks","18"
"ROA36C01","Estimated Time to Driving Test Invite at Month End","202201","2022 January","118","Dun Laoghaire / Deansgrange, Co. Dublin","Weeks","7"
"ROA36C01","Estimated Time to Driving Test Invite at Month End","202201","2022 January","119","Dundalk, Co. Louth","Weeks","8"
"ROA36C01","Estimated Time to Driving Test Invite at Month End","202201","2022 January","120","Dungarvan, Co. Waterford","Weeks","3"
"ROA36C01","Estimated Time to Driving Test Invite at Month End","202201","2022 January","121","Ennis, Co. Clare","Weeks","7"
"ROA36C01","Estimated Time to Driving Test Invite at Month End","202201","2022 January","122","Finglas, Co. Dublin","Weeks","4"
"ROA36C01","Estimated Time to Driving Test Invite at Month End","202201","2022 January","123","Galway (Carnmore), Co. Galway","Weeks","13"
"ROA36C01","Estimated Time to Driving Test Invite at Month End","202201","2022 January","124","Galway (Westside), Co. Galway","Weeks","4"
"ROA36C01","Estimated Time to Driving Test Invite at Month End","202201","2022 January","125","Gorey, Co. Wexford","Weeks","7"
"ROA36C01","Estimated Time to Driving Test Invite at Month End","202201","2022 January","126","Kilkenny (Govt Buildings), Co. Kilkenny","Weeks","6"
"ROA36C01","Estimated Time to Driving Test Invite at Month End","202201","2022 January","127","Kilkenny (O'Loughlin Gaels), Co. Kilkenny","Weeks","6"
"ROA36C01","Estimated Time to Driving Test Invite at Month End","202201","2022 January","128","Killarney, Co. Kerry","Weeks","7"
"ROA36C01","Estimated Time to Driving Test Invite at Month End","202201","2022 January","129","Killester, Co. Dublin","Weeks","14"
"ROA36C01","Estimated Time to Driving Test Invite at Month End","202201","2022 January","130","Kilrush, Co. Clare","Weeks","3"
"ROA36C01","Estimated Time to Driving Test Invite at Month End","202201","2022 January","131","Letterkenny, Co. Donegal","Weeks","8"
"ROA36C01","Estimated Time to Driving Test Invite at Month End","202201","2022 January","132","Limerick - Castlemungret, Co. Limerick","Weeks","4"
"ROA36C01","Estimated Time to Driving Test Invite at Month End","202201","2022 January","133","Limerick - Woodview, Co. Limerick","Weeks","3"
"ROA36C01","Estimated Time to Driving Test Invite at Month End","202201","2022 January","134","Limerick (Roxboro), Co. Limerick","Weeks",""
"ROA36C01","Estimated Time to Driving Test Invite at Month End","202201","2022 January","135","Longford, Co. Longford","Weeks","13"
"ROA36C01","Estimated Time to Driving Test Invite at Month End","202201","2022 January","136","Loughrea, Co. Galway","Weeks","6"
"ROA36C01","Estimated Time to Driving Test Invite at Month End","202201","2022 January","137","Loughrea (Lough Rea Hotel & Spa), Co. Galway","Weeks","7"
"ROA36C01","Estimated Time to Driving Test Invite at Month End","202201","2022 January","138","Mallow, Co. Cork","Weeks",""
"ROA36C01","Estimated Time to Driving Test Invite at Month End","202201","2022 January","139","Mallow (Cork Racecourse Mallow), Co. Cork","Weeks","7"
"ROA36C01","Estimated Time to Driving Test Invite at Month End","202201","2022 January","140","Monaghan, Co. Monaghan","Weeks","5"
"ROA36C01","Estimated Time to Driving Test Invite at Month End","202201","2022 January","141","Mulhuddart, Co. Dublin","Weeks","15"
"ROA36C01","Estimated Time to Driving Test Invite at Month End","202201","2022 January","142","Mulhuddart (Carlton Hotel), Co. Dublin","Weeks","15"
"ROA36C01","Estimated Time to Driving Test Invite at Month End","202201","2022 January","143","Mulhuddart Maple House, Co. Dublin","Weeks",""
"ROA36C01","Estimated Time to Driving Test Invite at Month End","202201","2022 January","144","Mullingar, Co. Westmeath","Weeks","6"
"ROA36C01","Estimated Time to Driving Test Invite at Month End","202201","2022 January","145","Naas, Co. Kildare","Weeks","7"
"ROA36C01","Estimated Time to Driving Test Invite at Month End","202201","2022 January","146","Navan, Co. Meath","Weeks","7"
"ROA36C01","Estimated Time to Driving Test Invite at Month End","202201","2022 January","147","Nenagh, Co. Tipperary","Weeks","6"
"ROA36C01","Estimated Time to Driving Test Invite at Month End","202201","2022 January","148","Newcastle West, Co. Limerick","Weeks","6"
"ROA36C01","Estimated Time to Driving Test Invite at Month End","202201","2022 January","149","Newcastle West (Longcourt House Hotel), Co. Limerick","Weeks","5"
"ROA36C01","Estimated Time to Driving Test Invite at Month End","202201","2022 January","150","Portlaoise, Co. Laois","Weeks","10"
"ROA36C01","Estimated Time to Driving Test Invite at Month End","202201","2022 January","166","Portlaoise (Maldron Hotel), Co. Laois","Weeks",""
"ROA36C01","Estimated Time to Driving Test Invite at Month End","202201","2022 January","151","Raheny, Co. Dublin","Weeks","3"
"ROA36C01","Estimated Time to Driving Test Invite at Month End","202201","2022 January","152","Roscommon, Co. Roscommon","Weeks","5"
"ROA36C01","Estimated Time to Driving Test Invite at Month End","202201","2022 January","153","Shannon, Co. Clare","Weeks","5"
"ROA36C01","Estimated Time to Driving Test Invite at Month End","202201","2022 January","154","Skibbereen, Co. Cork","Weeks","6"
"ROA36C01","Estimated Time to Driving Test Invite at Month End","202201","2022 January","155","Sligo, Co. Sligo","Weeks","5"
"ROA36C01","Estimated Time to Driving Test Invite at Month End","202201","2022 January","156","Tallaght, Co. Dublin","Weeks","13"
"ROA36C01","Estimated Time to Driving Test Invite at Month End","202201","2022 January","157","Thurles, Co. Tipperary","Weeks","7"
"ROA36C01","Estimated Time to Driving Test Invite at Month End","202201","2022 January","158","Tipperary, Co. Tipperary","Weeks","7"
"ROA36C01","Estimated Time to Driving Test Invite at Month End","202201","2022 January","159","Tralee, Co. Kerry","Weeks","7"
"ROA36C01","Estimated Time to Driving Test Invite at Month End","202201","2022 January","160","Tralee (HGV's), Co. Kerry","Weeks",""
"ROA36C01","Estimated Time to Driving Test Invite at Month End","202201","2022 January","161","Tuam, Co. Galway","Weeks","5"
"ROA36C01","Estimated Time to Driving Test Invite at Month End","202201","2022 January","162","Tullamore, Co. Offaly","Weeks","8"
"ROA36C01","Estimated Time to Driving Test Invite at Month End","202201","2022 January","163","Waterford, Co. Waterford","Weeks","3"
"ROA36C01","Estimated Time to Driving Test Invite at Month End","202201","2022 January","164","Wexford, Co. Wexford","Weeks","7"
"ROA36C01","Estimated Time to Driving Test Invite at Month End","202201","2022 January","165","Wicklow, Co. Wicklow","Weeks","5"
"ROA36C01","Estimated Time to Driving Test Invite at Month End","202201","2022 January","167","Galway (Clybaun Hotel), Co. Galway","Weeks",""
"ROA36C01","Estimated Time to Driving Test Invite at Month End","202201","2022 January","168","Sandyford, Co. Dublin","Weeks",""
"ROA36C01","Estimated Time to Driving Test Invite at Month End","202201","2022 January","169","Drogheda – Southgate, Co. Louth","Weeks",""
"ROA36C01","Estimated Time to Driving Test Invite at Month End","202201","2022 January","170","Mitchelstown, Co. Cork","Weeks",""
"ROA36C01","Estimated Time to Driving Test Invite at Month End","202202","2022 February","-","All driving test centres","Weeks","5.2"
"ROA36C01","Estimated Time to Driving Test Invite at Month End","202202","2022 February","100","Athlone, Co. Westmeath","Weeks","6"
"ROA36C01","Estimated Time to Driving Test Invite at Month End","202202","2022 February","101","Ballina, Co. Mayo","Weeks","5"
"ROA36C01","Estimated Time to Driving Test Invite at Month End","202202","2022 February","102","Birr, Co. Offaly","Weeks","5"
"ROA36C01","Estimated Time to Driving Test Invite at Month End","202202","2022 February","103","Birr (County Arms Hotel), Co. Offaly","Weeks","3"
"ROA36C01","Estimated Time to Driving Test Invite at Month End","202202","2022 February","104","Buncrana, Co. Donegal","Weeks","9"
"ROA36C01","Estimated Time to Driving Test Invite at Month End","202202","2022 February","105","Carlow, Co. Carlow","Weeks",""
"ROA36C01","Estimated Time to Driving Test Invite at Month End","202202","2022 February","106","Carlow Talbot Hotel, Co. Carlow","Weeks","6"
"ROA36C01","Estimated Time to Driving Test Invite at Month End","202202","2022 February","107","Carrick On Shannon, Co. Leitrim","Weeks","4"
"ROA36C01","Estimated Time to Driving Test Invite at Month End","202202","2022 February","108","Castlebar, Co. Mayo","Weeks","3"
"ROA36C01","Estimated Time to Driving Test Invite at Month End","202202","2022 February","109","Cavan, Co. Cavan","Weeks","3"
"ROA36C01","Estimated Time to Driving Test Invite at Month End","202202","2022 February","110","Charlestown (Dublin), Co. Dublin","Weeks","6"
"ROA36C01","Estimated Time to Driving Test Invite at Month End","202202","2022 February","111","Clifden, Co. Galway","Weeks","4"
"ROA36C01","Estimated Time to Driving Test Invite at Month End","202202","2022 February","112","Clonmel, Co. Tipperary","Weeks","5"
"ROA36C01","Estimated Time to Driving Test Invite at Month End","202202","2022 February","113","Cork (Ballincollig), Co. Cork","Weeks",""
"ROA36C01","Estimated Time to Driving Test Invite at Month End","202202","2022 February","114","Cork (St. Finbarr's GAA Club Togher), Co. Cork","Weeks","4"
"ROA36C01","Estimated Time to Driving Test Invite at Month End","202202","2022 February","115","Cork (Wilton), Co. Cork","Weeks","6"
"ROA36C01","Estimated Time to Driving Test Invite at Month End","202202","2022 February","116","Donegal, Co. Donegal","Weeks","9"
"ROA36C01","Estimated Time to Driving Test Invite at Month End","202202","2022 February","117","Drogheda, Co. Louth","Weeks","10"
"ROA36C01","Estimated Time to Driving Test Invite at Month End","202202","2022 February","118","Dun Laoghaire / Deansgrange, Co. Dublin","Weeks","3"
"ROA36C01","Estimated Time to Driving Test Invite at Month End","202202","2022 February","119","Dundalk, Co. Louth","Weeks","6"
"ROA36C01","Estimated Time to Driving Test Invite at Month End","202202","2022 February","120","Dungarvan, Co. Waterford","Weeks","4"
"ROA36C01","Estimated Time to Driving Test Invite at Month End","202202","2022 February","121","Ennis, Co. Clare","Weeks","5"
"ROA36C01","Estimated Time to Driving Test Invite at Month End","202202","2022 February","122","Finglas, Co. Dublin","Weeks","3"
"ROA36C01","Estimated Time to Driving Test Invite at Month End","202202","2022 February","123","Galway (Carnmore), Co. Galway","Weeks","7"
"ROA36C01","Estimated Time to Driving Test Invite at Month End","202202","2022 February","124","Galway (Westside), Co. Galway","Weeks","3"
"ROA36C01","Estimated Time to Driving Test Invite at Month End","202202","2022 February","125","Gorey, Co. Wexford","Weeks","5"
"ROA36C01","Estimated Time to Driving Test Invite at Month End","202202","2022 February","126","Kilkenny (Govt Buildings), Co. Kilkenny","Weeks","6"
"ROA36C01","Estimated Time to Driving Test Invite at Month End","202202","2022 February","127","Kilkenny (O'Loughlin Gaels), Co. Kilkenny","Weeks","5"
"ROA36C01","Estimated Time to Driving Test Invite at Month End","202202","2022 February","128","Killarney, Co. Kerry","Weeks","3"
"ROA36C01","Estimated Time to Driving Test Invite at Month End","202202","2022 February","129","Killester, Co. Dublin","Weeks","14"
"ROA36C01","Estimated Time to Driving Test Invite at Month End","202202","2022 February","130","Kilrush, Co. Clare","Weeks","3"
"ROA36C01","Estimated Time to Driving Test Invite at Month End","202202","2022 February","131","Letterkenny, Co. Donegal","Weeks","4"
"ROA36C01","Estimated Time to Driving Test Invite at Month End","202202","2022 February","132","Limerick - Castlemungret, Co. Limerick","Weeks","3"
"ROA36C01","Estimated Time to Driving Test Invite at Month End","202202","2022 February","133","Limerick - Woodview, Co. Limerick","Weeks","3"
"ROA36C01","Estimated Time to Driving Test Invite at Month End","202202","2022 February","134","Limerick (Roxboro), Co. Limerick","Weeks",""
"ROA36C01","Estimated Time to Driving Test Invite at Month End","202202","2022 February","135","Longford, Co. Longford","Weeks","9"
"ROA36C01","Estimated Time to Driving Test Invite at Month End","202202","2022 February","136","Loughrea, Co. Galway","Weeks","5"
"ROA36C01","Estimated Time to Driving Test Invite at Month End","202202","2022 February","137","Loughrea (Lough Rea Hotel & Spa), Co. Galway","Weeks","7"
"ROA36C01","Estimated Time to Driving Test Invite at Month End","202202","2022 February","138","Mallow, Co. Cork","Weeks",""
"ROA36C01","Estimated Time to Driving Test Invite at Month End","202202","2022 February","139","Mallow (Cork Racecourse Mallow), Co. Cork","Weeks","6"
"ROA36C01","Estimated Time to Driving Test Invite at Month End","202202","2022 February","140","Monaghan, Co. Monaghan","Weeks","4"
"ROA36C01","Estimated Time to Driving Test Invite at Month End","202202","2022 February","141","Mulhuddart, Co. Dublin","Weeks","9"
"ROA36C01","Estimated Time to Driving Test Invite at Month End","202202","2022 February","142","Mulhuddart (Carlton Hotel), Co. Dublin","Weeks","8"
"ROA36C01","Estimated Time to Driving Test Invite at Month End","202202","2022 February","143","Mulhuddart Maple House, Co. Dublin","Weeks",""
"ROA36C01","Estimated Time to Driving Test Invite at Month End","202202","2022 February","144","Mullingar, Co. Westmeath","Weeks","5"
"ROA36C01","Estimated Time to Driving Test Invite at Month End","202202","2022 February","145","Naas, Co. Kildare","Weeks","3"
"ROA36C01","Estimated Time to Driving Test Invite at Month End","202202","2022 February","146","Navan, Co. Meath","Weeks","3"
"ROA36C01","Estimated Time to Driving Test Invite at Month End","202202","2022 February","147","Nenagh, Co. Tipperary","Weeks","3"
"ROA36C01","Estimated Time to Driving Test Invite at Month End","202202","2022 February","148","Newcastle West, Co. Limerick","Weeks","8"
"ROA36C01","Estimated Time to Driving Test Invite at Month End","202202","2022 February","149","Newcastle West (Longcourt House Hotel), Co. Limerick","Weeks","5"
"ROA36C01","Estimated Time to Driving Test Invite at Month End","202202","2022 February","150","Portlaoise, Co. Laois","Weeks","5"
"ROA36C01","Estimated Time to Driving Test Invite at Month End","202202","2022 February","166","Portlaoise (Maldron Hotel), Co. Laois","Weeks",""
"ROA36C01","Estimated Time to Driving Test Invite at Month End","202202","2022 February","151","Raheny, Co. Dublin","Weeks","3"
"ROA36C01","Estimated Time to Driving Test Invite at Month End","202202","2022 February","152","Roscommon, Co. Roscommon","Weeks","5"
"ROA36C01","Estimated Time to Driving Test Invite at Month End","202202","2022 February","153","Shannon, Co. Clare","Weeks","4"
"ROA36C01","Estimated Time to Driving Test Invite at Month End","202202","2022 February","154","Skibbereen, Co. Cork","Weeks","6"
"ROA36C01","Estimated Time to Driving Test Invite at Month End","202202","2022 February","155","Sligo, Co. Sligo","Weeks","3"
"ROA36C01","Estimated Time to Driving Test Invite at Month End","202202","2022 February","156","Tallaght, Co. Dublin","Weeks","9"
"ROA36C01","Estimated Time to Driving Test Invite at Month End","202202","2022 February","157","Thurles, Co. Tipperary","Weeks","5"
"ROA36C01","Estimated Time to Driving Test Invite at Month End","202202","2022 February","158","Tipperary, Co. Tipperary","Weeks","6"
"ROA36C01","Estimated Time to Driving Test Invite at Month End","202202","2022 February","159","Tralee, Co. Kerry","Weeks","6"
"ROA36C01","Estimated Time to Driving Test Invite at Month End","202202","2022 February","160","Tralee (HGV's), Co. Kerry","Weeks",""
"ROA36C01","Estimated Time to Driving Test Invite at Month End","202202","2022 February","161","Tuam, Co. Galway","Weeks","3"
"ROA36C01","Estimated Time to Driving Test Invite at Month End","202202","2022 February","162","Tullamore, Co. Offaly","Weeks","4"
"ROA36C01","Estimated Time to Driving Test Invite at Month End","202202","2022 February","163","Waterford, Co. Waterford","Weeks","3"
"ROA36C01","Estimated Time to Driving Test Invite at Month End","202202","2022 February","164","Wexford, Co. Wexford","Weeks","7"
"ROA36C01","Estimated Time to Driving Test Invite at Month End","202202","2022 February","165","Wicklow, Co. Wicklow","Weeks","5"
"ROA36C01","Estimated Time to Driving Test Invite at Month End","202202","2022 February","167","Galway (Clybaun Hotel), Co. Galway","Weeks",""
"ROA36C01","Estimated Time to Driving Test Invite at Month End","202202","2022 February","168","Sandyford, Co. Dublin","Weeks",""
"ROA36C01","Estimated Time to Driving Test Invite at Month End","202202","2022 February","169","Drogheda – Southgate, Co. Louth","Weeks",""
"ROA36C01","Estimated Time to Driving Test Invite at Month End","202202","2022 February","170","Mitchelstown, Co. Cork","Weeks",""
"ROA36C01","Estimated Time to Driving Test Invite at Month End","202203","2022 March","-","All driving test centres","Weeks","6"
"ROA36C01","Estimated Time to Driving Test Invite at Month End","202203","2022 March","100","Athlone, Co. Westmeath","Weeks","6"
"ROA36C01","Estimated Time to Driving Test Invite at Month End","202203","2022 March","101","Ballina, Co. Mayo","Weeks","6"
"ROA36C01","Estimated Time to Driving Test Invite at Month End","202203","2022 March","102","Birr, Co. Offaly","Weeks","5"
"ROA36C01","Estimated Time to Driving Test Invite at Month End","202203","2022 March","103","Birr (County Arms Hotel), Co. Offaly","Weeks","3"
"ROA36C01","Estimated Time to Driving Test Invite at Month End","202203","2022 March","104","Buncrana, Co. Donegal","Weeks","9"
"ROA36C01","Estimated Time to Driving Test Invite at Month End","202203","2022 March","105","Carlow, Co. Carlow","Weeks",""
"ROA36C01","Estimated Time to Driving Test Invite at Month End","202203","2022 March","106","Carlow Talbot Hotel, Co. Carlow","Weeks","5"
"ROA36C01","Estimated Time to Driving Test Invite at Month End","202203","2022 March","107","Carrick On Shannon, Co. Leitrim","Weeks","6"
"ROA36C01","Estimated Time to Driving Test Invite at Month End","202203","2022 March","108","Castlebar, Co. Mayo","Weeks","5"
"ROA36C01","Estimated Time to Driving Test Invite at Month End","202203","2022 March","109","Cavan, Co. Cavan","Weeks","5"
"ROA36C01","Estimated Time to Driving Test Invite at Month End","202203","2022 March","110","Charlestown (Dublin), Co. Dublin","Weeks","6"
"ROA36C01","Estimated Time to Driving Test Invite at Month End","202203","2022 March","111","Clifden, Co. Galway","Weeks","9"
"ROA36C01","Estimated Time to Driving Test Invite at Month End","202203","2022 March","112","Clonmel, Co. Tipperary","Weeks","5"
"ROA36C01","Estimated Time to Driving Test Invite at Month End","202203","2022 March","113","Cork (Ballincollig), Co. Cork","Weeks",""
"ROA36C01","Estimated Time to Driving Test Invite at Month End","202203","2022 March","114","Cork (St. Finbarr's GAA Club Togher), Co. Cork","Weeks","7"
"ROA36C01","Estimated Time to Driving Test Invite at Month End","202203","2022 March","115","Cork (Wilton), Co. Cork","Weeks","7"
"ROA36C01","Estimated Time to Driving Test Invite at Month End","202203","2022 March","116","Donegal, Co. Donegal","Weeks","5"
"ROA36C01","Estimated Time to Driving Test Invite at Month End","202203","2022 March","117","Drogheda, Co. Louth","Weeks","8"
"ROA36C01","Estimated Time to Driving Test Invite at Month End","202203","2022 March","118","Dun Laoghaire / Deansgrange, Co. Dublin","Weeks","6"
"ROA36C01","Estimated Time to Driving Test Invite at Month End","202203","2022 March","119","Dundalk, Co. Louth","Weeks","7"
"ROA36C01","Estimated Time to Driving Test Invite at Month End","202203","2022 March","120","Dungarvan, Co. Waterford","Weeks","5"
"ROA36C01","Estimated Time to Driving Test Invite at Month End","202203","2022 March","121","Ennis, Co. Clare","Weeks","5"
"ROA36C01","Estimated Time to Driving Test Invite at Month End","202203","2022 March","122","Finglas, Co. Dublin","Weeks","5"
"ROA36C01","Estimated Time to Driving Test Invite at Month End","202203","2022 March","123","Galway (Carnmore), Co. Galway","Weeks","7"
"ROA36C01","Estimated Time to Driving Test Invite at Month End","202203","2022 March","124","Galway (Westside), Co. Galway","Weeks","3"
"ROA36C01","Estimated Time to Driving Test Invite at Month End","202203","2022 March","125","Gorey, Co. Wexford","Weeks","6"
"ROA36C01","Estimated Time to Driving Test Invite at Month End","202203","2022 March","126","Kilkenny (Govt Buildings), Co. Kilkenny","Weeks","6"
"ROA36C01","Estimated Time to Driving Test Invite at Month End","202203","2022 March","127","Kilkenny (O'Loughlin Gaels), Co. Kilkenny","Weeks","6"
"ROA36C01","Estimated Time to Driving Test Invite at Month End","202203","2022 March","128","Killarney, Co. Kerry","Weeks","5"
"ROA36C01","Estimated Time to Driving Test Invite at Month End","202203","2022 March","129","Killester, Co. Dublin","Weeks","14"
"ROA36C01","Estimated Time to Driving Test Invite at Month End","202203","2022 March","130","Kilrush, Co. Clare","Weeks","3"
"ROA36C01","Estimated Time to Driving Test Invite at Month End","202203","2022 March","131","Letterkenny, Co. Donegal","Weeks","6"
"ROA36C01","Estimated Time to Driving Test Invite at Month End","202203","2022 March","132","Limerick - Castlemungret, Co. Limerick","Weeks","4"
"ROA36C01","Estimated Time to Driving Test Invite at Month End","202203","2022 March","133","Limerick - Woodview, Co. Limerick","Weeks","3"
"ROA36C01","Estimated Time to Driving Test Invite at Month End","202203","2022 March","134","Limerick (Roxboro), Co. Limerick","Weeks",""
"ROA36C01","Estimated Time to Driving Test Invite at Month End","202203","2022 March","135","Longford, Co. Longford","Weeks","9"
"ROA36C01","Estimated Time to Driving Test Invite at Month End","202203","2022 March","136","Loughrea, Co. Galway","Weeks","6"
"ROA36C01","Estimated Time to Driving Test Invite at Month End","202203","2022 March","137","Loughrea (Lough Rea Hotel & Spa), Co. Galway","Weeks","7"
"ROA36C01","Estimated Time to Driving Test Invite at Month End","202203","2022 March","138","Mallow, Co. Cork","Weeks",""
"ROA36C01","Estimated Time to Driving Test Invite at Month End","202203","2022 March","139","Mallow (Cork Racecourse Mallow), Co. Cork","Weeks","6"
"ROA36C01","Estimated Time to Driving Test Invite at Month End","202203","2022 March","140","Monaghan, Co. Monaghan","Weeks","7"
"ROA36C01","Estimated Time to Driving Test Invite at Month End","202203","2022 March","141","Mulhuddart, Co. Dublin","Weeks","8"
"ROA36C01","Estimated Time to Driving Test Invite at Month End","202203","2022 March","142","Mulhuddart (Carlton Hotel), Co. Dublin","Weeks","10"
"ROA36C01","Estimated Time to Driving Test Invite at Month End","202203","2022 March","143","Mulhuddart Maple House, Co. Dublin","Weeks",""
"ROA36C01","Estimated Time to Driving Test Invite at Month End","202203","2022 March","144","Mullingar, Co. Westmeath","Weeks","6"
"ROA36C01","Estimated Time to Driving Test Invite at Month End","202203","2022 March","145","Naas, Co. Kildare","Weeks","5"
"ROA36C01","Estimated Time to Driving Test Invite at Month End","202203","2022 March","146","Navan, Co. Meath","Weeks","4"
"ROA36C01","Estimated Time to Driving Test Invite at Month End","202203","2022 March","147","Nenagh, Co. Tipperary","Weeks","3"
"ROA36C01","Estimated Time to Driving Test Invite at Month End","202203","2022 March","148","Newcastle West, Co. Limerick","Weeks","7"
"ROA36C01","Estimated Time to Driving Test Invite at Month End","202203","2022 March","149","Newcastle West (Longcourt House Hotel), Co. Limerick","Weeks","7"
"ROA36C01","Estimated Time to Driving Test Invite at Month End","202203","2022 March","150","Portlaoise, Co. Laois","Weeks","7"
"ROA36C01","Estimated Time to Driving Test Invite at Month End","202203","2022 March","166","Portlaoise (Maldron Hotel), Co. Laois","Weeks",""
"ROA36C01","Estimated Time to Driving Test Invite at Month End","202203","2022 March","151","Raheny, Co. Dublin","Weeks","4"
"ROA36C01","Estimated Time to Driving Test Invite at Month End","202203","2022 March","152","Roscommon, Co. Roscommon","Weeks","6"
"ROA36C01","Estimated Time to Driving Test Invite at Month End","202203","2022 March","153","Shannon, Co. Clare","Weeks","7"
"ROA36C01","Estimated Time to Driving Test Invite at Month End","202203","2022 March","154","Skibbereen, Co. Cork","Weeks","6"
"ROA36C01","Estimated Time to Driving Test Invite at Month End","202203","2022 March","155","Sligo, Co. Sligo","Weeks","3"
"ROA36C01","Estimated Time to Driving Test Invite at Month End","202203","2022 March","156","Tallaght, Co. Dublin","Weeks","10"
"ROA36C01","Estimated Time to Driving Test Invite at Month End","202203","2022 March","157","Thurles, Co. Tipperary","Weeks","6"
"ROA36C01","Estimated Time to Driving Test Invite at Month End","202203","2022 March","158","Tipperary, Co. Tipperary","Weeks","7"
"ROA36C01","Estimated Time to Driving Test Invite at Month End","202203","2022 March","159","Tralee, Co. Kerry","Weeks","6"
"ROA36C01","Estimated Time to Driving Test Invite at Month End","202203","2022 March","160","Tralee (HGV's), Co. Kerry","Weeks",""
"ROA36C01","Estimated Time to Driving Test Invite at Month End","202203","2022 March","161","Tuam, Co. Galway","Weeks","5"
"ROA36C01","Estimated Time to Driving Test Invite at Month End","202203","2022 March","162","Tullamore, Co. Offaly","Weeks","4"
"ROA36C01","Estimated Time to Driving Test Invite at Month End","202203","2022 March","163","Waterford, Co. Waterford","Weeks","3"
"ROA36C01","Estimated Time to Driving Test Invite at Month End","202203","2022 March","164","Wexford, Co. Wexford","Weeks","7"
"ROA36C01","Estimated Time to Driving Test Invite at Month End","202203","2022 March","165","Wicklow, Co. Wicklow","Weeks","5"
"ROA36C01","Estimated Time to Driving Test Invite at Month End","202203","2022 March","167","Galway (Clybaun Hotel), Co. Galway","Weeks",""
"ROA36C01","Estimated Time to Driving Test Invite at Month End","202203","2022 March","168","Sandyford, Co. Dublin","Weeks",""
"ROA36C01","Estimated Time to Driving Test Invite at Month End","202203","2022 March","169","Drogheda – Southgate, Co. Louth","Weeks",""
"ROA36C01","Estimated Time to Driving Test Invite at Month End","202203","2022 March","170","Mitchelstown, Co. Cork","Weeks",""
"ROA36C01","Estimated Time to Driving Test Invite at Month End","202204","2022 April","-","All driving test centres","Weeks","6.1"
"ROA36C01","Estimated Time to Driving Test Invite at Month End","202204","2022 April","100","Athlone, Co. Westmeath","Weeks","8"
"ROA36C01","Estimated Time to Driving Test Invite at Month End","202204","2022 April","101","Ballina, Co. Mayo","Weeks","6"
"ROA36C01","Estimated Time to Driving Test Invite at Month End","202204","2022 April","102","Birr, Co. Offaly","Weeks","5"
"ROA36C01","Estimated Time to Driving Test Invite at Month End","202204","2022 April","103","Birr (County Arms Hotel), Co. Offaly","Weeks","6"
"ROA36C01","Estimated Time to Driving Test Invite at Month End","202204","2022 April","104","Buncrana, Co. Donegal","Weeks","8"
"ROA36C01","Estimated Time to Driving Test Invite at Month End","202204","2022 April","105","Carlow, Co. Carlow","Weeks",""
"ROA36C01","Estimated Time to Driving Test Invite at Month End","202204","2022 April","106","Carlow Talbot Hotel, Co. Carlow","Weeks","5"
"ROA36C01","Estimated Time to Driving Test Invite at Month End","202204","2022 April","107","Carrick On Shannon, Co. Leitrim","Weeks","6"
"ROA36C01","Estimated Time to Driving Test Invite at Month End","202204","2022 April","108","Castlebar, Co. Mayo","Weeks","3"
"ROA36C01","Estimated Time to Driving Test Invite at Month End","202204","2022 April","109","Cavan, Co. Cavan","Weeks","4"
"ROA36C01","Estimated Time to Driving Test Invite at Month End","202204","2022 April","110","Charlestown (Dublin), Co. Dublin","Weeks","6"
"ROA36C01","Estimated Time to Driving Test Invite at Month End","202204","2022 April","111","Clifden, Co. Galway","Weeks","7"
"ROA36C01","Estimated Time to Driving Test Invite at Month End","202204","2022 April","112","Clonmel, Co. Tipperary","Weeks","5"
"ROA36C01","Estimated Time to Driving Test Invite at Month End","202204","2022 April","113","Cork (Ballincollig), Co. Cork","Weeks",""
"ROA36C01","Estimated Time to Driving Test Invite at Month End","202204","2022 April","114","Cork (St. Finbarr's GAA Club Togher), Co. Cork","Weeks","10"
"ROA36C01","Estimated Time to Driving Test Invite at Month End","202204","2022 April","115","Cork (Wilton), Co. Cork","Weeks","6"
"ROA36C01","Estimated Time to Driving Test Invite at Month End","202204","2022 April","116","Donegal, Co. Donegal","Weeks","3"
"ROA36C01","Estimated Time to Driving Test Invite at Month End","202204","2022 April","117","Drogheda, Co. Louth","Weeks","11"
"ROA36C01","Estimated Time to Driving Test Invite at Month End","202204","2022 April","118","Dun Laoghaire / Deansgrange, Co. Dublin","Weeks","10"
"ROA36C01","Estimated Time to Driving Test Invite at Month End","202204","2022 April","119","Dundalk, Co. Louth","Weeks","7"
"ROA36C01","Estimated Time to Driving Test Invite at Month End","202204","2022 April","120","Dungarvan, Co. Waterford","Weeks","6"
"ROA36C01","Estimated Time to Driving Test Invite at Month End","202204","2022 April","121","Ennis, Co. Clare","Weeks","6"
"ROA36C01","Estimated Time to Driving Test Invite at Month End","202204","2022 April","122","Finglas, Co. Dublin","Weeks","5"
"ROA36C01","Estimated Time to Driving Test Invite at Month End","202204","2022 April","123","Galway (Carnmore), Co. Galway","Weeks","3"
"ROA36C01","Estimated Time to Driving Test Invite at Month End","202204","2022 April","124","Galway (Westside), Co. Galway","Weeks","3"
"ROA36C01","Estimated Time to Driving Test Invite at Month End","202204","2022 April","125","Gorey, Co. Wexford","Weeks","8"
"ROA36C01","Estimated Time to Driving Test Invite at Month End","202204","2022 April","126","Kilkenny (Govt Buildings), Co. Kilkenny","Weeks","6"
"ROA36C01","Estimated Time to Driving Test Invite at Month End","202204","2022 April","127","Kilkenny (O'Loughlin Gaels), Co. Kilkenny","Weeks","5"
"ROA36C01","Estimated Time to Driving Test Invite at Month End","202204","2022 April","128","Killarney, Co. Kerry","Weeks","6"
"ROA36C01","Estimated Time to Driving Test Invite at Month End","202204","2022 April","129","Killester, Co. Dublin","Weeks","16"
"ROA36C01","Estimated Time to Driving Test Invite at Month End","202204","2022 April","130","Kilrush, Co. Clare","Weeks","4"
"ROA36C01","Estimated Time to Driving Test Invite at Month End","202204","2022 April","131","Letterkenny, Co. Donegal","Weeks","5"
"ROA36C01","Estimated Time to Driving Test Invite at Month End","202204","2022 April","132","Limerick - Castlemungret, Co. Limerick","Weeks","5"
"ROA36C01","Estimated Time to Driving Test Invite at Month End","202204","2022 April","133","Limerick - Woodview, Co. Limerick","Weeks","3"
"ROA36C01","Estimated Time to Driving Test Invite at Month End","202204","2022 April","134","Limerick (Roxboro), Co. Limerick","Weeks",""
"ROA36C01","Estimated Time to Driving Test Invite at Month End","202204","2022 April","135","Longford, Co. Longford","Weeks","3"
"ROA36C01","Estimated Time to Driving Test Invite at Month End","202204","2022 April","136","Loughrea, Co. Galway","Weeks","8"
"ROA36C01","Estimated Time to Driving Test Invite at Month End","202204","2022 April","137","Loughrea (Lough Rea Hotel & Spa), Co. Galway","Weeks","8"
"ROA36C01","Estimated Time to Driving Test Invite at Month End","202204","2022 April","138","Mallow, Co. Cork","Weeks",""
"ROA36C01","Estimated Time to Driving Test Invite at Month End","202204","2022 April","139","Mallow (Cork Racecourse Mallow), Co. Cork","Weeks","7"
"ROA36C01","Estimated Time to Driving Test Invite at Month End","202204","2022 April","140","Monaghan, Co. Monaghan","Weeks","6"
"ROA36C01","Estimated Time to Driving Test Invite at Month End","202204","2022 April","141","Mulhuddart, Co. Dublin","Weeks","8"
"ROA36C01","Estimated Time to Driving Test Invite at Month End","202204","2022 April","142","Mulhuddart (Carlton Hotel), Co. Dublin","Weeks","8"
"ROA36C01","Estimated Time to Driving Test Invite at Month End","202204","2022 April","143","Mulhuddart Maple House, Co. Dublin","Weeks",""
"ROA36C01","Estimated Time to Driving Test Invite at Month End","202204","2022 April","144","Mullingar, Co. Westmeath","Weeks","6"
"ROA36C01","Estimated Time to Driving Test Invite at Month End","202204","2022 April","145","Naas, Co. Kildare","Weeks","7"
"ROA36C01","Estimated Time to Driving Test Invite at Month End","202204","2022 April","146","Navan, Co. Meath","Weeks","6"
"ROA36C01","Estimated Time to Driving Test Invite at Month End","202204","2022 April","147","Nenagh, Co. Tipperary","Weeks","3"
"ROA36C01","Estimated Time to Driving Test Invite at Month End","202204","2022 April","148","Newcastle West, Co. Limerick","Weeks","8"
"ROA36C01","Estimated Time to Driving Test Invite at Month End","202204","2022 April","149","Newcastle West (Longcourt House Hotel), Co. Limerick","Weeks","10"
"ROA36C01","Estimated Time to Driving Test Invite at Month End","202204","2022 April","150","Portlaoise, Co. Laois","Weeks","6"
"ROA36C01","Estimated Time to Driving Test Invite at Month End","202204","2022 April","166","Portlaoise (Maldron Hotel), Co. Laois","Weeks",""
"ROA36C01","Estimated Time to Driving Test Invite at Month End","202204","2022 April","151","Raheny, Co. Dublin","Weeks","3"
"ROA36C01","Estimated Time to Driving Test Invite at Month End","202204","2022 April","152","Roscommon, Co. Roscommon","Weeks","5"
"ROA36C01","Estimated Time to Driving Test Invite at Month End","202204","2022 April","153","Shannon, Co. Clare","Weeks","4"
"ROA36C01","Estimated Time to Driving Test Invite at Month End","202204","2022 April","154","Skibbereen, Co. Cork","Weeks","8"
"ROA36C01","Estimated Time to Driving Test Invite at Month End","202204","2022 April","155","Sligo, Co. Sligo","Weeks","3"
"ROA36C01","Estimated Time to Driving Test Invite at Month End","202204","2022 April","156","Tallaght, Co. Dublin","Weeks","9"
"ROA36C01","Estimated Time to Driving Test Invite at Month End","202204","2022 April","157","Thurles, Co. Tipperary","Weeks","7"
"ROA36C01","Estimated Time to Driving Test Invite at Month End","202204","2022 April","158","Tipperary, Co. Tipperary","Weeks","6"
"ROA36C01","Estimated Time to Driving Test Invite at Month End","202204","2022 April","159","Tralee, Co. Kerry","Weeks","7"
"ROA36C01","Estimated Time to Driving Test Invite at Month End","202204","2022 April","160","Tralee (HGV's), Co. Kerry","Weeks",""
"ROA36C01","Estimated Time to Driving Test Invite at Month End","202204","2022 April","161","Tuam, Co. Galway","Weeks","7"
"ROA36C01","Estimated Time to Driving Test Invite at Month End","202204","2022 April","162","Tullamore, Co. Offaly","Weeks","6"
"ROA36C01","Estimated Time to Driving Test Invite at Month End","202204","2022 April","163","Waterford, Co. Waterford","Weeks","3"
"ROA36C01","Estimated Time to Driving Test Invite at Month End","202204","2022 April","164","Wexford, Co. Wexford","Weeks","3"
"ROA36C01","Estimated Time to Driving Test Invite at Month End","202204","2022 April","165","Wicklow, Co. Wicklow","Weeks","4"
"ROA36C01","Estimated Time to Driving Test Invite at Month End","202204","2022 April","167","Galway (Clybaun Hotel), Co. Galway","Weeks",""
"ROA36C01","Estimated Time to Driving Test Invite at Month End","202204","2022 April","168","Sandyford, Co. Dublin","Weeks",""
"ROA36C01","Estimated Time to Driving Test Invite at Month End","202204","2022 April","169","Drogheda – Southgate, Co. Louth","Weeks",""
"ROA36C01","Estimated Time to Driving Test Invite at Month End","202204","2022 April","170","Mitchelstown, Co. Cork","Weeks",""
"ROA36C01","Estimated Time to Driving Test Invite at Month End","202205","2022 May","-","All driving test centres","Weeks","6.8"
"ROA36C01","Estimated Time to Driving Test Invite at Month End","202205","2022 May","100","Athlone, Co. Westmeath","Weeks","5"
"ROA36C01","Estimated Time to Driving Test Invite at Month End","202205","2022 May","101","Ballina, Co. Mayo","Weeks","10"
"ROA36C01","Estimated Time to Driving Test Invite at Month End","202205","2022 May","102","Birr, Co. Offaly","Weeks","8"
"ROA36C01","Estimated Time to Driving Test Invite at Month End","202205","2022 May","103","Birr (County Arms Hotel), Co. Offaly","Weeks","10"
"ROA36C01","Estimated Time to Driving Test Invite at Month End","202205","2022 May","104","Buncrana, Co. Donegal","Weeks","6"
"ROA36C01","Estimated Time to Driving Test Invite at Month End","202205","2022 May","105","Carlow, Co. Carlow","Weeks",""
"ROA36C01","Estimated Time to Driving Test Invite at Month End","202205","2022 May","106","Carlow Talbot Hotel, Co. Carlow","Weeks","6"
"ROA36C01","Estimated Time to Driving Test Invite at Month End","202205","2022 May","107","Carrick On Shannon, Co. Leitrim","Weeks","10"
"ROA36C01","Estimated Time to Driving Test Invite at Month End","202205","2022 May","108","Castlebar, Co. Mayo","Weeks","6"
"ROA36C01","Estimated Time to Driving Test Invite at Month End","202205","2022 May","109","Cavan, Co. Cavan","Weeks","5"
"ROA36C01","Estimated Time to Driving Test Invite at Month End","202205","2022 May","110","Charlestown (Dublin), Co. Dublin","Weeks","3"
"ROA36C01","Estimated Time to Driving Test Invite at Month End","202205","2022 May","111","Clifden, Co. Galway","Weeks","17"
"ROA36C01","Estimated Time to Driving Test Invite at Month End","202205","2022 May","112","Clonmel, Co. Tipperary","Weeks","6"
"ROA36C01","Estimated Time to Driving Test Invite at Month End","202205","2022 May","113","Cork (Ballincollig), Co. Cork","Weeks",""
"ROA36C01","Estimated Time to Driving Test Invite at Month End","202205","2022 May","114","Cork (St. Finbarr's GAA Club Togher), Co. Cork","Weeks","11"
"ROA36C01","Estimated Time to Driving Test Invite at Month End","202205","2022 May","115","Cork (Wilton), Co. Cork","Weeks","4"
"ROA36C01","Estimated Time to Driving Test Invite at Month End","202205","2022 May","116","Donegal, Co. Donegal","Weeks","7"
"ROA36C01","Estimated Time to Driving Test Invite at Month End","202205","2022 May","117","Drogheda, Co. Louth","Weeks","16"
"ROA36C01","Estimated Time to Driving Test Invite at Month End","202205","2022 May","118","Dun Laoghaire / Deansgrange, Co. Dublin","Weeks","14"
"ROA36C01","Estimated Time to Driving Test Invite at Month End","202205","2022 May","119","Dundalk, Co. Louth","Weeks","6"
"ROA36C01","Estimated Time to Driving Test Invite at Month End","202205","2022 May","120","Dungarvan, Co. Waterford","Weeks","3"
"ROA36C01","Estimated Time to Driving Test Invite at Month End","202205","2022 May","121","Ennis, Co. Clare","Weeks","6"
"ROA36C01","Estimated Time to Driving Test Invite at Month End","202205","2022 May","122","Finglas, Co. Dublin","Weeks","9"
"ROA36C01","Estimated Time to Driving Test Invite at Month End","202205","2022 May","123","Galway (Carnmore), Co. Galway","Weeks","3"
"ROA36C01","Estimated Time to Driving Test Invite at Month End","202205","2022 May","124","Galway (Westside), Co. Galway","Weeks","6"
"ROA36C01","Estimated Time to Driving Test Invite at Month End","202205","2022 May","125","Gorey, Co. Wexford","Weeks","6"
"ROA36C01","Estimated Time to Driving Test Invite at Month End","202205","2022 May","126","Kilkenny (Govt Buildings), Co. Kilkenny","Weeks","4"
"ROA36C01","Estimated Time to Driving Test Invite at Month End","202205","2022 May","127","Kilkenny (O'Loughlin Gaels), Co. Kilkenny","Weeks","3"
"ROA36C01","Estimated Time to Driving Test Invite at Month End","202205","2022 May","128","Killarney, Co. Kerry","Weeks","6"
"ROA36C01","Estimated Time to Driving Test Invite at Month End","202205","2022 May","129","Killester, Co. Dublin","Weeks","18"
"ROA36C01","Estimated Time to Driving Test Invite at Month End","202205","2022 May","130","Kilrush, Co. Clare","Weeks","6"
"ROA36C01","Estimated Time to Driving Test Invite at Month End","202205","2022 May","131","Letterkenny, Co. Donegal","Weeks","6"
"ROA36C01","Estimated Time to Driving Test Invite at Month End","202205","2022 May","132","Limerick - Castlemungret, Co. Limerick","Weeks","4"
"ROA36C01","Estimated Time to Driving Test Invite at Month End","202205","2022 May","133","Limerick - Woodview, Co. Limerick","Weeks","5"
"ROA36C01","Estimated Time to Driving Test Invite at Month End","202205","2022 May","134","Limerick (Roxboro), Co. Limerick","Weeks",""
"ROA36C01","Estimated Time to Driving Test Invite at Month End","202205","2022 May","135","Longford, Co. Longford","Weeks","7"
"ROA36C01","Estimated Time to Driving Test Invite at Month End","202205","2022 May","136","Loughrea, Co. Galway","Weeks","10"
"ROA36C01","Estimated Time to Driving Test Invite at Month End","202205","2022 May","137","Loughrea (Lough Rea Hotel & Spa), Co. Galway","Weeks","7"
"ROA36C01","Estimated Time to Driving Test Invite at Month End","202205","2022 May","138","Mallow, Co. Cork","Weeks",""
"ROA36C01","Estimated Time to Driving Test Invite at Month End","202205","2022 May","139","Mallow (Cork Racecourse Mallow), Co. Cork","Weeks","4"
"ROA36C01","Estimated Time to Driving Test Invite at Month End","202205","2022 May","140","Monaghan, Co. Monaghan","Weeks","5"
"ROA36C01","Estimated Time to Driving Test Invite at Month End","202205","2022 May","141","Mulhuddart, Co. Dublin","Weeks","11"
"ROA36C01","Estimated Time to Driving Test Invite at Month End","202205","2022 May","142","Mulhuddart (Carlton Hotel), Co. Dublin","Weeks","9"
"ROA36C01","Estimated Time to Driving Test Invite at Month End","202205","2022 May","143","Mulhuddart Maple House, Co. Dublin","Weeks",""
"ROA36C01","Estimated Time to Driving Test Invite at Month End","202205","2022 May","144","Mullingar, Co. Westmeath","Weeks","5"
"ROA36C01","Estimated Time to Driving Test Invite at Month End","202205","2022 May","145","Naas, Co. Kildare","Weeks","10"
"ROA36C01","Estimated Time to Driving Test Invite at Month End","202205","2022 May","146","Navan, Co. Meath","Weeks","7"
"ROA36C01","Estimated Time to Driving Test Invite at Month End","202205","2022 May","147","Nenagh, Co. Tipperary","Weeks","5"
"ROA36C01","Estimated Time to Driving Test Invite at Month End","202205","2022 May","148","Newcastle West, Co. Limerick","Weeks","7"
"ROA36C01","Estimated Time to Driving Test Invite at Month End","202205","2022 May","149","Newcastle West (Longcourt House Hotel), Co. Limerick","Weeks","6"
"ROA36C01","Estimated Time to Driving Test Invite at Month End","202205","2022 May","150","Portlaoise, Co. Laois","Weeks","8"
"ROA36C01","Estimated Time to Driving Test Invite at Month End","202205","2022 May","166","Portlaoise (Maldron Hotel), Co. Laois","Weeks",""
"ROA36C01","Estimated Time to Driving Test Invite at Month End","202205","2022 May","151","Raheny, Co. Dublin","Weeks","6"
"ROA36C01","Estimated Time to Driving Test Invite at Month End","202205","2022 May","152","Roscommon, Co. Roscommon","Weeks","3"
"ROA36C01","Estimated Time to Driving Test Invite at Month End","202205","2022 May","153","Shannon, Co. Clare","Weeks","4"
"ROA36C01","Estimated Time to Driving Test Invite at Month End","202205","2022 May","154","Skibbereen, Co. Cork","Weeks","3"
"ROA36C01","Estimated Time to Driving Test Invite at Month End","202205","2022 May","155","Sligo, Co. Sligo","Weeks","4"
"ROA36C01","Estimated Time to Driving Test Invite at Month End","202205","2022 May","156","Tallaght, Co. Dublin","Weeks","11"
"ROA36C01","Estimated Time to Driving Test Invite at Month End","202205","2022 May","157","Thurles, Co. Tipperary","Weeks","6"
"ROA36C01","Estimated Time to Driving Test Invite at Month End","202205","2022 May","158","Tipperary, Co. Tipperary","Weeks","3"
"ROA36C01","Estimated Time to Driving Test Invite at Month End","202205","2022 May","159","Tralee, Co. Kerry","Weeks","4"
"ROA36C01","Estimated Time to Driving Test Invite at Month End","202205","2022 May","160","Tralee (HGV's), Co. Kerry","Weeks",""
"ROA36C01","Estimated Time to Driving Test Invite at Month End","202205","2022 May","161","Tuam, Co. Galway","Weeks","8"
"ROA36C01","Estimated Time to Driving Test Invite at Month End","202205","2022 May","162","Tullamore, Co. Offaly","Weeks","7"
"ROA36C01","Estimated Time to Driving Test Invite at Month End","202205","2022 May","163","Waterford, Co. Waterford","Weeks","3"
"ROA36C01","Estimated Time to Driving Test Invite at Month End","202205","2022 May","164","Wexford, Co. Wexford","Weeks","3"
"ROA36C01","Estimated Time to Driving Test Invite at Month End","202205","2022 May","165","Wicklow, Co. Wicklow","Weeks","9"
"ROA36C01","Estimated Time to Driving Test Invite at Month End","202205","2022 May","167","Galway (Clybaun Hotel), Co. Galway","Weeks",""
"ROA36C01","Estimated Time to Driving Test Invite at Month End","202205","2022 May","168","Sandyford, Co. Dublin","Weeks",""
"ROA36C01","Estimated Time to Driving Test Invite at Month End","202205","2022 May","169","Drogheda – Southgate, Co. Louth","Weeks",""
"ROA36C01","Estimated Time to Driving Test Invite at Month End","202205","2022 May","170","Mitchelstown, Co. Cork","Weeks",""
"ROA36C01","Estimated Time to Driving Test Invite at Month End","202206","2022 June","-","All driving test centres","Weeks","8.3"
"ROA36C01","Estimated Time to Driving Test Invite at Month End","202206","2022 June","100","Athlone, Co. Westmeath","Weeks","6"
"ROA36C01","Estimated Time to Driving Test Invite at Month End","202206","2022 June","101","Ballina, Co. Mayo","Weeks","9"
"ROA36C01","Estimated Time to Driving Test Invite at Month End","202206","2022 June","102","Birr, Co. Offaly","Weeks","9"
"ROA36C01","Estimated Time to Driving Test Invite at Month End","202206","2022 June","103","Birr (County Arms Hotel), Co. Offaly","Weeks","10"
"ROA36C01","Estimated Time to Driving Test Invite at Month End","202206","2022 June","104","Buncrana, Co. Donegal","Weeks","9"
"ROA36C01","Estimated Time to Driving Test Invite at Month End","202206","2022 June","105","Carlow, Co. Carlow","Weeks",""
"ROA36C01","Estimated Time to Driving Test Invite at Month End","202206","2022 June","106","Carlow Talbot Hotel, Co. Carlow","Weeks","7"
"ROA36C01","Estimated Time to Driving Test Invite at Month End","202206","2022 June","107","Carrick On Shannon, Co. Leitrim","Weeks","11"
"ROA36C01","Estimated Time to Driving Test Invite at Month End","202206","2022 June","108","Castlebar, Co. Mayo","Weeks","8"
"ROA36C01","Estimated Time to Driving Test Invite at Month End","202206","2022 June","109","Cavan, Co. Cavan","Weeks","8"
"ROA36C01","Estimated Time to Driving Test Invite at Month End","202206","2022 June","110","Charlestown (Dublin), Co. Dublin","Weeks","5"
"ROA36C01","Estimated Time to Driving Test Invite at Month End","202206","2022 June","111","Clifden, Co. Galway","Weeks","13"
"ROA36C01","Estimated Time to Driving Test Invite at Month End","202206","2022 June","112","Clonmel, Co. Tipperary","Weeks","6"
"ROA36C01","Estimated Time to Driving Test Invite at Month End","202206","2022 June","113","Cork (Ballincollig), Co. Cork","Weeks",""
"ROA36C01","Estimated Time to Driving Test Invite at Month End","202206","2022 June","114","Cork (St. Finbarr's GAA Club Togher), Co. Cork","Weeks","11"
"ROA36C01","Estimated Time to Driving Test Invite at Month End","202206","2022 June","115","Cork (Wilton), Co. Cork","Weeks","5"
"ROA36C01","Estimated Time to Driving Test Invite at Month End","202206","2022 June","116","Donegal, Co. Donegal","Weeks","11"
"ROA36C01","Estimated Time to Driving Test Invite at Month End","202206","2022 June","117","Drogheda, Co. Louth","Weeks","20"
"ROA36C01","Estimated Time to Driving Test Invite at Month End","202206","2022 June","118","Dun Laoghaire / Deansgrange, Co. Dublin","Weeks","17"
"ROA36C01","Estimated Time to Driving Test Invite at Month End","202206","2022 June","119","Dundalk, Co. Louth","Weeks","9"
"ROA36C01","Estimated Time to Driving Test Invite at Month End","202206","2022 June","120","Dungarvan, Co. Waterford","Weeks","3"
"ROA36C01","Estimated Time to Driving Test Invite at Month End","202206","2022 June","121","Ennis, Co. Clare","Weeks","7"
"ROA36C01","Estimated Time to Driving Test Invite at Month End","202206","2022 June","122","Finglas, Co. Dublin","Weeks","11"
"ROA36C01","Estimated Time to Driving Test Invite at Month End","202206","2022 June","123","Galway (Carnmore), Co. Galway","Weeks","9"
"ROA36C01","Estimated Time to Driving Test Invite at Month End","202206","2022 June","124","Galway (Westside), Co. Galway","Weeks","9"
"ROA36C01","Estimated Time to Driving Test Invite at Month End","202206","2022 June","125","Gorey, Co. Wexford","Weeks","6"
"ROA36C01","Estimated Time to Driving Test Invite at Month End","202206","2022 June","126","Kilkenny (Govt Buildings), Co. Kilkenny","Weeks","5"
"ROA36C01","Estimated Time to Driving Test Invite at Month End","202206","2022 June","127","Kilkenny (O'Loughlin Gaels), Co. Kilkenny","Weeks","8"
"ROA36C01","Estimated Time to Driving Test Invite at Month End","202206","2022 June","128","Killarney, Co. Kerry","Weeks","11"
"ROA36C01","Estimated Time to Driving Test Invite at Month End","202206","2022 June","129","Killester, Co. Dublin","Weeks","21"
"ROA36C01","Estimated Time to Driving Test Invite at Month End","202206","2022 June","130","Kilrush, Co. Clare","Weeks","4"
"ROA36C01","Estimated Time to Driving Test Invite at Month End","202206","2022 June","131","Letterkenny, Co. Donegal","Weeks","6"
"ROA36C01","Estimated Time to Driving Test Invite at Month End","202206","2022 June","132","Limerick - Castlemungret, Co. Limerick","Weeks","7"
"ROA36C01","Estimated Time to Driving Test Invite at Month End","202206","2022 June","133","Limerick - Woodview, Co. Limerick","Weeks","7"
"ROA36C01","Estimated Time to Driving Test Invite at Month End","202206","2022 June","134","Limerick (Roxboro), Co. Limerick","Weeks",""
"ROA36C01","Estimated Time to Driving Test Invite at Month End","202206","2022 June","135","Longford, Co. Longford","Weeks","8"
"ROA36C01","Estimated Time to Driving Test Invite at Month End","202206","2022 June","136","Loughrea, Co. Galway","Weeks","10"
"ROA36C01","Estimated Time to Driving Test Invite at Month End","202206","2022 June","137","Loughrea (Lough Rea Hotel & Spa), Co. Galway","Weeks","7"
"ROA36C01","Estimated Time to Driving Test Invite at Month End","202206","2022 June","138","Mallow, Co. Cork","Weeks",""
"ROA36C01","Estimated Time to Driving Test Invite at Month End","202206","2022 June","139","Mallow (Cork Racecourse Mallow), Co. Cork","Weeks","4"
"ROA36C01","Estimated Time to Driving Test Invite at Month End","202206","2022 June","140","Monaghan, Co. Monaghan","Weeks","6"
"ROA36C01","Estimated Time to Driving Test Invite at Month End","202206","2022 June","141","Mulhuddart, Co. Dublin","Weeks","12"
"ROA36C01","Estimated Time to Driving Test Invite at Month End","202206","2022 June","142","Mulhuddart (Carlton Hotel), Co. Dublin","Weeks","11"
"ROA36C01","Estimated Time to Driving Test Invite at Month End","202206","2022 June","143","Mulhuddart Maple House, Co. Dublin","Weeks",""
"ROA36C01","Estimated Time to Driving Test Invite at Month End","202206","2022 June","144","Mullingar, Co. Westmeath","Weeks","8"
"ROA36C01","Estimated Time to Driving Test Invite at Month End","202206","2022 June","145","Naas, Co. Kildare","Weeks","12"
"ROA36C01","Estimated Time to Driving Test Invite at Month End","202206","2022 June","146","Navan, Co. Meath","Weeks","9"
"ROA36C01","Estimated Time to Driving Test Invite at Month End","202206","2022 June","147","Nenagh, Co. Tipperary","Weeks","5"
"ROA36C01","Estimated Time to Driving Test Invite at Month End","202206","2022 June","148","Newcastle West, Co. Limerick","Weeks","5"
"ROA36C01","Estimated Time to Driving Test Invite at Month End","202206","2022 June","149","Newcastle West (Longcourt House Hotel), Co. Limerick","Weeks","8"
"ROA36C01","Estimated Time to Driving Test Invite at Month End","202206","2022 June","150","Portlaoise, Co. Laois","Weeks","10"
"ROA36C01","Estimated Time to Driving Test Invite at Month End","202206","2022 June","166","Portlaoise (Maldron Hotel), Co. Laois","Weeks",""
"ROA36C01","Estimated Time to Driving Test Invite at Month End","202206","2022 June","151","Raheny, Co. Dublin","Weeks","11"
"ROA36C01","Estimated Time to Driving Test Invite at Month End","202206","2022 June","152","Roscommon, Co. Roscommon","Weeks","5"
"ROA36C01","Estimated Time to Driving Test Invite at Month End","202206","2022 June","153","Shannon, Co. Clare","Weeks","6"
"ROA36C01","Estimated Time to Driving Test Invite at Month End","202206","2022 June","154","Skibbereen, Co. Cork","Weeks","6"
"ROA36C01","Estimated Time to Driving Test Invite at Month End","202206","2022 June","155","Sligo, Co. Sligo","Weeks","6"
"ROA36C01","Estimated Time to Driving Test Invite at Month End","202206","2022 June","156","Tallaght, Co. Dublin","Weeks","13"
"ROA36C01","Estimated Time to Driving Test Invite at Month End","202206","2022 June","157","Thurles, Co. Tipperary","Weeks","8"
"ROA36C01","Estimated Time to Driving Test Invite at Month End","202206","2022 June","158","Tipperary, Co. Tipperary","Weeks","6"
"ROA36C01","Estimated Time to Driving Test Invite at Month End","202206","2022 June","159","Tralee, Co. Kerry","Weeks","3"
"ROA36C01","Estimated Time to Driving Test Invite at Month End","202206","2022 June","160","Tralee (HGV's), Co. Kerry","Weeks",""
"ROA36C01","Estimated Time to Driving Test Invite at Month End","202206","2022 June","161","Tuam, Co. Galway","Weeks","9"
"ROA36C01","Estimated Time to Driving Test Invite at Month End","202206","2022 June","162","Tullamore, Co. Offaly","Weeks","10"
"ROA36C01","Estimated Time to Driving Test Invite at Month End","202206","2022 June","163","Waterford, Co. Waterford","Weeks","3"
"ROA36C01","Estimated Time to Driving Test Invite at Month End","202206","2022 June","164","Wexford, Co. Wexford","Weeks","5"
"ROA36C01","Estimated Time to Driving Test Invite at Month End","202206","2022 June","165","Wicklow, Co. Wicklow","Weeks","7"
"ROA36C01","Estimated Time to Driving Test Invite at Month End","202206","2022 June","167","Galway (Clybaun Hotel), Co. Galway","Weeks",""
"ROA36C01","Estimated Time to Driving Test Invite at Month End","202206","2022 June","168","Sandyford, Co. Dublin","Weeks",""
"ROA36C01","Estimated Time to Driving Test Invite at Month End","202206","2022 June","169","Drogheda – Southgate, Co. Louth","Weeks",""
"ROA36C01","Estimated Time to Driving Test Invite at Month End","202206","2022 June","170","Mitchelstown, Co. Cork","Weeks",""
"ROA36C01","Estimated Time to Driving Test Invite at Month End","202207","2022 July","-","All driving test centres","Weeks","9.8"
"ROA36C01","Estimated Time to Driving Test Invite at Month End","202207","2022 July","100","Athlone, Co. Westmeath","Weeks","7"
"ROA36C01","Estimated Time to Driving Test Invite at Month End","202207","2022 July","101","Ballina, Co. Mayo","Weeks","12"
"ROA36C01","Estimated Time to Driving Test Invite at Month End","202207","2022 July","102","Birr, Co. Offaly","Weeks","13"
"ROA36C01","Estimated Time to Driving Test Invite at Month End","202207","2022 July","103","Birr (County Arms Hotel), Co. Offaly","Weeks","13"
"ROA36C01","Estimated Time to Driving Test Invite at Month End","202207","2022 July","104","Buncrana, Co. Donegal","Weeks","12"
"ROA36C01","Estimated Time to Driving Test Invite at Month End","202207","2022 July","105","Carlow, Co. Carlow","Weeks",""
"ROA36C01","Estimated Time to Driving Test Invite at Month End","202207","2022 July","106","Carlow Talbot Hotel, Co. Carlow","Weeks","9"
"ROA36C01","Estimated Time to Driving Test Invite at Month End","202207","2022 July","107","Carrick On Shannon, Co. Leitrim","Weeks","14"
"ROA36C01","Estimated Time to Driving Test Invite at Month End","202207","2022 July","108","Castlebar, Co. Mayo","Weeks","11"
"ROA36C01","Estimated Time to Driving Test Invite at Month End","202207","2022 July","109","Cavan, Co. Cavan","Weeks","10"
"ROA36C01","Estimated Time to Driving Test Invite at Month End","202207","2022 July","110","Charlestown (Dublin), Co. Dublin","Weeks","5"
"ROA36C01","Estimated Time to Driving Test Invite at Month End","202207","2022 July","111","Clifden, Co. Galway","Weeks","11"
"ROA36C01","Estimated Time to Driving Test Invite at Month End","202207","2022 July","112","Clonmel, Co. Tipperary","Weeks","7"
"ROA36C01","Estimated Time to Driving Test Invite at Month End","202207","2022 July","113","Cork (Ballincollig), Co. Cork","Weeks",""
"ROA36C01","Estimated Time to Driving Test Invite at Month End","202207","2022 July","114","Cork (St. Finbarr's GAA Club Togher), Co. Cork","Weeks","14"
"ROA36C01","Estimated Time to Driving Test Invite at Month End","202207","2022 July","115","Cork (Wilton), Co. Cork","Weeks","7"
"ROA36C01","Estimated Time to Driving Test Invite at Month End","202207","2022 July","116","Donegal, Co. Donegal","Weeks","13"
"ROA36C01","Estimated Time to Driving Test Invite at Month End","202207","2022 July","117","Drogheda, Co. Louth","Weeks","25"
"ROA36C01","Estimated Time to Driving Test Invite at Month End","202207","2022 July","118","Dun Laoghaire / Deansgrange, Co. Dublin","Weeks","18"
"ROA36C01","Estimated Time to Driving Test Invite at Month End","202207","2022 July","119","Dundalk, Co. Louth","Weeks","12"
"ROA36C01","Estimated Time to Driving Test Invite at Month End","202207","2022 July","120","Dungarvan, Co. Waterford","Weeks","5"
"ROA36C01","Estimated Time to Driving Test Invite at Month End","202207","2022 July","121","Ennis, Co. Clare","Weeks","6"
"ROA36C01","Estimated Time to Driving Test Invite at Month End","202207","2022 July","122","Finglas, Co. Dublin","Weeks","12"
"ROA36C01","Estimated Time to Driving Test Invite at Month End","202207","2022 July","123","Galway (Carnmore), Co. Galway","Weeks","9"
"ROA36C01","Estimated Time to Driving Test Invite at Month End","202207","2022 July","124","Galway (Westside), Co. Galway","Weeks","9"
"ROA36C01","Estimated Time to Driving Test Invite at Month End","202207","2022 July","125","Gorey, Co. Wexford","Weeks","6"
"ROA36C01","Estimated Time to Driving Test Invite at Month End","202207","2022 July","126","Kilkenny (Govt Buildings), Co. Kilkenny","Weeks","5"
"ROA36C01","Estimated Time to Driving Test Invite at Month End","202207","2022 July","127","Kilkenny (O'Loughlin Gaels), Co. Kilkenny","Weeks","6"
"ROA36C01","Estimated Time to Driving Test Invite at Month End","202207","2022 July","128","Killarney, Co. Kerry","Weeks","12"
"ROA36C01","Estimated Time to Driving Test Invite at Month End","202207","2022 July","129","Killester, Co. Dublin","Weeks","31"
"ROA36C01","Estimated Time to Driving Test Invite at Month End","202207","2022 July","130","Kilrush, Co. Clare","Weeks","3"
"ROA36C01","Estimated Time to Driving Test Invite at Month End","202207","2022 July","131","Letterkenny, Co. Donegal","Weeks","9"
"ROA36C01","Estimated Time to Driving Test Invite at Month End","202207","2022 July","132","Limerick - Castlemungret, Co. Limerick","Weeks","9"
"ROA36C01","Estimated Time to Driving Test Invite at Month End","202207","2022 July","133","Limerick - Woodview, Co. Limerick","Weeks","6"
"ROA36C01","Estimated Time to Driving Test Invite at Month End","202207","2022 July","134","Limerick (Roxboro), Co. Limerick","Weeks",""
"ROA36C01","Estimated Time to Driving Test Invite at Month End","202207","2022 July","135","Longford, Co. Longford","Weeks","12"
"ROA36C01","Estimated Time to Driving Test Invite at Month End","202207","2022 July","136","Loughrea, Co. Galway","Weeks","9"
"ROA36C01","Estimated Time to Driving Test Invite at Month End","202207","2022 July","137","Loughrea (Lough Rea Hotel & Spa), Co. Galway","Weeks","8"
"ROA36C01","Estimated Time to Driving Test Invite at Month End","202207","2022 July","138","Mallow, Co. Cork","Weeks",""
"ROA36C01","Estimated Time to Driving Test Invite at Month End","202207","2022 July","139","Mallow (Cork Racecourse Mallow), Co. Cork","Weeks","4"
"ROA36C01","Estimated Time to Driving Test Invite at Month End","202207","2022 July","140","Monaghan, Co. Monaghan","Weeks","8"
"ROA36C01","Estimated Time to Driving Test Invite at Month End","202207","2022 July","141","Mulhuddart, Co. Dublin","Weeks","12"
"ROA36C01","Estimated Time to Driving Test Invite at Month End","202207","2022 July","142","Mulhuddart (Carlton Hotel), Co. Dublin","Weeks","13"
"ROA36C01","Estimated Time to Driving Test Invite at Month End","202207","2022 July","143","Mulhuddart Maple House, Co. Dublin","Weeks",""
"ROA36C01","Estimated Time to Driving Test Invite at Month End","202207","2022 July","144","Mullingar, Co. Westmeath","Weeks","10"
"ROA36C01","Estimated Time to Driving Test Invite at Month End","202207","2022 July","145","Naas, Co. Kildare","Weeks","13"
"ROA36C01","Estimated Time to Driving Test Invite at Month End","202207","2022 July","146","Navan, Co. Meath","Weeks","9"
"ROA36C01","Estimated Time to Driving Test Invite at Month End","202207","2022 July","147","Nenagh, Co. Tipperary","Weeks","4"
"ROA36C01","Estimated Time to Driving Test Invite at Month End","202207","2022 July","148","Newcastle West, Co. Limerick","Weeks","8"
"ROA36C01","Estimated Time to Driving Test Invite at Month End","202207","2022 July","149","Newcastle West (Longcourt House Hotel), Co. Limerick","Weeks","7"
"ROA36C01","Estimated Time to Driving Test Invite at Month End","202207","2022 July","150","Portlaoise, Co. Laois","Weeks","11"
"ROA36C01","Estimated Time to Driving Test Invite at Month End","202207","2022 July","166","Portlaoise (Maldron Hotel), Co. Laois","Weeks",""
"ROA36C01","Estimated Time to Driving Test Invite at Month End","202207","2022 July","151","Raheny, Co. Dublin","Weeks","10"
"ROA36C01","Estimated Time to Driving Test Invite at Month End","202207","2022 July","152","Roscommon, Co. Roscommon","Weeks","8"
"ROA36C01","Estimated Time to Driving Test Invite at Month End","202207","2022 July","153","Shannon, Co. Clare","Weeks","6"
"ROA36C01","Estimated Time to Driving Test Invite at Month End","202207","2022 July","154","Skibbereen, Co. Cork","Weeks","6"
"ROA36C01","Estimated Time to Driving Test Invite at Month End","202207","2022 July","155","Sligo, Co. Sligo","Weeks","8"
"ROA36C01","Estimated Time to Driving Test Invite at Month End","202207","2022 July","156","Tallaght, Co. Dublin","Weeks","14"
"ROA36C01","Estimated Time to Driving Test Invite at Month End","202207","2022 July","157","Thurles, Co. Tipperary","Weeks","12"
"ROA36C01","Estimated Time to Driving Test Invite at Month End","202207","2022 July","158","Tipperary, Co. Tipperary","Weeks","9"
"ROA36C01","Estimated Time to Driving Test Invite at Month End","202207","2022 July","159","Tralee, Co. Kerry","Weeks","5"
"ROA36C01","Estimated Time to Driving Test Invite at Month End","202207","2022 July","160","Tralee (HGV's), Co. Kerry","Weeks",""
"ROA36C01","Estimated Time to Driving Test Invite at Month End","202207","2022 July","161","Tuam, Co. Galway","Weeks","9"
"ROA36C01","Estimated Time to Driving Test Invite at Month End","202207","2022 July","162","Tullamore, Co. Offaly","Weeks","12"
"ROA36C01","Estimated Time to Driving Test Invite at Month End","202207","2022 July","163","Waterford, Co. Waterford","Weeks","4"
"ROA36C01","Estimated Time to Driving Test Invite at Month End","202207","2022 July","164","Wexford, Co. Wexford","Weeks","7"
"ROA36C01","Estimated Time to Driving Test Invite at Month End","202207","2022 July","165","Wicklow, Co. Wicklow","Weeks","7"
"ROA36C01","Estimated Time to Driving Test Invite at Month End","202207","2022 July","167","Galway (Clybaun Hotel), Co. Galway","Weeks",""
"ROA36C01","Estimated Time to Driving Test Invite at Month End","202207","2022 July","168","Sandyford, Co. Dublin","Weeks",""
"ROA36C01","Estimated Time to Driving Test Invite at Month End","202207","2022 July","169","Drogheda – Southgate, Co. Louth","Weeks",""
"ROA36C01","Estimated Time to Driving Test Invite at Month End","202207","2022 July","170","Mitchelstown, Co. Cork","Weeks",""
"ROA36C01","Estimated Time to Driving Test Invite at Month End","202208","2022 August","-","All driving test centres","Weeks","13.8"
"ROA36C01","Estimated Time to Driving Test Invite at Month End","202208","2022 August","100","Athlone, Co. Westmeath","Weeks","13"
"ROA36C01","Estimated Time to Driving Test Invite at Month End","202208","2022 August","101","Ballina, Co. Mayo","Weeks","13"
"ROA36C01","Estimated Time to Driving Test Invite at Month End","202208","2022 August","102","Birr, Co. Offaly","Weeks","13"
"ROA36C01","Estimated Time to Driving Test Invite at Month End","202208","2022 August","103","Birr (County Arms Hotel), Co. Offaly","Weeks","13"
"ROA36C01","Estimated Time to Driving Test Invite at Month End","202208","2022 August","104","Buncrana, Co. Donegal","Weeks","14"
"ROA36C01","Estimated Time to Driving Test Invite at Month End","202208","2022 August","105","Carlow, Co. Carlow","Weeks",""
"ROA36C01","Estimated Time to Driving Test Invite at Month End","202208","2022 August","106","Carlow Talbot Hotel, Co. Carlow","Weeks","11"
"ROA36C01","Estimated Time to Driving Test Invite at Month End","202208","2022 August","107","Carrick On Shannon, Co. Leitrim","Weeks","17"
"ROA36C01","Estimated Time to Driving Test Invite at Month End","202208","2022 August","108","Castlebar, Co. Mayo","Weeks","10"
"ROA36C01","Estimated Time to Driving Test Invite at Month End","202208","2022 August","109","Cavan, Co. Cavan","Weeks","20"
"ROA36C01","Estimated Time to Driving Test Invite at Month End","202208","2022 August","110","Charlestown (Dublin), Co. Dublin","Weeks","10"
"ROA36C01","Estimated Time to Driving Test Invite at Month End","202208","2022 August","111","Clifden, Co. Galway","Weeks","10"
"ROA36C01","Estimated Time to Driving Test Invite at Month End","202208","2022 August","112","Clonmel, Co. Tipperary","Weeks","19"
"ROA36C01","Estimated Time to Driving Test Invite at Month End","202208","2022 August","113","Cork (Ballincollig), Co. Cork","Weeks",""
"ROA36C01","Estimated Time to Driving Test Invite at Month End","202208","2022 August","114","Cork (St. Finbarr's GAA Club Togher), Co. Cork","Weeks","18"
"ROA36C01","Estimated Time to Driving Test Invite at Month End","202208","2022 August","115","Cork (Wilton), Co. Cork","Weeks","12"
"ROA36C01","Estimated Time to Driving Test Invite at Month End","202208","2022 August","116","Donegal, Co. Donegal","Weeks","15"
"ROA36C01","Estimated Time to Driving Test Invite at Month End","202208","2022 August","117","Drogheda, Co. Louth","Weeks","30"
"ROA36C01","Estimated Time to Driving Test Invite at Month End","202208","2022 August","118","Dun Laoghaire / Deansgrange, Co. Dublin","Weeks","21"
"ROA36C01","Estimated Time to Driving Test Invite at Month End","202208","2022 August","119","Dundalk, Co. Louth","Weeks","17"
"ROA36C01","Estimated Time to Driving Test Invite at Month End","202208","2022 August","120","Dungarvan, Co. Waterford","Weeks","13"
"ROA36C01","Estimated Time to Driving Test Invite at Month End","202208","2022 August","121","Ennis, Co. Clare","Weeks","11"
"ROA36C01","Estimated Time to Driving Test Invite at Month End","202208","2022 August","122","Finglas, Co. Dublin","Weeks","13"
"ROA36C01","Estimated Time to Driving Test Invite at Month End","202208","2022 August","123","Galway (Carnmore), Co. Galway","Weeks","14"
"ROA36C01","Estimated Time to Driving Test Invite at Month End","202208","2022 August","124","Galway (Westside), Co. Galway","Weeks","20"
"ROA36C01","Estimated Time to Driving Test Invite at Month End","202208","2022 August","125","Gorey, Co. Wexford","Weeks","18"
"ROA36C01","Estimated Time to Driving Test Invite at Month End","202208","2022 August","126","Kilkenny (Govt Buildings), Co. Kilkenny","Weeks","9"
"ROA36C01","Estimated Time to Driving Test Invite at Month End","202208","2022 August","127","Kilkenny (O'Loughlin Gaels), Co. Kilkenny","Weeks","7"
"ROA36C01","Estimated Time to Driving Test Invite at Month End","202208","2022 August","128","Killarney, Co. Kerry","Weeks","11"
"ROA36C01","Estimated Time to Driving Test Invite at Month End","202208","2022 August","129","Killester, Co. Dublin","Weeks","35"
"ROA36C01","Estimated Time to Driving Test Invite at Month End","202208","2022 August","130","Kilrush, Co. Clare","Weeks","7"
"ROA36C01","Estimated Time to Driving Test Invite at Month End","202208","2022 August","131","Letterkenny, Co. Donegal","Weeks","10"
"ROA36C01","Estimated Time to Driving Test Invite at Month End","202208","2022 August","132","Limerick - Castlemungret, Co. Limerick","Weeks","20"
"ROA36C01","Estimated Time to Driving Test Invite at Month End","202208","2022 August","133","Limerick - Woodview, Co. Limerick","Weeks","15"
"ROA36C01","Estimated Time to Driving Test Invite at Month End","202208","2022 August","134","Limerick (Roxboro), Co. Limerick","Weeks",""
"ROA36C01","Estimated Time to Driving Test Invite at Month End","202208","2022 August","135","Longford, Co. Longford","Weeks","12"
"ROA36C01","Estimated Time to Driving Test Invite at Month End","202208","2022 August","136","Loughrea, Co. Galway","Weeks","17"
"ROA36C01","Estimated Time to Driving Test Invite at Month End","202208","2022 August","137","Loughrea (Lough Rea Hotel & Spa), Co. Galway","Weeks","10"
"ROA36C01","Estimated Time to Driving Test Invite at Month End","202208","2022 August","138","Mallow, Co. Cork","Weeks",""
"ROA36C01","Estimated Time to Driving Test Invite at Month End","202208","2022 August","139","Mallow (Cork Racecourse Mallow), Co. Cork","Weeks","9"
"ROA36C01","Estimated Time to Driving Test Invite at Month End","202208","2022 August","140","Monaghan, Co. Monaghan","Weeks","12"
"ROA36C01","Estimated Time to Driving Test Invite at Month End","202208","2022 August","141","Mulhuddart, Co. Dublin","Weeks","15"
"ROA36C01","Estimated Time to Driving Test Invite at Month End","202208","2022 August","142","Mulhuddart (Carlton Hotel), Co. Dublin","Weeks","14"
"ROA36C01","Estimated Time to Driving Test Invite at Month End","202208","2022 August","143","Mulhuddart Maple House, Co. Dublin","Weeks",""
"ROA36C01","Estimated Time to Driving Test Invite at Month End","202208","2022 August","144","Mullingar, Co. Westmeath","Weeks","10"
"ROA36C01","Estimated Time to Driving Test Invite at Month End","202208","2022 August","145","Naas, Co. Kildare","Weeks","17"
"ROA36C01","Estimated Time to Driving Test Invite at Month End","202208","2022 August","146","Navan, Co. Meath","Weeks","16"
"ROA36C01","Estimated Time to Driving Test Invite at Month End","202208","2022 August","147","Nenagh, Co. Tipperary","Weeks","6"
"ROA36C01","Estimated Time to Driving Test Invite at Month End","202208","2022 August","148","Newcastle West, Co. Limerick","Weeks","10"
"ROA36C01","Estimated Time to Driving Test Invite at Month End","202208","2022 August","149","Newcastle West (Longcourt House Hotel), Co. Limerick","Weeks","9"
"ROA36C01","Estimated Time to Driving Test Invite at Month End","202208","2022 August","150","Portlaoise, Co. Laois","Weeks","14"
"ROA36C01","Estimated Time to Driving Test Invite at Month End","202208","2022 August","166","Portlaoise (Maldron Hotel), Co. Laois","Weeks",""
"ROA36C01","Estimated Time to Driving Test Invite at Month End","202208","2022 August","151","Raheny, Co. Dublin","Weeks","14"
"ROA36C01","Estimated Time to Driving Test Invite at Month End","202208","2022 August","152","Roscommon, Co. Roscommon","Weeks","11"
"ROA36C01","Estimated Time to Driving Test Invite at Month End","202208","2022 August","153","Shannon, Co. Clare","Weeks","15"
"ROA36C01","Estimated Time to Driving Test Invite at Month End","202208","2022 August","154","Skibbereen, Co. Cork","Weeks","8"
"ROA36C01","Estimated Time to Driving Test Invite at Month End","202208","2022 August","155","Sligo, Co. Sligo","Weeks","9"
"ROA36C01","Estimated Time to Driving Test Invite at Month End","202208","2022 August","156","Tallaght, Co. Dublin","Weeks","24"
"ROA36C01","Estimated Time to Driving Test Invite at Month End","202208","2022 August","157","Thurles, Co. Tipperary","Weeks","13"
"ROA36C01","Estimated Time to Driving Test Invite at Month End","202208","2022 August","158","Tipperary, Co. Tipperary","Weeks","12"
"ROA36C01","Estimated Time to Driving Test Invite at Month End","202208","2022 August","159","Tralee, Co. Kerry","Weeks","7"
"ROA36C01","Estimated Time to Driving Test Invite at Month End","202208","2022 August","160","Tralee (HGV's), Co. Kerry","Weeks",""
"ROA36C01","Estimated Time to Driving Test Invite at Month End","202208","2022 August","161","Tuam, Co. Galway","Weeks","17"
"ROA36C01","Estimated Time to Driving Test Invite at Month End","202208","2022 August","162","Tullamore, Co. Offaly","Weeks","12"
"ROA36C01","Estimated Time to Driving Test Invite at Month End","202208","2022 August","163","Waterford, Co. Waterford","Weeks","11"
"ROA36C01","Estimated Time to Driving Test Invite at Month End","202208","2022 August","164","Wexford, Co. Wexford","Weeks","12"
"ROA36C01","Estimated Time to Driving Test Invite at Month End","202208","2022 August","165","Wicklow, Co. Wicklow","Weeks","11"
"ROA36C01","Estimated Time to Driving Test Invite at Month End","202208","2022 August","167","Galway (Clybaun Hotel), Co. Galway","Weeks",""
"ROA36C01","Estimated Time to Driving Test Invite at Month End","202208","2022 August","168","Sandyford, Co. Dublin","Weeks",""
"ROA36C01","Estimated Time to Driving Test Invite at Month End","202208","2022 August","169","Drogheda – Southgate, Co. Louth","Weeks",""
"ROA36C01","Estimated Time to Driving Test Invite at Month End","202208","2022 August","170","Mitchelstown, Co. Cork","Weeks",""
"ROA36C01","Estimated Time to Driving Test Invite at Month End","202209","2022 September","-","All driving test centres","Weeks","14.6"
"ROA36C01","Estimated Time to Driving Test Invite at Month End","202209","2022 September","100","Athlone, Co. Westmeath","Weeks","15"
"ROA36C01","Estimated Time to Driving Test Invite at Month End","202209","2022 September","101","Ballina, Co. Mayo","Weeks","11"
"ROA36C01","Estimated Time to Driving Test Invite at Month End","202209","2022 September","102","Birr, Co. Offaly","Weeks","14"
"ROA36C01","Estimated Time to Driving Test Invite at Month End","202209","2022 September","103","Birr (County Arms Hotel), Co. Offaly","Weeks","13"
"ROA36C01","Estimated Time to Driving Test Invite at Month End","202209","2022 September","104","Buncrana, Co. Donegal","Weeks","12"
"ROA36C01","Estimated Time to Driving Test Invite at Month End","202209","2022 September","105","Carlow, Co. Carlow","Weeks",""
"ROA36C01","Estimated Time to Driving Test Invite at Month End","202209","2022 September","106","Carlow Talbot Hotel, Co. Carlow","Weeks","14"
"ROA36C01","Estimated Time to Driving Test Invite at Month End","202209","2022 September","107","Carrick On Shannon, Co. Leitrim","Weeks","16"
"ROA36C01","Estimated Time to Driving Test Invite at Month End","202209","2022 September","108","Castlebar, Co. Mayo","Weeks","7"
"ROA36C01","Estimated Time to Driving Test Invite at Month End","202209","2022 September","109","Cavan, Co. Cavan","Weeks","21"
"ROA36C01","Estimated Time to Driving Test Invite at Month End","202209","2022 September","110","Charlestown (Dublin), Co. Dublin","Weeks","14"
"ROA36C01","Estimated Time to Driving Test Invite at Month End","202209","2022 September","111","Clifden, Co. Galway","Weeks","9"
"ROA36C01","Estimated Time to Driving Test Invite at Month End","202209","2022 September","112","Clonmel, Co. Tipperary","Weeks","19"
"ROA36C01","Estimated Time to Driving Test Invite at Month End","202209","2022 September","113","Cork (Ballincollig), Co. Cork","Weeks",""
"ROA36C01","Estimated Time to Driving Test Invite at Month End","202209","2022 September","114","Cork (St. Finbarr's GAA Club Togher), Co. Cork","Weeks","17"
"ROA36C01","Estimated Time to Driving Test Invite at Month End","202209","2022 September","115","Cork (Wilton), Co. Cork","Weeks","13"
"ROA36C01","Estimated Time to Driving Test Invite at Month End","202209","2022 September","116","Donegal, Co. Donegal","Weeks","19"
"ROA36C01","Estimated Time to Driving Test Invite at Month End","202209","2022 September","117","Drogheda, Co. Louth","Weeks","30"
"ROA36C01","Estimated Time to Driving Test Invite at Month End","202209","2022 September","118","Dun Laoghaire / Deansgrange, Co. Dublin","Weeks","21"
"ROA36C01","Estimated Time to Driving Test Invite at Month End","202209","2022 September","119","Dundalk, Co. Louth","Weeks","17"
"ROA36C01","Estimated Time to Driving Test Invite at Month End","202209","2022 September","120","Dungarvan, Co. Waterford","Weeks","15"
"ROA36C01","Estimated Time to Driving Test Invite at Month End","202209","2022 September","121","Ennis, Co. Clare","Weeks","14"
"ROA36C01","Estimated Time to Driving Test Invite at Month End","202209","2022 September","122","Finglas, Co. Dublin","Weeks","17"
"ROA36C01","Estimated Time to Driving Test Invite at Month End","202209","2022 September","123","Galway (Carnmore), Co. Galway","Weeks","17"
"ROA36C01","Estimated Time to Driving Test Invite at Month End","202209","2022 September","124","Galway (Westside), Co. Galway","Weeks","20"
"ROA36C01","Estimated Time to Driving Test Invite at Month End","202209","2022 September","125","Gorey, Co. Wexford","Weeks","19"
"ROA36C01","Estimated Time to Driving Test Invite at Month End","202209","2022 September","126","Kilkenny (Govt Buildings), Co. Kilkenny","Weeks","6"
"ROA36C01","Estimated Time to Driving Test Invite at Month End","202209","2022 September","127","Kilkenny (O'Loughlin Gaels), Co. Kilkenny","Weeks","9"
"ROA36C01","Estimated Time to Driving Test Invite at Month End","202209","2022 September","128","Killarney, Co. Kerry","Weeks","10"
"ROA36C01","Estimated Time to Driving Test Invite at Month End","202209","2022 September","129","Killester, Co. Dublin","Weeks","26"
"ROA36C01","Estimated Time to Driving Test Invite at Month End","202209","2022 September","130","Kilrush, Co. Clare","Weeks","7"
"ROA36C01","Estimated Time to Driving Test Invite at Month End","202209","2022 September","131","Letterkenny, Co. Donegal","Weeks","14"
"ROA36C01","Estimated Time to Driving Test Invite at Month End","202209","2022 September","132","Limerick - Castlemungret, Co. Limerick","Weeks","22"
"ROA36C01","Estimated Time to Driving Test Invite at Month End","202209","2022 September","133","Limerick - Woodview, Co. Limerick","Weeks","17"
"ROA36C01","Estimated Time to Driving Test Invite at Month End","202209","2022 September","134","Limerick (Roxboro), Co. Limerick","Weeks",""
"ROA36C01","Estimated Time to Driving Test Invite at Month End","202209","2022 September","135","Longford, Co. Longford","Weeks","10"
"ROA36C01","Estimated Time to Driving Test Invite at Month End","202209","2022 September","136","Loughrea, Co. Galway","Weeks","16"
"ROA36C01","Estimated Time to Driving Test Invite at Month End","202209","2022 September","137","Loughrea (Lough Rea Hotel & Spa), Co. Galway","Weeks","14"
"ROA36C01","Estimated Time to Driving Test Invite at Month End","202209","2022 September","138","Mallow, Co. Cork","Weeks",""
"ROA36C01","Estimated Time to Driving Test Invite at Month End","202209","2022 September","139","Mallow (Cork Racecourse Mallow), Co. Cork","Weeks","11"
"ROA36C01","Estimated Time to Driving Test Invite at Month End","202209","2022 September","140","Monaghan, Co. Monaghan","Weeks","15"
"ROA36C01","Estimated Time to Driving Test Invite at Month End","202209","2022 September","141","Mulhuddart, Co. Dublin","Weeks","16"
"ROA36C01","Estimated Time to Driving Test Invite at Month End","202209","2022 September","142","Mulhuddart (Carlton Hotel), Co. Dublin","Weeks","15"
"ROA36C01","Estimated Time to Driving Test Invite at Month End","202209","2022 September","143","Mulhuddart Maple House, Co. Dublin","Weeks",""
"ROA36C01","Estimated Time to Driving Test Invite at Month End","202209","2022 September","144","Mullingar, Co. Westmeath","Weeks","10"
"ROA36C01","Estimated Time to Driving Test Invite at Month End","202209","2022 September","145","Naas, Co. Kildare","Weeks","16"
"ROA36C01","Estimated Time to Driving Test Invite at Month End","202209","2022 September","146","Navan, Co. Meath","Weeks","18"
"ROA36C01","Estimated Time to Driving Test Invite at Month End","202209","2022 September","147","Nenagh, Co. Tipperary","Weeks","10"
"ROA36C01","Estimated Time to Driving Test Invite at Month End","202209","2022 September","148","Newcastle West, Co. Limerick","Weeks","10"
"ROA36C01","Estimated Time to Driving Test Invite at Month End","202209","2022 September","149","Newcastle West (Longcourt House Hotel), Co. Limerick","Weeks","9"
"ROA36C01","Estimated Time to Driving Test Invite at Month End","202209","2022 September","150","Portlaoise, Co. Laois","Weeks","13"
"ROA36C01","Estimated Time to Driving Test Invite at Month End","202209","2022 September","166","Portlaoise (Maldron Hotel), Co. Laois","Weeks",""
"ROA36C01","Estimated Time to Driving Test Invite at Month End","202209","2022 September","151","Raheny, Co. Dublin","Weeks","18"
"ROA36C01","Estimated Time to Driving Test Invite at Month End","202209","2022 September","152","Roscommon, Co. Roscommon","Weeks","8"
"ROA36C01","Estimated Time to Driving Test Invite at Month End","202209","2022 September","153","Shannon, Co. Clare","Weeks","16"
"ROA36C01","Estimated Time to Driving Test Invite at Month End","202209","2022 September","154","Skibbereen, Co. Cork","Weeks","8"
"ROA36C01","Estimated Time to Driving Test Invite at Month End","202209","2022 September","155","Sligo, Co. Sligo","Weeks","13"
"ROA36C01","Estimated Time to Driving Test Invite at Month End","202209","2022 September","156","Tallaght, Co. Dublin","Weeks","24"
"ROA36C01","Estimated Time to Driving Test Invite at Month End","202209","2022 September","157","Thurles, Co. Tipperary","Weeks","16"
"ROA36C01","Estimated Time to Driving Test Invite at Month End","202209","2022 September","158","Tipperary, Co. Tipperary","Weeks","13"
"ROA36C01","Estimated Time to Driving Test Invite at Month End","202209","2022 September","159","Tralee, Co. Kerry","Weeks","9"
"ROA36C01","Estimated Time to Driving Test Invite at Month End","202209","2022 September","160","Tralee (HGV's), Co. Kerry","Weeks",""
"ROA36C01","Estimated Time to Driving Test Invite at Month End","202209","2022 September","161","Tuam, Co. Galway","Weeks","17"
"ROA36C01","Estimated Time to Driving Test Invite at Month End","202209","2022 September","162","Tullamore, Co. Offaly","Weeks","16"
"ROA36C01","Estimated Time to Driving Test Invite at Month End","202209","2022 September","163","Waterford, Co. Waterford","Weeks","14"
"ROA36C01","Estimated Time to Driving Test Invite at Month End","202209","2022 September","164","Wexford, Co. Wexford","Weeks","15"
"ROA36C01","Estimated Time to Driving Test Invite at Month End","202209","2022 September","165","Wicklow, Co. Wicklow","Weeks","10"
"ROA36C01","Estimated Time to Driving Test Invite at Month End","202209","2022 September","167","Galway (Clybaun Hotel), Co. Galway","Weeks",""
"ROA36C01","Estimated Time to Driving Test Invite at Month End","202209","2022 September","168","Sandyford, Co. Dublin","Weeks",""
"ROA36C01","Estimated Time to Driving Test Invite at Month End","202209","2022 September","169","Drogheda – Southgate, Co. Louth","Weeks",""
"ROA36C01","Estimated Time to Driving Test Invite at Month End","202209","2022 September","170","Mitchelstown, Co. Cork","Weeks",""
"ROA36C01","Estimated Time to Driving Test Invite at Month End","202210","2022 October","-","All driving test centres","Weeks","16.3"
"ROA36C01","Estimated Time to Driving Test Invite at Month End","202210","2022 October","100","Athlone, Co. Westmeath","Weeks","14"
"ROA36C01","Estimated Time to Driving Test Invite at Month End","202210","2022 October","101","Ballina, Co. Mayo","Weeks","14"
"ROA36C01","Estimated Time to Driving Test Invite at Month End","202210","2022 October","102","Birr, Co. Offaly","Weeks","16"
"ROA36C01","Estimated Time to Driving Test Invite at Month End","202210","2022 October","103","Birr (County Arms Hotel), Co. Offaly","Weeks",""
"ROA36C01","Estimated Time to Driving Test Invite at Month End","202210","2022 October","104","Buncrana, Co. Donegal","Weeks","11"
"ROA36C01","Estimated Time to Driving Test Invite at Month End","202210","2022 October","105","Carlow, Co. Carlow","Weeks",""
"ROA36C01","Estimated Time to Driving Test Invite at Month End","202210","2022 October","106","Carlow Talbot Hotel, Co. Carlow","Weeks","19"
"ROA36C01","Estimated Time to Driving Test Invite at Month End","202210","2022 October","107","Carrick On Shannon, Co. Leitrim","Weeks","13"
"ROA36C01","Estimated Time to Driving Test Invite at Month End","202210","2022 October","108","Castlebar, Co. Mayo","Weeks","14"
"ROA36C01","Estimated Time to Driving Test Invite at Month End","202210","2022 October","109","Cavan, Co. Cavan","Weeks","17"
"ROA36C01","Estimated Time to Driving Test Invite at Month End","202210","2022 October","110","Charlestown (Dublin), Co. Dublin","Weeks","17"
"ROA36C01","Estimated Time to Driving Test Invite at Month End","202210","2022 October","111","Clifden, Co. Galway","Weeks","10"
"ROA36C01","Estimated Time to Driving Test Invite at Month End","202210","2022 October","112","Clonmel, Co. Tipperary","Weeks","16"
"ROA36C01","Estimated Time to Driving Test Invite at Month End","202210","2022 October","113","Cork (Ballincollig), Co. Cork","Weeks",""
"ROA36C01","Estimated Time to Driving Test Invite at Month End","202210","2022 October","114","Cork (St. Finbarr's GAA Club Togher), Co. Cork","Weeks","20"
"ROA36C01","Estimated Time to Driving Test Invite at Month End","202210","2022 October","115","Cork (Wilton), Co. Cork","Weeks","12"
"ROA36C01","Estimated Time to Driving Test Invite at Month End","202210","2022 October","116","Donegal, Co. Donegal","Weeks","15"
"ROA36C01","Estimated Time to Driving Test Invite at Month End","202210","2022 October","117","Drogheda, Co. Louth","Weeks","31"
"ROA36C01","Estimated Time to Driving Test Invite at Month End","202210","2022 October","118","Dun Laoghaire / Deansgrange, Co. Dublin","Weeks","23"
"ROA36C01","Estimated Time to Driving Test Invite at Month End","202210","2022 October","119","Dundalk, Co. Louth","Weeks","18"
"ROA36C01","Estimated Time to Driving Test Invite at Month End","202210","2022 October","120","Dungarvan, Co. Waterford","Weeks","19"
"ROA36C01","Estimated Time to Driving Test Invite at Month End","202210","2022 October","121","Ennis, Co. Clare","Weeks","15"
"ROA36C01","Estimated Time to Driving Test Invite at Month End","202210","2022 October","122","Finglas, Co. Dublin","Weeks","20"
"ROA36C01","Estimated Time to Driving Test Invite at Month End","202210","2022 October","123","Galway (Carnmore), Co. Galway","Weeks","19"
"ROA36C01","Estimated Time to Driving Test Invite at Month End","202210","2022 October","124","Galway (Westside), Co. Galway","Weeks","20"
"ROA36C01","Estimated Time to Driving Test Invite at Month End","202210","2022 October","125","Gorey, Co. Wexford","Weeks","20"
"ROA36C01","Estimated Time to Driving Test Invite at Month End","202210","2022 October","126","Kilkenny (Govt Buildings), Co. Kilkenny","Weeks","11"
"ROA36C01","Estimated Time to Driving Test Invite at Month End","202210","2022 October","127","Kilkenny (O'Loughlin Gaels), Co. Kilkenny","Weeks","11"
"ROA36C01","Estimated Time to Driving Test Invite at Month End","202210","2022 October","128","Killarney, Co. Kerry","Weeks","12"
"ROA36C01","Estimated Time to Driving Test Invite at Month End","202210","2022 October","129","Killester, Co. Dublin","Weeks","29"
"ROA36C01","Estimated Time to Driving Test Invite at Month End","202210","2022 October","130","Kilrush, Co. Clare","Weeks","10"
"ROA36C01","Estimated Time to Driving Test Invite at Month End","202210","2022 October","131","Letterkenny, Co. Donegal","Weeks","11"
"ROA36C01","Estimated Time to Driving Test Invite at Month End","202210","2022 October","132","Limerick - Castlemungret, Co. Limerick","Weeks","26"
"ROA36C01","Estimated Time to Driving Test Invite at Month End","202210","2022 October","133","Limerick - Woodview, Co. Limerick","Weeks","17"
"ROA36C01","Estimated Time to Driving Test Invite at Month End","202210","2022 October","134","Limerick (Roxboro), Co. Limerick","Weeks",""
"ROA36C01","Estimated Time to Driving Test Invite at Month End","202210","2022 October","135","Longford, Co. Longford","Weeks","11"
"ROA36C01","Estimated Time to Driving Test Invite at Month End","202210","2022 October","136","Loughrea, Co. Galway","Weeks","21"
"ROA36C01","Estimated Time to Driving Test Invite at Month End","202210","2022 October","137","Loughrea (Lough Rea Hotel & Spa), Co. Galway","Weeks","19"
"ROA36C01","Estimated Time to Driving Test Invite at Month End","202210","2022 October","138","Mallow, Co. Cork","Weeks",""
"ROA36C01","Estimated Time to Driving Test Invite at Month End","202210","2022 October","139","Mallow (Cork Racecourse Mallow), Co. Cork","Weeks","12"
"ROA36C01","Estimated Time to Driving Test Invite at Month End","202210","2022 October","140","Monaghan, Co. Monaghan","Weeks","12"
"ROA36C01","Estimated Time to Driving Test Invite at Month End","202210","2022 October","141","Mulhuddart, Co. Dublin","Weeks","25"
"ROA36C01","Estimated Time to Driving Test Invite at Month End","202210","2022 October","142","Mulhuddart (Carlton Hotel), Co. Dublin","Weeks","21"
"ROA36C01","Estimated Time to Driving Test Invite at Month End","202210","2022 October","143","Mulhuddart Maple House, Co. Dublin","Weeks",""
"ROA36C01","Estimated Time to Driving Test Invite at Month End","202210","2022 October","144","Mullingar, Co. Westmeath","Weeks","12"
"ROA36C01","Estimated Time to Driving Test Invite at Month End","202210","2022 October","145","Naas, Co. Kildare","Weeks","20"
"ROA36C01","Estimated Time to Driving Test Invite at Month End","202210","2022 October","146","Navan, Co. Meath","Weeks","21"
"ROA36C01","Estimated Time to Driving Test Invite at Month End","202210","2022 October","147","Nenagh, Co. Tipperary","Weeks","11"
"ROA36C01","Estimated Time to Driving Test Invite at Month End","202210","2022 October","148","Newcastle West, Co. Limerick","Weeks","15"
"ROA36C01","Estimated Time to Driving Test Invite at Month End","202210","2022 October","149","Newcastle West (Longcourt House Hotel), Co. Limerick","Weeks","14"
"ROA36C01","Estimated Time to Driving Test Invite at Month End","202210","2022 October","150","Portlaoise, Co. Laois","Weeks","15"
"ROA36C01","Estimated Time to Driving Test Invite at Month End","202210","2022 October","166","Portlaoise (Maldron Hotel), Co. Laois","Weeks",""
"ROA36C01","Estimated Time to Driving Test Invite at Month End","202210","2022 October","151","Raheny, Co. Dublin","Weeks","23"
"ROA36C01","Estimated Time to Driving Test Invite at Month End","202210","2022 October","152","Roscommon, Co. Roscommon","Weeks","11"
"ROA36C01","Estimated Time to Driving Test Invite at Month End","202210","2022 October","153","Shannon, Co. Clare","Weeks","16"
"ROA36C01","Estimated Time to Driving Test Invite at Month End","202210","2022 October","154","Skibbereen, Co. Cork","Weeks","12"
"ROA36C01","Estimated Time to Driving Test Invite at Month End","202210","2022 October","155","Sligo, Co. Sligo","Weeks","16"
"ROA36C01","Estimated Time to Driving Test Invite at Month End","202210","2022 October","156","Tallaght, Co. Dublin","Weeks","26"
"ROA36C01","Estimated Time to Driving Test Invite at Month End","202210","2022 October","157","Thurles, Co. Tipperary","Weeks","10"
"ROA36C01","Estimated Time to Driving Test Invite at Month End","202210","2022 October","158","Tipperary, Co. Tipperary","Weeks","10"
"ROA36C01","Estimated Time to Driving Test Invite at Month End","202210","2022 October","159","Tralee, Co. Kerry","Weeks","10"
"ROA36C01","Estimated Time to Driving Test Invite at Month End","202210","2022 October","160","Tralee (HGV's), Co. Kerry","Weeks",""
"ROA36C01","Estimated Time to Driving Test Invite at Month End","202210","2022 October","161","Tuam, Co. Galway","Weeks","17"
"ROA36C01","Estimated Time to Driving Test Invite at Month End","202210","2022 October","162","Tullamore, Co. Offaly","Weeks","21"
"ROA36C01","Estimated Time to Driving Test Invite at Month End","202210","2022 October","163","Waterford, Co. Waterford","Weeks","12"
"ROA36C01","Estimated Time to Driving Test Invite at Month End","202210","2022 October","164","Wexford, Co. Wexford","Weeks","14"
"ROA36C01","Estimated Time to Driving Test Invite at Month End","202210","2022 October","165","Wicklow, Co. Wicklow","Weeks","15"
"ROA36C01","Estimated Time to Driving Test Invite at Month End","202210","2022 October","167","Galway (Clybaun Hotel), Co. Galway","Weeks",""
"ROA36C01","Estimated Time to Driving Test Invite at Month End","202210","2022 October","168","Sandyford, Co. Dublin","Weeks",""
"ROA36C01","Estimated Time to Driving Test Invite at Month End","202210","2022 October","169","Drogheda – Southgate, Co. Louth","Weeks",""
"ROA36C01","Estimated Time to Driving Test Invite at Month End","202210","2022 October","170","Mitchelstown, Co. Cork","Weeks",""
"ROA36C01","Estimated Time to Driving Test Invite at Month End","202211","2022 November","-","All driving test centres","Weeks","18.5"
"ROA36C01","Estimated Time to Driving Test Invite at Month End","202211","2022 November","100","Athlone, Co. Westmeath","Weeks","11"
"ROA36C01","Estimated Time to Driving Test Invite at Month End","202211","2022 November","101","Ballina, Co. Mayo","Weeks","13"
"ROA36C01","Estimated Time to Driving Test Invite at Month End","202211","2022 November","102","Birr, Co. Offaly","Weeks","24"
"ROA36C01","Estimated Time to Driving Test Invite at Month End","202211","2022 November","103","Birr (County Arms Hotel), Co. Offaly","Weeks",""
"ROA36C01","Estimated Time to Driving Test Invite at Month End","202211","2022 November","104","Buncrana, Co. Donegal","Weeks","11"
"ROA36C01","Estimated Time to Driving Test Invite at Month End","202211","2022 November","105","Carlow, Co. Carlow","Weeks",""
"ROA36C01","Estimated Time to Driving Test Invite at Month End","202211","2022 November","106","Carlow Talbot Hotel, Co. Carlow","Weeks","24"
"ROA36C01","Estimated Time to Driving Test Invite at Month End","202211","2022 November","107","Carrick On Shannon, Co. Leitrim","Weeks","15"
"ROA36C01","Estimated Time to Driving Test Invite at Month End","202211","2022 November","108","Castlebar, Co. Mayo","Weeks","11"
"ROA36C01","Estimated Time to Driving Test Invite at Month End","202211","2022 November","109","Cavan, Co. Cavan","Weeks","19"
"ROA36C01","Estimated Time to Driving Test Invite at Month End","202211","2022 November","110","Charlestown (Dublin), Co. Dublin","Weeks","18"
"ROA36C01","Estimated Time to Driving Test Invite at Month End","202211","2022 November","111","Clifden, Co. Galway","Weeks","13"
"ROA36C01","Estimated Time to Driving Test Invite at Month End","202211","2022 November","112","Clonmel, Co. Tipperary","Weeks","16"
"ROA36C01","Estimated Time to Driving Test Invite at Month End","202211","2022 November","113","Cork (Ballincollig), Co. Cork","Weeks",""
"ROA36C01","Estimated Time to Driving Test Invite at Month End","202211","2022 November","114","Cork (St. Finbarr's GAA Club Togher), Co. Cork","Weeks","21"
"ROA36C01","Estimated Time to Driving Test Invite at Month End","202211","2022 November","115","Cork (Wilton), Co. Cork","Weeks","15"
"ROA36C01","Estimated Time to Driving Test Invite at Month End","202211","2022 November","116","Donegal, Co. Donegal","Weeks","18"
"ROA36C01","Estimated Time to Driving Test Invite at Month End","202211","2022 November","117","Drogheda, Co. Louth","Weeks","38"
"ROA36C01","Estimated Time to Driving Test Invite at Month End","202211","2022 November","118","Dun Laoghaire / Deansgrange, Co. Dublin","Weeks","27"
"ROA36C01","Estimated Time to Driving Test Invite at Month End","202211","2022 November","119","Dundalk, Co. Louth","Weeks","25"
"ROA36C01","Estimated Time to Driving Test Invite at Month End","202211","2022 November","120","Dungarvan, Co. Waterford","Weeks","24"
"ROA36C01","Estimated Time to Driving Test Invite at Month End","202211","2022 November","121","Ennis, Co. Clare","Weeks","21"
"ROA36C01","Estimated Time to Driving Test Invite at Month End","202211","2022 November","122","Finglas, Co. Dublin","Weeks","15"
"ROA36C01","Estimated Time to Driving Test Invite at Month End","202211","2022 November","123","Galway (Carnmore), Co. Galway","Weeks","20"
"ROA36C01","Estimated Time to Driving Test Invite at Month End","202211","2022 November","124","Galway (Westside), Co. Galway","Weeks","38"
"ROA36C01","Estimated Time to Driving Test Invite at Month End","202211","2022 November","125","Gorey, Co. Wexford","Weeks","19"
"ROA36C01","Estimated Time to Driving Test Invite at Month End","202211","2022 November","126","Kilkenny (Govt Buildings), Co. Kilkenny","Weeks","13"
"ROA36C01","Estimated Time to Driving Test Invite at Month End","202211","2022 November","127","Kilkenny (O'Loughlin Gaels), Co. Kilkenny","Weeks","13"
"ROA36C01","Estimated Time to Driving Test Invite at Month End","202211","2022 November","128","Killarney, Co. Kerry","Weeks","13"
"ROA36C01","Estimated Time to Driving Test Invite at Month End","202211","2022 November","129","Killester, Co. Dublin","Weeks","30"
"ROA36C01","Estimated Time to Driving Test Invite at Month End","202211","2022 November","130","Kilrush, Co. Clare","Weeks","14"
"ROA36C01","Estimated Time to Driving Test Invite at Month End","202211","2022 November","131","Letterkenny, Co. Donegal","Weeks","10"
"ROA36C01","Estimated Time to Driving Test Invite at Month End","202211","2022 November","132","Limerick - Castlemungret, Co. Limerick","Weeks","20"
"ROA36C01","Estimated Time to Driving Test Invite at Month End","202211","2022 November","133","Limerick - Woodview, Co. Limerick","Weeks","32"
"ROA36C01","Estimated Time to Driving Test Invite at Month End","202211","2022 November","134","Limerick (Roxboro), Co. Limerick","Weeks",""
"ROA36C01","Estimated Time to Driving Test Invite at Month End","202211","2022 November","135","Longford, Co. Longford","Weeks","14"
"ROA36C01","Estimated Time to Driving Test Invite at Month End","202211","2022 November","136","Loughrea, Co. Galway","Weeks","30"
"ROA36C01","Estimated Time to Driving Test Invite at Month End","202211","2022 November","137","Loughrea (Lough Rea Hotel & Spa), Co. Galway","Weeks","19"
"ROA36C01","Estimated Time to Driving Test Invite at Month End","202211","2022 November","138","Mallow, Co. Cork","Weeks",""
"ROA36C01","Estimated Time to Driving Test Invite at Month End","202211","2022 November","139","Mallow (Cork Racecourse Mallow), Co. Cork","Weeks","13"
"ROA36C01","Estimated Time to Driving Test Invite at Month End","202211","2022 November","140","Monaghan, Co. Monaghan","Weeks","9"
"ROA36C01","Estimated Time to Driving Test Invite at Month End","202211","2022 November","141","Mulhuddart, Co. Dublin","Weeks","25"
"ROA36C01","Estimated Time to Driving Test Invite at Month End","202211","2022 November","142","Mulhuddart (Carlton Hotel), Co. Dublin","Weeks","15"
"ROA36C01","Estimated Time to Driving Test Invite at Month End","202211","2022 November","143","Mulhuddart Maple House, Co. Dublin","Weeks",""
"ROA36C01","Estimated Time to Driving Test Invite at Month End","202211","2022 November","144","Mullingar, Co. Westmeath","Weeks","11"
"ROA36C01","Estimated Time to Driving Test Invite at Month End","202211","2022 November","145","Naas, Co. Kildare","Weeks","18"
"ROA36C01","Estimated Time to Driving Test Invite at Month End","202211","2022 November","146","Navan, Co. Meath","Weeks","31"
"ROA36C01","Estimated Time to Driving Test Invite at Month End","202211","2022 November","147","Nenagh, Co. Tipperary","Weeks","14"
"ROA36C01","Estimated Time to Driving Test Invite at Month End","202211","2022 November","148","Newcastle West, Co. Limerick","Weeks","22"
"ROA36C01","Estimated Time to Driving Test Invite at Month End","202211","2022 November","149","Newcastle West (Longcourt House Hotel), Co. Limerick","Weeks","15"
"ROA36C01","Estimated Time to Driving Test Invite at Month End","202211","2022 November","150","Portlaoise, Co. Laois","Weeks","16"
"ROA36C01","Estimated Time to Driving Test Invite at Month End","202211","2022 November","166","Portlaoise (Maldron Hotel), Co. Laois","Weeks",""
"ROA36C01","Estimated Time to Driving Test Invite at Month End","202211","2022 November","151","Raheny, Co. Dublin","Weeks","19"
"ROA36C01","Estimated Time to Driving Test Invite at Month End","202211","2022 November","152","Roscommon, Co. Roscommon","Weeks","11"
"ROA36C01","Estimated Time to Driving Test Invite at Month End","202211","2022 November","153","Shannon, Co. Clare","Weeks","28"
"ROA36C01","Estimated Time to Driving Test Invite at Month End","202211","2022 November","154","Skibbereen, Co. Cork","Weeks","21"
"ROA36C01","Estimated Time to Driving Test Invite at Month End","202211","2022 November","155","Sligo, Co. Sligo","Weeks","12"
"ROA36C01","Estimated Time to Driving Test Invite at Month End","202211","2022 November","156","Tallaght, Co. Dublin","Weeks","29"
"ROA36C01","Estimated Time to Driving Test Invite at Month End","202211","2022 November","157","Thurles, Co. Tipperary","Weeks","11"
"ROA36C01","Estimated Time to Driving Test Invite at Month End","202211","2022 November","158","Tipperary, Co. Tipperary","Weeks","10"
"ROA36C01","Estimated Time to Driving Test Invite at Month End","202211","2022 November","159","Tralee, Co. Kerry","Weeks","15"
"ROA36C01","Estimated Time to Driving Test Invite at Month End","202211","2022 November","160","Tralee (HGV's), Co. Kerry","Weeks",""
"ROA36C01","Estimated Time to Driving Test Invite at Month End","202211","2022 November","161","Tuam, Co. Galway","Weeks","20"
"ROA36C01","Estimated Time to Driving Test Invite at Month End","202211","2022 November","162","Tullamore, Co. Offaly","Weeks","20"
"ROA36C01","Estimated Time to Driving Test Invite at Month End","202211","2022 November","163","Waterford, Co. Waterford","Weeks","15"
"ROA36C01","Estimated Time to Driving Test Invite at Month End","202211","2022 November","164","Wexford, Co. Wexford","Weeks","13"
"ROA36C01","Estimated Time to Driving Test Invite at Month End","202211","2022 November","165","Wicklow, Co. Wicklow","Weeks","15"
"ROA36C01","Estimated Time to Driving Test Invite at Month End","202211","2022 November","167","Galway (Clybaun Hotel), Co. Galway","Weeks",""
"ROA36C01","Estimated Time to Driving Test Invite at Month End","202211","2022 November","168","Sandyford, Co. Dublin","Weeks",""
"ROA36C01","Estimated Time to Driving Test Invite at Month End","202211","2022 November","169","Drogheda – Southgate, Co. Louth","Weeks",""
"ROA36C01","Estimated Time to Driving Test Invite at Month End","202211","2022 November","170","Mitchelstown, Co. Cork","Weeks",""
"ROA36C01","Estimated Time to Driving Test Invite at Month End","202212","2022 December","-","All driving test centres","Weeks","19.4"
"ROA36C01","Estimated Time to Driving Test Invite at Month End","202212","2022 December","100","Athlone, Co. Westmeath","Weeks","12"
"ROA36C01","Estimated Time to Driving Test Invite at Month End","202212","2022 December","101","Ballina, Co. Mayo","Weeks","15"
"ROA36C01","Estimated Time to Driving Test Invite at Month End","202212","2022 December","102","Birr, Co. Offaly","Weeks","34"
"ROA36C01","Estimated Time to Driving Test Invite at Month End","202212","2022 December","103","Birr (County Arms Hotel), Co. Offaly","Weeks",""
"ROA36C01","Estimated Time to Driving Test Invite at Month End","202212","2022 December","104","Buncrana, Co. Donegal","Weeks","8"
"ROA36C01","Estimated Time to Driving Test Invite at Month End","202212","2022 December","105","Carlow, Co. Carlow","Weeks",""
"ROA36C01","Estimated Time to Driving Test Invite at Month End","202212","2022 December","106","Carlow Talbot Hotel, Co. Carlow","Weeks","26"
"ROA36C01","Estimated Time to Driving Test Invite at Month End","202212","2022 December","107","Carrick On Shannon, Co. Leitrim","Weeks","17"
"ROA36C01","Estimated Time to Driving Test Invite at Month End","202212","2022 December","108","Castlebar, Co. Mayo","Weeks","10"
"ROA36C01","Estimated Time to Driving Test Invite at Month End","202212","2022 December","109","Cavan, Co. Cavan","Weeks","19"
"ROA36C01","Estimated Time to Driving Test Invite at Month End","202212","2022 December","110","Charlestown (Dublin), Co. Dublin","Weeks","11"
"ROA36C01","Estimated Time to Driving Test Invite at Month End","202212","2022 December","111","Clifden, Co. Galway","Weeks","16"
"ROA36C01","Estimated Time to Driving Test Invite at Month End","202212","2022 December","112","Clonmel, Co. Tipperary","Weeks","26"
"ROA36C01","Estimated Time to Driving Test Invite at Month End","202212","2022 December","113","Cork (Ballincollig), Co. Cork","Weeks",""
"ROA36C01","Estimated Time to Driving Test Invite at Month End","202212","2022 December","114","Cork (St. Finbarr's GAA Club Togher), Co. Cork","Weeks","24"
"ROA36C01","Estimated Time to Driving Test Invite at Month End","202212","2022 December","115","Cork (Wilton), Co. Cork","Weeks","8"
"ROA36C01","Estimated Time to Driving Test Invite at Month End","202212","2022 December","116","Donegal, Co. Donegal","Weeks","18"
"ROA36C01","Estimated Time to Driving Test Invite at Month End","202212","2022 December","117","Drogheda, Co. Louth","Weeks","39"
"ROA36C01","Estimated Time to Driving Test Invite at Month End","202212","2022 December","118","Dun Laoghaire / Deansgrange, Co. Dublin","Weeks","41"
"ROA36C01","Estimated Time to Driving Test Invite at Month End","202212","2022 December","119","Dundalk, Co. Louth","Weeks","11"
"ROA36C01","Estimated Time to Driving Test Invite at Month End","202212","2022 December","120","Dungarvan, Co. Waterford","Weeks","23"
"ROA36C01","Estimated Time to Driving Test Invite at Month End","202212","2022 December","121","Ennis, Co. Clare","Weeks","20"
"ROA36C01","Estimated Time to Driving Test Invite at Month End","202212","2022 December","122","Finglas, Co. Dublin","Weeks","19"
"ROA36C01","Estimated Time to Driving Test Invite at Month End","202212","2022 December","123","Galway (Carnmore), Co. Galway","Weeks","17"
"ROA36C01","Estimated Time to Driving Test Invite at Month End","202212","2022 December","124","Galway (Westside), Co. Galway","Weeks","10"
"ROA36C01","Estimated Time to Driving Test Invite at Month End","202212","2022 December","125","Gorey, Co. Wexford","Weeks","19"
"ROA36C01","Estimated Time to Driving Test Invite at Month End","202212","2022 December","126","Kilkenny (Govt Buildings), Co. Kilkenny","Weeks","20"
"ROA36C01","Estimated Time to Driving Test Invite at Month End","202212","2022 December","127","Kilkenny (O'Loughlin Gaels), Co. Kilkenny","Weeks","18"
"ROA36C01","Estimated Time to Driving Test Invite at Month End","202212","2022 December","128","Killarney, Co. Kerry","Weeks","25"
"ROA36C01","Estimated Time to Driving Test Invite at Month End","202212","2022 December","129","Killester, Co. Dublin","Weeks","32"
"ROA36C01","Estimated Time to Driving Test Invite at Month End","202212","2022 December","130","Kilrush, Co. Clare","Weeks","15"
"ROA36C01","Estimated Time to Driving Test Invite at Month End","202212","2022 December","131","Letterkenny, Co. Donegal","Weeks","8"
"ROA36C01","Estimated Time to Driving Test Invite at Month End","202212","2022 December","132","Limerick - Castlemungret, Co. Limerick","Weeks","26"
"ROA36C01","Estimated Time to Driving Test Invite at Month End","202212","2022 December","133","Limerick - Woodview, Co. Limerick","Weeks","20"
"ROA36C01","Estimated Time to Driving Test Invite at Month End","202212","2022 December","134","Limerick (Roxboro), Co. Limerick","Weeks",""
"ROA36C01","Estimated Time to Driving Test Invite at Month End","202212","2022 December","135","Longford, Co. Longford","Weeks","16"
"ROA36C01","Estimated Time to Driving Test Invite at Month End","202212","2022 December","136","Loughrea, Co. Galway","Weeks","31"
"ROA36C01","Estimated Time to Driving Test Invite at Month End","202212","2022 December","137","Loughrea (Lough Rea Hotel & Spa), Co. Galway","Weeks","24"
"ROA36C01","Estimated Time to Driving Test Invite at Month End","202212","2022 December","138","Mallow, Co. Cork","Weeks",""
"ROA36C01","Estimated Time to Driving Test Invite at Month End","202212","2022 December","139","Mallow (Cork Racecourse Mallow), Co. Cork","Weeks","19"
"ROA36C01","Estimated Time to Driving Test Invite at Month End","202212","2022 December","140","Monaghan, Co. Monaghan","Weeks","15"
"ROA36C01","Estimated Time to Driving Test Invite at Month End","202212","2022 December","141","Mulhuddart, Co. Dublin","Weeks","28"
"ROA36C01","Estimated Time to Driving Test Invite at Month End","202212","2022 December","142","Mulhuddart (Carlton Hotel), Co. Dublin","Weeks","26"
"ROA36C01","Estimated Time to Driving Test Invite at Month End","202212","2022 December","143","Mulhuddart Maple House, Co. Dublin","Weeks",""
"ROA36C01","Estimated Time to Driving Test Invite at Month End","202212","2022 December","144","Mullingar, Co. Westmeath","Weeks","10"
"ROA36C01","Estimated Time to Driving Test Invite at Month End","202212","2022 December","145","Naas, Co. Kildare","Weeks","24"
"ROA36C01","Estimated Time to Driving Test Invite at Month End","202212","2022 December","146","Navan, Co. Meath","Weeks","14"
"ROA36C01","Estimated Time to Driving Test Invite at Month End","202212","2022 December","147","Nenagh, Co. Tipperary","Weeks","10"
"ROA36C01","Estimated Time to Driving Test Invite at Month End","202212","2022 December","148","Newcastle West, Co. Limerick","Weeks","23"
"ROA36C01","Estimated Time to Driving Test Invite at Month End","202212","2022 December","149","Newcastle West (Longcourt House Hotel), Co. Limerick","Weeks","18"
"ROA36C01","Estimated Time to Driving Test Invite at Month End","202212","2022 December","150","Portlaoise, Co. Laois","Weeks","19"
"ROA36C01","Estimated Time to Driving Test Invite at Month End","202212","2022 December","166","Portlaoise (Maldron Hotel), Co. Laois","Weeks",""
"ROA36C01","Estimated Time to Driving Test Invite at Month End","202212","2022 December","151","Raheny, Co. Dublin","Weeks","24"
"ROA36C01","Estimated Time to Driving Test Invite at Month End","202212","2022 December","152","Roscommon, Co. Roscommon","Weeks","11"
"ROA36C01","Estimated Time to Driving Test Invite at Month End","202212","2022 December","153","Shannon, Co. Clare","Weeks","35"
"ROA36C01","Estimated Time to Driving Test Invite at Month End","202212","2022 December","154","Skibbereen, Co. Cork","Weeks","25"
"ROA36C01","Estimated Time to Driving Test Invite at Month End","202212","2022 December","155","Sligo, Co. Sligo","Weeks","7"
"ROA36C01","Estimated Time to Driving Test Invite at Month End","202212","2022 December","156","Tallaght, Co. Dublin","Weeks","29"
"ROA36C01","Estimated Time to Driving Test Invite at Month End","202212","2022 December","157","Thurles, Co. Tipperary","Weeks","11"
"ROA36C01","Estimated Time to Driving Test Invite at Month End","202212","2022 December","158","Tipperary, Co. Tipperary","Weeks","11"
"ROA36C01","Estimated Time to Driving Test Invite at Month End","202212","2022 December","159","Tralee, Co. Kerry","Weeks","21"
"ROA36C01","Estimated Time to Driving Test Invite at Month End","202212","2022 December","160","Tralee (HGV's), Co. Kerry","Weeks",""
"ROA36C01","Estimated Time to Driving Test Invite at Month End","202212","2022 December","161","Tuam, Co. Galway","Weeks","19"
"ROA36C01","Estimated Time to Driving Test Invite at Month End","202212","2022 December","162","Tullamore, Co. Offaly","Weeks","13"
"ROA36C01","Estimated Time to Driving Test Invite at Month End","202212","2022 December","163","Waterford, Co. Waterford","Weeks","18"
"ROA36C01","Estimated Time to Driving Test Invite at Month End","202212","2022 December","164","Wexford, Co. Wexford","Weeks","19"
"ROA36C01","Estimated Time to Driving Test Invite at Month End","202212","2022 December","165","Wicklow, Co. Wicklow","Weeks","19"
"ROA36C01","Estimated Time to Driving Test Invite at Month End","202212","2022 December","167","Galway (Clybaun Hotel), Co. Galway","Weeks",""
"ROA36C01","Estimated Time to Driving Test Invite at Month End","202212","2022 December","168","Sandyford, Co. Dublin","Weeks",""
"ROA36C01","Estimated Time to Driving Test Invite at Month End","202212","2022 December","169","Drogheda – Southgate, Co. Louth","Weeks",""
"ROA36C01","Estimated Time to Driving Test Invite at Month End","202212","2022 December","170","Mitchelstown, Co. Cork","Weeks",""
"ROA36C01","Estimated Time to Driving Test Invite at Month End","202301","2023 January","-","All driving test centres","Weeks","21.2"
"ROA36C01","Estimated Time to Driving Test Invite at Month End","202301","2023 January","100","Athlone, Co. Westmeath","Weeks","10"
"ROA36C01","Estimated Time to Driving Test Invite at Month End","202301","2023 January","101","Ballina, Co. Mayo","Weeks","13"
"ROA36C01","Estimated Time to Driving Test Invite at Month End","202301","2023 January","102","Birr, Co. Offaly","Weeks","30"
"ROA36C01","Estimated Time to Driving Test Invite at Month End","202301","2023 January","103","Birr (County Arms Hotel), Co. Offaly","Weeks",""
"ROA36C01","Estimated Time to Driving Test Invite at Month End","202301","2023 January","104","Buncrana, Co. Donegal","Weeks","14"
"ROA36C01","Estimated Time to Driving Test Invite at Month End","202301","2023 January","105","Carlow, Co. Carlow","Weeks",""
"ROA36C01","Estimated Time to Driving Test Invite at Month End","202301","2023 January","106","Carlow Talbot Hotel, Co. Carlow","Weeks","28"
"ROA36C01","Estimated Time to Driving Test Invite at Month End","202301","2023 January","107","Carrick On Shannon, Co. Leitrim","Weeks","17"
"ROA36C01","Estimated Time to Driving Test Invite at Month End","202301","2023 January","108","Castlebar, Co. Mayo","Weeks","10"
"ROA36C01","Estimated Time to Driving Test Invite at Month End","202301","2023 January","109","Cavan, Co. Cavan","Weeks","21"
"ROA36C01","Estimated Time to Driving Test Invite at Month End","202301","2023 January","110","Charlestown (Dublin), Co. Dublin","Weeks","27"
"ROA36C01","Estimated Time to Driving Test Invite at Month End","202301","2023 January","111","Clifden, Co. Galway","Weeks","16"
"ROA36C01","Estimated Time to Driving Test Invite at Month End","202301","2023 January","112","Clonmel, Co. Tipperary","Weeks","23"
"ROA36C01","Estimated Time to Driving Test Invite at Month End","202301","2023 January","113","Cork (Ballincollig), Co. Cork","Weeks",""
"ROA36C01","Estimated Time to Driving Test Invite at Month End","202301","2023 January","114","Cork (St. Finbarr's GAA Club Togher), Co. Cork","Weeks","27"
"ROA36C01","Estimated Time to Driving Test Invite at Month End","202301","2023 January","115","Cork (Wilton), Co. Cork","Weeks","8"
"ROA36C01","Estimated Time to Driving Test Invite at Month End","202301","2023 January","116","Donegal, Co. Donegal","Weeks","18"
"ROA36C01","Estimated Time to Driving Test Invite at Month End","202301","2023 January","117","Drogheda, Co. Louth","Weeks","37"
"ROA36C01","Estimated Time to Driving Test Invite at Month End","202301","2023 January","118","Dun Laoghaire / Deansgrange, Co. Dublin","Weeks","42"
"ROA36C01","Estimated Time to Driving Test Invite at Month End","202301","2023 January","119","Dundalk, Co. Louth","Weeks","16"
"ROA36C01","Estimated Time to Driving Test Invite at Month End","202301","2023 January","120","Dungarvan, Co. Waterford","Weeks","28"
"ROA36C01","Estimated Time to Driving Test Invite at Month End","202301","2023 January","121","Ennis, Co. Clare","Weeks","21"
"ROA36C01","Estimated Time to Driving Test Invite at Month End","202301","2023 January","122","Finglas, Co. Dublin","Weeks","21"
"ROA36C01","Estimated Time to Driving Test Invite at Month End","202301","2023 January","123","Galway (Carnmore), Co. Galway","Weeks","20"
"ROA36C01","Estimated Time to Driving Test Invite at Month End","202301","2023 January","124","Galway (Westside), Co. Galway","Weeks","12"
"ROA36C01","Estimated Time to Driving Test Invite at Month End","202301","2023 January","125","Gorey, Co. Wexford","Weeks","22"
"ROA36C01","Estimated Time to Driving Test Invite at Month End","202301","2023 January","126","Kilkenny (Govt Buildings), Co. Kilkenny","Weeks","20"
"ROA36C01","Estimated Time to Driving Test Invite at Month End","202301","2023 January","127","Kilkenny (O'Loughlin Gaels), Co. Kilkenny","Weeks","21"
"ROA36C01","Estimated Time to Driving Test Invite at Month End","202301","2023 January","128","Killarney, Co. Kerry","Weeks","27"
"ROA36C01","Estimated Time to Driving Test Invite at Month End","202301","2023 January","129","Killester, Co. Dublin","Weeks","34"
"ROA36C01","Estimated Time to Driving Test Invite at Month End","202301","2023 January","130","Kilrush, Co. Clare","Weeks","17"
"ROA36C01","Estimated Time to Driving Test Invite at Month End","202301","2023 January","131","Letterkenny, Co. Donegal","Weeks","11"
"ROA36C01","Estimated Time to Driving Test Invite at Month End","202301","2023 January","132","Limerick - Castlemungret, Co. Limerick","Weeks","25"
"ROA36C01","Estimated Time to Driving Test Invite at Month End","202301","2023 January","133","Limerick - Woodview, Co. Limerick","Weeks","22"
"ROA36C01","Estimated Time to Driving Test Invite at Month End","202301","2023 January","134","Limerick (Roxboro), Co. Limerick","Weeks",""
"ROA36C01","Estimated Time to Driving Test Invite at Month End","202301","2023 January","135","Longford, Co. Longford","Weeks","16"
"ROA36C01","Estimated Time to Driving Test Invite at Month End","202301","2023 January","136","Loughrea, Co. Galway","Weeks","33"
"ROA36C01","Estimated Time to Driving Test Invite at Month End","202301","2023 January","137","Loughrea (Lough Rea Hotel & Spa), Co. Galway","Weeks","24"
"ROA36C01","Estimated Time to Driving Test Invite at Month End","202301","2023 January","138","Mallow, Co. Cork","Weeks",""
"ROA36C01","Estimated Time to Driving Test Invite at Month End","202301","2023 January","139","Mallow (Cork Racecourse Mallow), Co. Cork","Weeks","19"
"ROA36C01","Estimated Time to Driving Test Invite at Month End","202301","2023 January","140","Monaghan, Co. Monaghan","Weeks","12"
"ROA36C01","Estimated Time to Driving Test Invite at Month End","202301","2023 January","141","Mulhuddart, Co. Dublin","Weeks","32"
"ROA36C01","Estimated Time to Driving Test Invite at Month End","202301","2023 January","142","Mulhuddart (Carlton Hotel), Co. Dublin","Weeks","25"
"ROA36C01","Estimated Time to Driving Test Invite at Month End","202301","2023 January","143","Mulhuddart Maple House, Co. Dublin","Weeks",""
"ROA36C01","Estimated Time to Driving Test Invite at Month End","202301","2023 January","144","Mullingar, Co. Westmeath","Weeks","13"
"ROA36C01","Estimated Time to Driving Test Invite at Month End","202301","2023 January","145","Naas, Co. Kildare","Weeks","28"
"ROA36C01","Estimated Time to Driving Test Invite at Month End","202301","2023 January","146","Navan, Co. Meath","Weeks","10"
"ROA36C01","Estimated Time to Driving Test Invite at Month End","202301","2023 January","147","Nenagh, Co. Tipperary","Weeks","18"
"ROA36C01","Estimated Time to Driving Test Invite at Month End","202301","2023 January","148","Newcastle West, Co. Limerick","Weeks","27"
"ROA36C01","Estimated Time to Driving Test Invite at Month End","202301","2023 January","149","Newcastle West (Longcourt House Hotel), Co. Limerick","Weeks","22"
"ROA36C01","Estimated Time to Driving Test Invite at Month End","202301","2023 January","150","Portlaoise, Co. Laois","Weeks","20"
"ROA36C01","Estimated Time to Driving Test Invite at Month End","202301","2023 January","166","Portlaoise (Maldron Hotel), Co. Laois","Weeks",""
"ROA36C01","Estimated Time to Driving Test Invite at Month End","202301","2023 January","151","Raheny, Co. Dublin","Weeks","28"
"ROA36C01","Estimated Time to Driving Test Invite at Month End","202301","2023 January","152","Roscommon, Co. Roscommon","Weeks","13"
"ROA36C01","Estimated Time to Driving Test Invite at Month End","202301","2023 January","153","Shannon, Co. Clare","Weeks","36"
"ROA36C01","Estimated Time to Driving Test Invite at Month End","202301","2023 January","154","Skibbereen, Co. Cork","Weeks","19"
"ROA36C01","Estimated Time to Driving Test Invite at Month End","202301","2023 January","155","Sligo, Co. Sligo","Weeks","11"
"ROA36C01","Estimated Time to Driving Test Invite at Month End","202301","2023 January","156","Tallaght, Co. Dublin","Weeks","35"
"ROA36C01","Estimated Time to Driving Test Invite at Month End","202301","2023 January","157","Thurles, Co. Tipperary","Weeks","15"
"ROA36C01","Estimated Time to Driving Test Invite at Month End","202301","2023 January","158","Tipperary, Co. Tipperary","Weeks","9"
"ROA36C01","Estimated Time to Driving Test Invite at Month End","202301","2023 January","159","Tralee, Co. Kerry","Weeks","15"
"ROA36C01","Estimated Time to Driving Test Invite at Month End","202301","2023 January","160","Tralee (HGV's), Co. Kerry","Weeks",""
"ROA36C01","Estimated Time to Driving Test Invite at Month End","202301","2023 January","161","Tuam, Co. Galway","Weeks","21"
"ROA36C01","Estimated Time to Driving Test Invite at Month End","202301","2023 January","162","Tullamore, Co. Offaly","Weeks","14"
"ROA36C01","Estimated Time to Driving Test Invite at Month End","202301","2023 January","163","Waterford, Co. Waterford","Weeks","20"
"ROA36C01","Estimated Time to Driving Test Invite at Month End","202301","2023 January","164","Wexford, Co. Wexford","Weeks","22"
"ROA36C01","Estimated Time to Driving Test Invite at Month End","202301","2023 January","165","Wicklow, Co. Wicklow","Weeks","33"
"ROA36C01","Estimated Time to Driving Test Invite at Month End","202301","2023 January","167","Galway (Clybaun Hotel), Co. Galway","Weeks",""
"ROA36C01","Estimated Time to Driving Test Invite at Month End","202301","2023 January","168","Sandyford, Co. Dublin","Weeks",""
"ROA36C01","Estimated Time to Driving Test Invite at Month End","202301","2023 January","169","Drogheda – Southgate, Co. Louth","Weeks",""
"ROA36C01","Estimated Time to Driving Test Invite at Month End","202301","2023 January","170","Mitchelstown, Co. Cork","Weeks",""
"ROA36C01","Estimated Time to Driving Test Invite at Month End","202302","2023 February","-","All driving test centres","Weeks","20.2"
"ROA36C01","Estimated Time to Driving Test Invite at Month End","202302","2023 February","100","Athlone, Co. Westmeath","Weeks","11"
"ROA36C01","Estimated Time to Driving Test Invite at Month End","202302","2023 February","101","Ballina, Co. Mayo","Weeks","10"
"ROA36C01","Estimated Time to Driving Test Invite at Month End","202302","2023 February","102","Birr, Co. Offaly","Weeks","30"
"ROA36C01","Estimated Time to Driving Test Invite at Month End","202302","2023 February","103","Birr (County Arms Hotel), Co. Offaly","Weeks",""
"ROA36C01","Estimated Time to Driving Test Invite at Month End","202302","2023 February","104","Buncrana, Co. Donegal","Weeks","14"
"ROA36C01","Estimated Time to Driving Test Invite at Month End","202302","2023 February","105","Carlow, Co. Carlow","Weeks",""
"ROA36C01","Estimated Time to Driving Test Invite at Month End","202302","2023 February","106","Carlow Talbot Hotel, Co. Carlow","Weeks","27"
"ROA36C01","Estimated Time to Driving Test Invite at Month End","202302","2023 February","107","Carrick On Shannon, Co. Leitrim","Weeks","14"
"ROA36C01","Estimated Time to Driving Test Invite at Month End","202302","2023 February","108","Castlebar, Co. Mayo","Weeks","11"
"ROA36C01","Estimated Time to Driving Test Invite at Month End","202302","2023 February","109","Cavan, Co. Cavan","Weeks","19"
"ROA36C01","Estimated Time to Driving Test Invite at Month End","202302","2023 February","110","Charlestown (Dublin), Co. Dublin","Weeks","27"
"ROA36C01","Estimated Time to Driving Test Invite at Month End","202302","2023 February","111","Clifden, Co. Galway","Weeks","24"
"ROA36C01","Estimated Time to Driving Test Invite at Month End","202302","2023 February","112","Clonmel, Co. Tipperary","Weeks","23"
"ROA36C01","Estimated Time to Driving Test Invite at Month End","202302","2023 February","113","Cork (Ballincollig), Co. Cork","Weeks",""
"ROA36C01","Estimated Time to Driving Test Invite at Month End","202302","2023 February","114","Cork (St. Finbarr's GAA Club Togher), Co. Cork","Weeks",""
"ROA36C01","Estimated Time to Driving Test Invite at Month End","202302","2023 February","115","Cork (Wilton), Co. Cork","Weeks","11"
"ROA36C01","Estimated Time to Driving Test Invite at Month End","202302","2023 February","116","Donegal, Co. Donegal","Weeks","17"
"ROA36C01","Estimated Time to Driving Test Invite at Month End","202302","2023 February","117","Drogheda, Co. Louth","Weeks","43"
"ROA36C01","Estimated Time to Driving Test Invite at Month End","202302","2023 February","118","Dun Laoghaire / Deansgrange, Co. Dublin","Weeks","46"
"ROA36C01","Estimated Time to Driving Test Invite at Month End","202302","2023 February","119","Dundalk, Co. Louth","Weeks","12"
"ROA36C01","Estimated Time to Driving Test Invite at Month End","202302","2023 February","120","Dungarvan, Co. Waterford","Weeks","28"
"ROA36C01","Estimated Time to Driving Test Invite at Month End","202302","2023 February","121","Ennis, Co. Clare","Weeks","21"
"ROA36C01","Estimated Time to Driving Test Invite at Month End","202302","2023 February","122","Finglas, Co. Dublin","Weeks","20"
"ROA36C01","Estimated Time to Driving Test Invite at Month End","202302","2023 February","123","Galway (Carnmore), Co. Galway","Weeks","16"
"ROA36C01","Estimated Time to Driving Test Invite at Month End","202302","2023 February","124","Galway (Westside), Co. Galway","Weeks","14"
"ROA36C01","Estimated Time to Driving Test Invite at Month End","202302","2023 February","125","Gorey, Co. Wexford","Weeks","21"
"ROA36C01","Estimated Time to Driving Test Invite at Month End","202302","2023 February","126","Kilkenny (Govt Buildings), Co. Kilkenny","Weeks","18"
"ROA36C01","Estimated Time to Driving Test Invite at Month End","202302","2023 February","127","Kilkenny (O'Loughlin Gaels), Co. Kilkenny","Weeks","20"
"ROA36C01","Estimated Time to Driving Test Invite at Month End","202302","2023 February","128","Killarney, Co. Kerry","Weeks","27"
"ROA36C01","Estimated Time to Driving Test Invite at Month End","202302","2023 February","129","Killester, Co. Dublin","Weeks","36"
"ROA36C01","Estimated Time to Driving Test Invite at Month End","202302","2023 February","130","Kilrush, Co. Clare","Weeks","16"
"ROA36C01","Estimated Time to Driving Test Invite at Month End","202302","2023 February","131","Letterkenny, Co. Donegal","Weeks","10"
"ROA36C01","Estimated Time to Driving Test Invite at Month End","202302","2023 February","132","Limerick - Castlemungret, Co. Limerick","Weeks","23"
"ROA36C01","Estimated Time to Driving Test Invite at Month End","202302","2023 February","133","Limerick - Woodview, Co. Limerick","Weeks","22"
"ROA36C01","Estimated Time to Driving Test Invite at Month End","202302","2023 February","134","Limerick (Roxboro), Co. Limerick","Weeks",""
"ROA36C01","Estimated Time to Driving Test Invite at Month End","202302","2023 February","135","Longford, Co. Longford","Weeks","15"
"ROA36C01","Estimated Time to Driving Test Invite at Month End","202302","2023 February","136","Loughrea, Co. Galway","Weeks","10"
"ROA36C01","Estimated Time to Driving Test Invite at Month End","202302","2023 February","137","Loughrea (Lough Rea Hotel & Spa), Co. Galway","Weeks",""
"ROA36C01","Estimated Time to Driving Test Invite at Month End","202302","2023 February","138","Mallow, Co. Cork","Weeks",""
"ROA36C01","Estimated Time to Driving Test Invite at Month End","202302","2023 February","139","Mallow (Cork Racecourse Mallow), Co. Cork","Weeks","19"
"ROA36C01","Estimated Time to Driving Test Invite at Month End","202302","2023 February","140","Monaghan, Co. Monaghan","Weeks","7"
"ROA36C01","Estimated Time to Driving Test Invite at Month End","202302","2023 February","141","Mulhuddart, Co. Dublin","Weeks","31"
"ROA36C01","Estimated Time to Driving Test Invite at Month End","202302","2023 February","142","Mulhuddart (Carlton Hotel), Co. Dublin","Weeks","26"
"ROA36C01","Estimated Time to Driving Test Invite at Month End","202302","2023 February","143","Mulhuddart Maple House, Co. Dublin","Weeks",""
"ROA36C01","Estimated Time to Driving Test Invite at Month End","202302","2023 February","144","Mullingar, Co. Westmeath","Weeks","10"
"ROA36C01","Estimated Time to Driving Test Invite at Month End","202302","2023 February","145","Naas, Co. Kildare","Weeks","29"
"ROA36C01","Estimated Time to Driving Test Invite at Month End","202302","2023 February","146","Navan, Co. Meath","Weeks","11"
"ROA36C01","Estimated Time to Driving Test Invite at Month End","202302","2023 February","147","Nenagh, Co. Tipperary","Weeks","20"
"ROA36C01","Estimated Time to Driving Test Invite at Month End","202302","2023 February","148","Newcastle West, Co. Limerick","Weeks","23"
"ROA36C01","Estimated Time to Driving Test Invite at Month End","202302","2023 February","149","Newcastle West (Longcourt House Hotel), Co. Limerick","Weeks","20"
"ROA36C01","Estimated Time to Driving Test Invite at Month End","202302","2023 February","150","Portlaoise, Co. Laois","Weeks","22"
"ROA36C01","Estimated Time to Driving Test Invite at Month End","202302","2023 February","166","Portlaoise (Maldron Hotel), Co. Laois","Weeks",""
"ROA36C01","Estimated Time to Driving Test Invite at Month End","202302","2023 February","151","Raheny, Co. Dublin","Weeks","28"
"ROA36C01","Estimated Time to Driving Test Invite at Month End","202302","2023 February","152","Roscommon, Co. Roscommon","Weeks","11"
"ROA36C01","Estimated Time to Driving Test Invite at Month End","202302","2023 February","153","Shannon, Co. Clare","Weeks","35"
"ROA36C01","Estimated Time to Driving Test Invite at Month End","202302","2023 February","154","Skibbereen, Co. Cork","Weeks","18"
"ROA36C01","Estimated Time to Driving Test Invite at Month End","202302","2023 February","155","Sligo, Co. Sligo","Weeks","11"
"ROA36C01","Estimated Time to Driving Test Invite at Month End","202302","2023 February","156","Tallaght, Co. Dublin","Weeks","32"
"ROA36C01","Estimated Time to Driving Test Invite at Month End","202302","2023 February","157","Thurles, Co. Tipperary","Weeks","11"
"ROA36C01","Estimated Time to Driving Test Invite at Month End","202302","2023 February","158","Tipperary, Co. Tipperary","Weeks","8"
"ROA36C01","Estimated Time to Driving Test Invite at Month End","202302","2023 February","159","Tralee, Co. Kerry","Weeks","15"
"ROA36C01","Estimated Time to Driving Test Invite at Month End","202302","2023 February","160","Tralee (HGV's), Co. Kerry","Weeks",""
"ROA36C01","Estimated Time to Driving Test Invite at Month End","202302","2023 February","161","Tuam, Co. Galway","Weeks","20"
"ROA36C01","Estimated Time to Driving Test Invite at Month End","202302","2023 February","162","Tullamore, Co. Offaly","Weeks","11"
"ROA36C01","Estimated Time to Driving Test Invite at Month End","202302","2023 February","163","Waterford, Co. Waterford","Weeks","22"
"ROA36C01","Estimated Time to Driving Test Invite at Month End","202302","2023 February","164","Wexford, Co. Wexford","Weeks","22"
"ROA36C01","Estimated Time to Driving Test Invite at Month End","202302","2023 February","165","Wicklow, Co. Wicklow","Weeks","35"
"ROA36C01","Estimated Time to Driving Test Invite at Month End","202302","2023 February","167","Galway (Clybaun Hotel), Co. Galway","Weeks",""
"ROA36C01","Estimated Time to Driving Test Invite at Month End","202302","2023 February","168","Sandyford, Co. Dublin","Weeks",""
"ROA36C01","Estimated Time to Driving Test Invite at Month End","202302","2023 February","169","Drogheda – Southgate, Co. Louth","Weeks",""
"ROA36C01","Estimated Time to Driving Test Invite at Month End","202302","2023 February","170","Mitchelstown, Co. Cork","Weeks",""
"ROA36C01","Estimated Time to Driving Test Invite at Month End","202303","2023 March","-","All driving test centres","Weeks","21.8"
"ROA36C01","Estimated Time to Driving Test Invite at Month End","202303","2023 March","100","Athlone, Co. Westmeath","Weeks","11"
"ROA36C01","Estimated Time to Driving Test Invite at Month End","202303","2023 March","101","Ballina, Co. Mayo","Weeks","16"
"ROA36C01","Estimated Time to Driving Test Invite at Month End","202303","2023 March","102","Birr, Co. Offaly","Weeks","29"
"ROA36C01","Estimated Time to Driving Test Invite at Month End","202303","2023 March","103","Birr (County Arms Hotel), Co. Offaly","Weeks",""
"ROA36C01","Estimated Time to Driving Test Invite at Month End","202303","2023 March","104","Buncrana, Co. Donegal","Weeks","19"
"ROA36C01","Estimated Time to Driving Test Invite at Month End","202303","2023 March","105","Carlow, Co. Carlow","Weeks",""
"ROA36C01","Estimated Time to Driving Test Invite at Month End","202303","2023 March","106","Carlow Talbot Hotel, Co. Carlow","Weeks","30"
"ROA36C01","Estimated Time to Driving Test Invite at Month End","202303","2023 March","107","Carrick On Shannon, Co. Leitrim","Weeks","13"
"ROA36C01","Estimated Time to Driving Test Invite at Month End","202303","2023 March","108","Castlebar, Co. Mayo","Weeks","12"
"ROA36C01","Estimated Time to Driving Test Invite at Month End","202303","2023 March","109","Cavan, Co. Cavan","Weeks","18"
"ROA36C01","Estimated Time to Driving Test Invite at Month End","202303","2023 March","110","Charlestown (Dublin), Co. Dublin","Weeks","30"
"ROA36C01","Estimated Time to Driving Test Invite at Month End","202303","2023 March","111","Clifden, Co. Galway","Weeks","16"
"ROA36C01","Estimated Time to Driving Test Invite at Month End","202303","2023 March","112","Clonmel, Co. Tipperary","Weeks","20"
"ROA36C01","Estimated Time to Driving Test Invite at Month End","202303","2023 March","113","Cork (Ballincollig), Co. Cork","Weeks",""
"ROA36C01","Estimated Time to Driving Test Invite at Month End","202303","2023 March","114","Cork (St. Finbarr's GAA Club Togher), Co. Cork","Weeks",""
"ROA36C01","Estimated Time to Driving Test Invite at Month End","202303","2023 March","115","Cork (Wilton), Co. Cork","Weeks","24"
"ROA36C01","Estimated Time to Driving Test Invite at Month End","202303","2023 March","116","Donegal, Co. Donegal","Weeks","14"
"ROA36C01","Estimated Time to Driving Test Invite at Month End","202303","2023 March","117","Drogheda, Co. Louth","Weeks",""
"ROA36C01","Estimated Time to Driving Test Invite at Month End","202303","2023 March","118","Dun Laoghaire / Deansgrange, Co. Dublin","Weeks","47"
"ROA36C01","Estimated Time to Driving Test Invite at Month End","202303","2023 March","119","Dundalk, Co. Louth","Weeks","23"
"ROA36C01","Estimated Time to Driving Test Invite at Month End","202303","2023 March","120","Dungarvan, Co. Waterford","Weeks","27"
"ROA36C01","Estimated Time to Driving Test Invite at Month End","202303","2023 March","121","Ennis, Co. Clare","Weeks","25"
"ROA36C01","Estimated Time to Driving Test Invite at Month End","202303","2023 March","122","Finglas, Co. Dublin","Weeks","22"
"ROA36C01","Estimated Time to Driving Test Invite at Month End","202303","2023 March","123","Galway (Carnmore), Co. Galway","Weeks","16"
"ROA36C01","Estimated Time to Driving Test Invite at Month End","202303","2023 March","124","Galway (Westside), Co. Galway","Weeks","16"
"ROA36C01","Estimated Time to Driving Test Invite at Month End","202303","2023 March","125","Gorey, Co. Wexford","Weeks","21"
"ROA36C01","Estimated Time to Driving Test Invite at Month End","202303","2023 March","126","Kilkenny (Govt Buildings), Co. Kilkenny","Weeks","21"
"ROA36C01","Estimated Time to Driving Test Invite at Month End","202303","2023 March","127","Kilkenny (O'Loughlin Gaels), Co. Kilkenny","Weeks","20"
"ROA36C01","Estimated Time to Driving Test Invite at Month End","202303","2023 March","128","Killarney, Co. Kerry","Weeks","30"
"ROA36C01","Estimated Time to Driving Test Invite at Month End","202303","2023 March","129","Killester, Co. Dublin","Weeks","39"
"ROA36C01","Estimated Time to Driving Test Invite at Month End","202303","2023 March","130","Kilrush, Co. Clare","Weeks","14"
"ROA36C01","Estimated Time to Driving Test Invite at Month End","202303","2023 March","131","Letterkenny, Co. Donegal","Weeks","12"
"ROA36C01","Estimated Time to Driving Test Invite at Month End","202303","2023 March","132","Limerick - Castlemungret, Co. Limerick","Weeks","23"
"ROA36C01","Estimated Time to Driving Test Invite at Month End","202303","2023 March","133","Limerick - Woodview, Co. Limerick","Weeks","23"
"ROA36C01","Estimated Time to Driving Test Invite at Month End","202303","2023 March","134","Limerick (Roxboro), Co. Limerick","Weeks",""
"ROA36C01","Estimated Time to Driving Test Invite at Month End","202303","2023 March","135","Longford, Co. Longford","Weeks","18"
"ROA36C01","Estimated Time to Driving Test Invite at Month End","202303","2023 March","136","Loughrea, Co. Galway","Weeks","15"
"ROA36C01","Estimated Time to Driving Test Invite at Month End","202303","2023 March","137","Loughrea (Lough Rea Hotel & Spa), Co. Galway","Weeks",""
"ROA36C01","Estimated Time to Driving Test Invite at Month End","202303","2023 March","138","Mallow, Co. Cork","Weeks",""
"ROA36C01","Estimated Time to Driving Test Invite at Month End","202303","2023 March","139","Mallow (Cork Racecourse Mallow), Co. Cork","Weeks","24"
"ROA36C01","Estimated Time to Driving Test Invite at Month End","202303","2023 March","140","Monaghan, Co. Monaghan","Weeks","10"
"ROA36C01","Estimated Time to Driving Test Invite at Month End","202303","2023 March","141","Mulhuddart, Co. Dublin","Weeks","33"
"ROA36C01","Estimated Time to Driving Test Invite at Month End","202303","2023 March","142","Mulhuddart (Carlton Hotel), Co. Dublin","Weeks","30"
"ROA36C01","Estimated Time to Driving Test Invite at Month End","202303","2023 March","143","Mulhuddart Maple House, Co. Dublin","Weeks",""
"ROA36C01","Estimated Time to Driving Test Invite at Month End","202303","2023 March","144","Mullingar, Co. Westmeath","Weeks","16"
"ROA36C01","Estimated Time to Driving Test Invite at Month End","202303","2023 March","145","Naas, Co. Kildare","Weeks","31"
"ROA36C01","Estimated Time to Driving Test Invite at Month End","202303","2023 March","146","Navan, Co. Meath","Weeks","23"
"ROA36C01","Estimated Time to Driving Test Invite at Month End","202303","2023 March","147","Nenagh, Co. Tipperary","Weeks","23"
"ROA36C01","Estimated Time to Driving Test Invite at Month End","202303","2023 March","148","Newcastle West, Co. Limerick","Weeks","28"
"ROA36C01","Estimated Time to Driving Test Invite at Month End","202303","2023 March","149","Newcastle West (Longcourt House Hotel), Co. Limerick","Weeks","21"
"ROA36C01","Estimated Time to Driving Test Invite at Month End","202303","2023 March","150","Portlaoise, Co. Laois","Weeks","24"
"ROA36C01","Estimated Time to Driving Test Invite at Month End","202303","2023 March","166","Portlaoise (Maldron Hotel), Co. Laois","Weeks",""
"ROA36C01","Estimated Time to Driving Test Invite at Month End","202303","2023 March","151","Raheny, Co. Dublin","Weeks","24"
"ROA36C01","Estimated Time to Driving Test Invite at Month End","202303","2023 March","152","Roscommon, Co. Roscommon","Weeks","12"
"ROA36C01","Estimated Time to Driving Test Invite at Month End","202303","2023 March","153","Shannon, Co. Clare","Weeks","36"
"ROA36C01","Estimated Time to Driving Test Invite at Month End","202303","2023 March","154","Skibbereen, Co. Cork","Weeks","18"
"ROA36C01","Estimated Time to Driving Test Invite at Month End","202303","2023 March","155","Sligo, Co. Sligo","Weeks","15"
"ROA36C01","Estimated Time to Driving Test Invite at Month End","202303","2023 March","156","Tallaght, Co. Dublin","Weeks","34"
"ROA36C01","Estimated Time to Driving Test Invite at Month End","202303","2023 March","157","Thurles, Co. Tipperary","Weeks","10"
"ROA36C01","Estimated Time to Driving Test Invite at Month End","202303","2023 March","158","Tipperary, Co. Tipperary","Weeks","14"
"ROA36C01","Estimated Time to Driving Test Invite at Month End","202303","2023 March","159","Tralee, Co. Kerry","Weeks","16"
"ROA36C01","Estimated Time to Driving Test Invite at Month End","202303","2023 March","160","Tralee (HGV's), Co. Kerry","Weeks",""
"ROA36C01","Estimated Time to Driving Test Invite at Month End","202303","2023 March","161","Tuam, Co. Galway","Weeks","20"
"ROA36C01","Estimated Time to Driving Test Invite at Month End","202303","2023 March","162","Tullamore, Co. Offaly","Weeks","13"
"ROA36C01","Estimated Time to Driving Test Invite at Month End","202303","2023 March","163","Waterford, Co. Waterford","Weeks","25"
"ROA36C01","Estimated Time to Driving Test Invite at Month End","202303","2023 March","164","Wexford, Co. Wexford","Weeks","24"
"ROA36C01","Estimated Time to Driving Test Invite at Month End","202303","2023 March","165","Wicklow, Co. Wicklow","Weeks","30"
"ROA36C01","Estimated Time to Driving Test Invite at Month End","202303","2023 March","167","Galway (Clybaun Hotel), Co. Galway","Weeks",""
"ROA36C01","Estimated Time to Driving Test Invite at Month End","202303","2023 March","168","Sandyford, Co. Dublin","Weeks",""
"ROA36C01","Estimated Time to Driving Test Invite at Month End","202303","2023 March","169","Drogheda – Southgate, Co. Louth","Weeks",""
"ROA36C01","Estimated Time to Driving Test Invite at Month End","202303","2023 March","170","Mitchelstown, Co. Cork","Weeks",""
"ROA36C01","Estimated Time to Driving Test Invite at Month End","202304","2023 April","-","All driving test centres","Weeks","22.4"
"ROA36C01","Estimated Time to Driving Test Invite at Month End","202304","2023 April","100","Athlone, Co. Westmeath","Weeks","13"
"ROA36C01","Estimated Time to Driving Test Invite at Month End","202304","2023 April","101","Ballina, Co. Mayo","Weeks","16"
"ROA36C01","Estimated Time to Driving Test Invite at Month End","202304","2023 April","102","Birr, Co. Offaly","Weeks","29"
"ROA36C01","Estimated Time to Driving Test Invite at Month End","202304","2023 April","103","Birr (County Arms Hotel), Co. Offaly","Weeks",""
"ROA36C01","Estimated Time to Driving Test Invite at Month End","202304","2023 April","104","Buncrana, Co. Donegal","Weeks","17"
"ROA36C01","Estimated Time to Driving Test Invite at Month End","202304","2023 April","105","Carlow, Co. Carlow","Weeks",""
"ROA36C01","Estimated Time to Driving Test Invite at Month End","202304","2023 April","106","Carlow Talbot Hotel, Co. Carlow","Weeks","27"
"ROA36C01","Estimated Time to Driving Test Invite at Month End","202304","2023 April","107","Carrick On Shannon, Co. Leitrim","Weeks","13"
"ROA36C01","Estimated Time to Driving Test Invite at Month End","202304","2023 April","108","Castlebar, Co. Mayo","Weeks","13"
"ROA36C01","Estimated Time to Driving Test Invite at Month End","202304","2023 April","109","Cavan, Co. Cavan","Weeks","15"
"ROA36C01","Estimated Time to Driving Test Invite at Month End","202304","2023 April","110","Charlestown (Dublin), Co. Dublin","Weeks","27"
"ROA36C01","Estimated Time to Driving Test Invite at Month End","202304","2023 April","111","Clifden, Co. Galway","Weeks","15"
"ROA36C01","Estimated Time to Driving Test Invite at Month End","202304","2023 April","112","Clonmel, Co. Tipperary","Weeks","20"
"ROA36C01","Estimated Time to Driving Test Invite at Month End","202304","2023 April","113","Cork (Ballincollig), Co. Cork","Weeks",""
"ROA36C01","Estimated Time to Driving Test Invite at Month End","202304","2023 April","114","Cork (St. Finbarr's GAA Club Togher), Co. Cork","Weeks",""
"ROA36C01","Estimated Time to Driving Test Invite at Month End","202304","2023 April","115","Cork (Wilton), Co. Cork","Weeks","27"
"ROA36C01","Estimated Time to Driving Test Invite at Month End","202304","2023 April","116","Donegal, Co. Donegal","Weeks","17"
"ROA36C01","Estimated Time to Driving Test Invite at Month End","202304","2023 April","117","Drogheda, Co. Louth","Weeks",""
"ROA36C01","Estimated Time to Driving Test Invite at Month End","202304","2023 April","118","Dun Laoghaire / Deansgrange, Co. Dublin","Weeks","41"
"ROA36C01","Estimated Time to Driving Test Invite at Month End","202304","2023 April","119","Dundalk, Co. Louth","Weeks","21"
"ROA36C01","Estimated Time to Driving Test Invite at Month End","202304","2023 April","120","Dungarvan, Co. Waterford","Weeks","22"
"ROA36C01","Estimated Time to Driving Test Invite at Month End","202304","2023 April","121","Ennis, Co. Clare","Weeks","21"
"ROA36C01","Estimated Time to Driving Test Invite at Month End","202304","2023 April","122","Finglas, Co. Dublin","Weeks","24"
"ROA36C01","Estimated Time to Driving Test Invite at Month End","202304","2023 April","123","Galway (Carnmore), Co. Galway","Weeks","15"
"ROA36C01","Estimated Time to Driving Test Invite at Month End","202304","2023 April","124","Galway (Westside), Co. Galway","Weeks","11"
"ROA36C01","Estimated Time to Driving Test Invite at Month End","202304","2023 April","125","Gorey, Co. Wexford","Weeks","21"
"ROA36C01","Estimated Time to Driving Test Invite at Month End","202304","2023 April","126","Kilkenny (Govt Buildings), Co. Kilkenny","Weeks","24"
"ROA36C01","Estimated Time to Driving Test Invite at Month End","202304","2023 April","127","Kilkenny (O'Loughlin Gaels), Co. Kilkenny","Weeks","23"
"ROA36C01","Estimated Time to Driving Test Invite at Month End","202304","2023 April","128","Killarney, Co. Kerry","Weeks","29"
"ROA36C01","Estimated Time to Driving Test Invite at Month End","202304","2023 April","129","Killester, Co. Dublin","Weeks","36"
"ROA36C01","Estimated Time to Driving Test Invite at Month End","202304","2023 April","130","Kilrush, Co. Clare","Weeks","19"
"ROA36C01","Estimated Time to Driving Test Invite at Month End","202304","2023 April","131","Letterkenny, Co. Donegal","Weeks","17"
"ROA36C01","Estimated Time to Driving Test Invite at Month End","202304","2023 April","132","Limerick - Castlemungret, Co. Limerick","Weeks","28"
"ROA36C01","Estimated Time to Driving Test Invite at Month End","202304","2023 April","133","Limerick - Woodview, Co. Limerick","Weeks","25"
"ROA36C01","Estimated Time to Driving Test Invite at Month End","202304","2023 April","134","Limerick (Roxboro), Co. Limerick","Weeks",""
"ROA36C01","Estimated Time to Driving Test Invite at Month End","202304","2023 April","135","Longford, Co. Longford","Weeks","19"
"ROA36C01","Estimated Time to Driving Test Invite at Month End","202304","2023 April","136","Loughrea, Co. Galway","Weeks","20"
"ROA36C01","Estimated Time to Driving Test Invite at Month End","202304","2023 April","137","Loughrea (Lough Rea Hotel & Spa), Co. Galway","Weeks",""
"ROA36C01","Estimated Time to Driving Test Invite at Month End","202304","2023 April","138","Mallow, Co. Cork","Weeks",""
"ROA36C01","Estimated Time to Driving Test Invite at Month End","202304","2023 April","139","Mallow (Cork Racecourse Mallow), Co. Cork","Weeks","29"
"ROA36C01","Estimated Time to Driving Test Invite at Month End","202304","2023 April","140","Monaghan, Co. Monaghan","Weeks","11"
"ROA36C01","Estimated Time to Driving Test Invite at Month End","202304","2023 April","141","Mulhuddart, Co. Dublin","Weeks","35"
"ROA36C01","Estimated Time to Driving Test Invite at Month End","202304","2023 April","142","Mulhuddart (Carlton Hotel), Co. Dublin","Weeks","30"
"ROA36C01","Estimated Time to Driving Test Invite at Month End","202304","2023 April","143","Mulhuddart Maple House, Co. Dublin","Weeks",""
"ROA36C01","Estimated Time to Driving Test Invite at Month End","202304","2023 April","144","Mullingar, Co. Westmeath","Weeks","19"
"ROA36C01","Estimated Time to Driving Test Invite at Month End","202304","2023 April","145","Naas, Co. Kildare","Weeks","31"
"ROA36C01","Estimated Time to Driving Test Invite at Month End","202304","2023 April","146","Navan, Co. Meath","Weeks","24"
"ROA36C01","Estimated Time to Driving Test Invite at Month End","202304","2023 April","147","Nenagh, Co. Tipperary","Weeks","27"
"ROA36C01","Estimated Time to Driving Test Invite at Month End","202304","2023 April","148","Newcastle West, Co. Limerick","Weeks","30"
"ROA36C01","Estimated Time to Driving Test Invite at Month End","202304","2023 April","149","Newcastle West (Longcourt House Hotel), Co. Limerick","Weeks","23"
"ROA36C01","Estimated Time to Driving Test Invite at Month End","202304","2023 April","150","Portlaoise, Co. Laois","Weeks","24"
"ROA36C01","Estimated Time to Driving Test Invite at Month End","202304","2023 April","166","Portlaoise (Maldron Hotel), Co. Laois","Weeks",""
"ROA36C01","Estimated Time to Driving Test Invite at Month End","202304","2023 April","151","Raheny, Co. Dublin","Weeks","22"
"ROA36C01","Estimated Time to Driving Test Invite at Month End","202304","2023 April","152","Roscommon, Co. Roscommon","Weeks","14"
"ROA36C01","Estimated Time to Driving Test Invite at Month End","202304","2023 April","153","Shannon, Co. Clare","Weeks","35"
"ROA36C01","Estimated Time to Driving Test Invite at Month End","202304","2023 April","154","Skibbereen, Co. Cork","Weeks","18"
"ROA36C01","Estimated Time to Driving Test Invite at Month End","202304","2023 April","155","Sligo, Co. Sligo","Weeks","16"
"ROA36C01","Estimated Time to Driving Test Invite at Month End","202304","2023 April","156","Tallaght, Co. Dublin","Weeks","37"
"ROA36C01","Estimated Time to Driving Test Invite at Month End","202304","2023 April","157","Thurles, Co. Tipperary","Weeks","11"
"ROA36C01","Estimated Time to Driving Test Invite at Month End","202304","2023 April","158","Tipperary, Co. Tipperary","Weeks","18"
"ROA36C01","Estimated Time to Driving Test Invite at Month End","202304","2023 April","159","Tralee, Co. Kerry","Weeks","23"
"ROA36C01","Estimated Time to Driving Test Invite at Month End","202304","2023 April","160","Tralee (HGV's), Co. Kerry","Weeks",""
"ROA36C01","Estimated Time to Driving Test Invite at Month End","202304","2023 April","161","Tuam, Co. Galway","Weeks","20"
"ROA36C01","Estimated Time to Driving Test Invite at Month End","202304","2023 April","162","Tullamore, Co. Offaly","Weeks","16"
"ROA36C01","Estimated Time to Driving Test Invite at Month End","202304","2023 April","163","Waterford, Co. Waterford","Weeks","27"
"ROA36C01","Estimated Time to Driving Test Invite at Month End","202304","2023 April","164","Wexford, Co. Wexford","Weeks","23"
"ROA36C01","Estimated Time to Driving Test Invite at Month End","202304","2023 April","165","Wicklow, Co. Wicklow","Weeks","26"
"ROA36C01","Estimated Time to Driving Test Invite at Month End","202304","2023 April","167","Galway (Clybaun Hotel), Co. Galway","Weeks",""
"ROA36C01","Estimated Time to Driving Test Invite at Month End","202304","2023 April","168","Sandyford, Co. Dublin","Weeks",""
"ROA36C01","Estimated Time to Driving Test Invite at Month End","202304","2023 April","169","Drogheda – Southgate, Co. Louth","Weeks",""
"ROA36C01","Estimated Time to Driving Test Invite at Month End","202304","2023 April","170","Mitchelstown, Co. Cork","Weeks",""
"ROA36C01","Estimated Time to Driving Test Invite at Month End","202305","2023 May","-","All driving test centres","Weeks","23.7"
"ROA36C01","Estimated Time to Driving Test Invite at Month End","202305","2023 May","100","Athlone, Co. Westmeath","Weeks","17"
"ROA36C01","Estimated Time to Driving Test Invite at Month End","202305","2023 May","101","Ballina, Co. Mayo","Weeks","13"
"ROA36C01","Estimated Time to Driving Test Invite at Month End","202305","2023 May","102","Birr, Co. Offaly","Weeks","29"
"ROA36C01","Estimated Time to Driving Test Invite at Month End","202305","2023 May","103","Birr (County Arms Hotel), Co. Offaly","Weeks",""
"ROA36C01","Estimated Time to Driving Test Invite at Month End","202305","2023 May","104","Buncrana, Co. Donegal","Weeks","23"
"ROA36C01","Estimated Time to Driving Test Invite at Month End","202305","2023 May","105","Carlow, Co. Carlow","Weeks",""
"ROA36C01","Estimated Time to Driving Test Invite at Month End","202305","2023 May","106","Carlow Talbot Hotel, Co. Carlow","Weeks","28"
"ROA36C01","Estimated Time to Driving Test Invite at Month End","202305","2023 May","107","Carrick On Shannon, Co. Leitrim","Weeks","16"
"ROA36C01","Estimated Time to Driving Test Invite at Month End","202305","2023 May","108","Castlebar, Co. Mayo","Weeks","14"
"ROA36C01","Estimated Time to Driving Test Invite at Month End","202305","2023 May","109","Cavan, Co. Cavan","Weeks","19"
"ROA36C01","Estimated Time to Driving Test Invite at Month End","202305","2023 May","110","Charlestown (Dublin), Co. Dublin","Weeks","33"
"ROA36C01","Estimated Time to Driving Test Invite at Month End","202305","2023 May","111","Clifden, Co. Galway","Weeks","11"
"ROA36C01","Estimated Time to Driving Test Invite at Month End","202305","2023 May","112","Clonmel, Co. Tipperary","Weeks","19"
"ROA36C01","Estimated Time to Driving Test Invite at Month End","202305","2023 May","113","Cork (Ballincollig), Co. Cork","Weeks",""
"ROA36C01","Estimated Time to Driving Test Invite at Month End","202305","2023 May","114","Cork (St. Finbarr's GAA Club Togher), Co. Cork","Weeks",""
"ROA36C01","Estimated Time to Driving Test Invite at Month End","202305","2023 May","115","Cork (Wilton), Co. Cork","Weeks","36"
"ROA36C01","Estimated Time to Driving Test Invite at Month End","202305","2023 May","116","Donegal, Co. Donegal","Weeks","19"
"ROA36C01","Estimated Time to Driving Test Invite at Month End","202305","2023 May","117","Drogheda, Co. Louth","Weeks",""
"ROA36C01","Estimated Time to Driving Test Invite at Month End","202305","2023 May","118","Dun Laoghaire / Deansgrange, Co. Dublin","Weeks","50"
"ROA36C01","Estimated Time to Driving Test Invite at Month End","202305","2023 May","119","Dundalk, Co. Louth","Weeks","20"
"ROA36C01","Estimated Time to Driving Test Invite at Month End","202305","2023 May","120","Dungarvan, Co. Waterford","Weeks","23"
"ROA36C01","Estimated Time to Driving Test Invite at Month End","202305","2023 May","121","Ennis, Co. Clare","Weeks","23"
"ROA36C01","Estimated Time to Driving Test Invite at Month End","202305","2023 May","122","Finglas, Co. Dublin","Weeks","24"
"ROA36C01","Estimated Time to Driving Test Invite at Month End","202305","2023 May","123","Galway (Carnmore), Co. Galway","Weeks","11"
"ROA36C01","Estimated Time to Driving Test Invite at Month End","202305","2023 May","124","Galway (Westside), Co. Galway","Weeks","14"
"ROA36C01","Estimated Time to Driving Test Invite at Month End","202305","2023 May","125","Gorey, Co. Wexford","Weeks","22"
"ROA36C01","Estimated Time to Driving Test Invite at Month End","202305","2023 May","126","Kilkenny (Govt Buildings), Co. Kilkenny","Weeks","27"
"ROA36C01","Estimated Time to Driving Test Invite at Month End","202305","2023 May","127","Kilkenny (O'Loughlin Gaels), Co. Kilkenny","Weeks","23"
"ROA36C01","Estimated Time to Driving Test Invite at Month End","202305","2023 May","128","Killarney, Co. Kerry","Weeks","39"
"ROA36C01","Estimated Time to Driving Test Invite at Month End","202305","2023 May","129","Killester, Co. Dublin","Weeks","33"
"ROA36C01","Estimated Time to Driving Test Invite at Month End","202305","2023 May","130","Kilrush, Co. Clare","Weeks","18"
"ROA36C01","Estimated Time to Driving Test Invite at Month End","202305","2023 May","131","Letterkenny, Co. Donegal","Weeks","18"
"ROA36C01","Estimated Time to Driving Test Invite at Month End","202305","2023 May","132","Limerick - Castlemungret, Co. Limerick","Weeks","28"
"ROA36C01","Estimated Time to Driving Test Invite at Month End","202305","2023 May","133","Limerick - Woodview, Co. Limerick","Weeks","27"
"ROA36C01","Estimated Time to Driving Test Invite at Month End","202305","2023 May","134","Limerick (Roxboro), Co. Limerick","Weeks",""
"ROA36C01","Estimated Time to Driving Test Invite at Month End","202305","2023 May","135","Longford, Co. Longford","Weeks","16"
"ROA36C01","Estimated Time to Driving Test Invite at Month End","202305","2023 May","136","Loughrea, Co. Galway","Weeks","13"
"ROA36C01","Estimated Time to Driving Test Invite at Month End","202305","2023 May","137","Loughrea (Lough Rea Hotel & Spa), Co. Galway","Weeks",""
"ROA36C01","Estimated Time to Driving Test Invite at Month End","202305","2023 May","138","Mallow, Co. Cork","Weeks",""
"ROA36C01","Estimated Time to Driving Test Invite at Month End","202305","2023 May","139","Mallow (Cork Racecourse Mallow), Co. Cork","Weeks","31"
"ROA36C01","Estimated Time to Driving Test Invite at Month End","202305","2023 May","140","Monaghan, Co. Monaghan","Weeks","16"
"ROA36C01","Estimated Time to Driving Test Invite at Month End","202305","2023 May","141","Mulhuddart, Co. Dublin","Weeks","36"
"ROA36C01","Estimated Time to Driving Test Invite at Month End","202305","2023 May","142","Mulhuddart (Carlton Hotel), Co. Dublin","Weeks","31"
"ROA36C01","Estimated Time to Driving Test Invite at Month End","202305","2023 May","143","Mulhuddart Maple House, Co. Dublin","Weeks",""
"ROA36C01","Estimated Time to Driving Test Invite at Month End","202305","2023 May","144","Mullingar, Co. Westmeath","Weeks","25"
"ROA36C01","Estimated Time to Driving Test Invite at Month End","202305","2023 May","145","Naas, Co. Kildare","Weeks","28"
"ROA36C01","Estimated Time to Driving Test Invite at Month End","202305","2023 May","146","Navan, Co. Meath","Weeks","20"
"ROA36C01","Estimated Time to Driving Test Invite at Month End","202305","2023 May","147","Nenagh, Co. Tipperary","Weeks","27"
"ROA36C01","Estimated Time to Driving Test Invite at Month End","202305","2023 May","148","Newcastle West, Co. Limerick","Weeks","32"
"ROA36C01","Estimated Time to Driving Test Invite at Month End","202305","2023 May","149","Newcastle West (Longcourt House Hotel), Co. Limerick","Weeks","25"
"ROA36C01","Estimated Time to Driving Test Invite at Month End","202305","2023 May","150","Portlaoise, Co. Laois","Weeks","28"
"ROA36C01","Estimated Time to Driving Test Invite at Month End","202305","2023 May","166","Portlaoise (Maldron Hotel), Co. Laois","Weeks",""
"ROA36C01","Estimated Time to Driving Test Invite at Month End","202305","2023 May","151","Raheny, Co. Dublin","Weeks","30"
"ROA36C01","Estimated Time to Driving Test Invite at Month End","202305","2023 May","152","Roscommon, Co. Roscommon","Weeks","17"
"ROA36C01","Estimated Time to Driving Test Invite at Month End","202305","2023 May","153","Shannon, Co. Clare","Weeks","37"
"ROA36C01","Estimated Time to Driving Test Invite at Month End","202305","2023 May","154","Skibbereen, Co. Cork","Weeks","18"
"ROA36C01","Estimated Time to Driving Test Invite at Month End","202305","2023 May","155","Sligo, Co. Sligo","Weeks","15"
"ROA36C01","Estimated Time to Driving Test Invite at Month End","202305","2023 May","156","Tallaght, Co. Dublin","Weeks","38"
"ROA36C01","Estimated Time to Driving Test Invite at Month End","202305","2023 May","157","Thurles, Co. Tipperary","Weeks","16"
"ROA36C01","Estimated Time to Driving Test Invite at Month End","202305","2023 May","158","Tipperary, Co. Tipperary","Weeks","8"
"ROA36C01","Estimated Time to Driving Test Invite at Month End","202305","2023 May","159","Tralee, Co. Kerry","Weeks","25"
"ROA36C01","Estimated Time to Driving Test Invite at Month End","202305","2023 May","160","Tralee (HGV's), Co. Kerry","Weeks",""
"ROA36C01","Estimated Time to Driving Test Invite at Month End","202305","2023 May","161","Tuam, Co. Galway","Weeks","20"
"ROA36C01","Estimated Time to Driving Test Invite at Month End","202305","2023 May","162","Tullamore, Co. Offaly","Weeks","16"
"ROA36C01","Estimated Time to Driving Test Invite at Month End","202305","2023 May","163","Waterford, Co. Waterford","Weeks","30"
"ROA36C01","Estimated Time to Driving Test Invite at Month End","202305","2023 May","164","Wexford, Co. Wexford","Weeks","21"
"ROA36C01","Estimated Time to Driving Test Invite at Month End","202305","2023 May","165","Wicklow, Co. Wicklow","Weeks","32"
"ROA36C01","Estimated Time to Driving Test Invite at Month End","202305","2023 May","167","Galway (Clybaun Hotel), Co. Galway","Weeks",""
"ROA36C01","Estimated Time to Driving Test Invite at Month End","202305","2023 May","168","Sandyford, Co. Dublin","Weeks",""
"ROA36C01","Estimated Time to Driving Test Invite at Month End","202305","2023 May","169","Drogheda – Southgate, Co. Louth","Weeks",""
"ROA36C01","Estimated Time to Driving Test Invite at Month End","202305","2023 May","170","Mitchelstown, Co. Cork","Weeks",""
"ROA36C01","Estimated Time to Driving Test Invite at Month End","202306","2023 June","-","All driving test centres","Weeks","26"
"ROA36C01","Estimated Time to Driving Test Invite at Month End","202306","2023 June","100","Athlone, Co. Westmeath","Weeks","18"
"ROA36C01","Estimated Time to Driving Test Invite at Month End","202306","2023 June","101","Ballina, Co. Mayo","Weeks","15"
"ROA36C01","Estimated Time to Driving Test Invite at Month End","202306","2023 June","102","Birr, Co. Offaly","Weeks","35"
"ROA36C01","Estimated Time to Driving Test Invite at Month End","202306","2023 June","103","Birr (County Arms Hotel), Co. Offaly","Weeks",""
"ROA36C01","Estimated Time to Driving Test Invite at Month End","202306","2023 June","104","Buncrana, Co. Donegal","Weeks","30"
"ROA36C01","Estimated Time to Driving Test Invite at Month End","202306","2023 June","105","Carlow, Co. Carlow","Weeks",""
"ROA36C01","Estimated Time to Driving Test Invite at Month End","202306","2023 June","106","Carlow Talbot Hotel, Co. Carlow","Weeks","29"
"ROA36C01","Estimated Time to Driving Test Invite at Month End","202306","2023 June","107","Carrick On Shannon, Co. Leitrim","Weeks","21"
"ROA36C01","Estimated Time to Driving Test Invite at Month End","202306","2023 June","108","Castlebar, Co. Mayo","Weeks","15"
"ROA36C01","Estimated Time to Driving Test Invite at Month End","202306","2023 June","109","Cavan, Co. Cavan","Weeks","26"
"ROA36C01","Estimated Time to Driving Test Invite at Month End","202306","2023 June","110","Charlestown (Dublin), Co. Dublin","Weeks","37"
"ROA36C01","Estimated Time to Driving Test Invite at Month End","202306","2023 June","111","Clifden, Co. Galway","Weeks","22"
"ROA36C01","Estimated Time to Driving Test Invite at Month End","202306","2023 June","112","Clonmel, Co. Tipperary","Weeks","20"
"ROA36C01","Estimated Time to Driving Test Invite at Month End","202306","2023 June","113","Cork (Ballincollig), Co. Cork","Weeks",""
"ROA36C01","Estimated Time to Driving Test Invite at Month End","202306","2023 June","114","Cork (St. Finbarr's GAA Club Togher), Co. Cork","Weeks",""
"ROA36C01","Estimated Time to Driving Test Invite at Month End","202306","2023 June","115","Cork (Wilton), Co. Cork","Weeks","38"
"ROA36C01","Estimated Time to Driving Test Invite at Month End","202306","2023 June","116","Donegal, Co. Donegal","Weeks","23"
"ROA36C01","Estimated Time to Driving Test Invite at Month End","202306","2023 June","117","Drogheda, Co. Louth","Weeks",""
"ROA36C01","Estimated Time to Driving Test Invite at Month End","202306","2023 June","118","Dun Laoghaire / Deansgrange, Co. Dublin","Weeks","51"
"ROA36C01","Estimated Time to Driving Test Invite at Month End","202306","2023 June","119","Dundalk, Co. Louth","Weeks","23"
"ROA36C01","Estimated Time to Driving Test Invite at Month End","202306","2023 June","120","Dungarvan, Co. Waterford","Weeks","27"
"ROA36C01","Estimated Time to Driving Test Invite at Month End","202306","2023 June","121","Ennis, Co. Clare","Weeks","23"
"ROA36C01","Estimated Time to Driving Test Invite at Month End","202306","2023 June","122","Finglas, Co. Dublin","Weeks","27"
"ROA36C01","Estimated Time to Driving Test Invite at Month End","202306","2023 June","123","Galway (Carnmore), Co. Galway","Weeks","18"
"ROA36C01","Estimated Time to Driving Test Invite at Month End","202306","2023 June","124","Galway (Westside), Co. Galway","Weeks","18"
"ROA36C01","Estimated Time to Driving Test Invite at Month End","202306","2023 June","125","Gorey, Co. Wexford","Weeks","24"
"ROA36C01","Estimated Time to Driving Test Invite at Month End","202306","2023 June","126","Kilkenny (Govt Buildings), Co. Kilkenny","Weeks","32"
"ROA36C01","Estimated Time to Driving Test Invite at Month End","202306","2023 June","127","Kilkenny (O'Loughlin Gaels), Co. Kilkenny","Weeks","27"
"ROA36C01","Estimated Time to Driving Test Invite at Month End","202306","2023 June","128","Killarney, Co. Kerry","Weeks","43"
"ROA36C01","Estimated Time to Driving Test Invite at Month End","202306","2023 June","129","Killester, Co. Dublin","Weeks","34"
"ROA36C01","Estimated Time to Driving Test Invite at Month End","202306","2023 June","130","Kilrush, Co. Clare","Weeks","22"
"ROA36C01","Estimated Time to Driving Test Invite at Month End","202306","2023 June","131","Letterkenny, Co. Donegal","Weeks","21"
"ROA36C01","Estimated Time to Driving Test Invite at Month End","202306","2023 June","132","Limerick - Castlemungret, Co. Limerick","Weeks","28"
"ROA36C01","Estimated Time to Driving Test Invite at Month End","202306","2023 June","133","Limerick - Woodview, Co. Limerick","Weeks","23"
"ROA36C01","Estimated Time to Driving Test Invite at Month End","202306","2023 June","134","Limerick (Roxboro), Co. Limerick","Weeks",""
"ROA36C01","Estimated Time to Driving Test Invite at Month End","202306","2023 June","135","Longford, Co. Longford","Weeks","17"
"ROA36C01","Estimated Time to Driving Test Invite at Month End","202306","2023 June","136","Loughrea, Co. Galway","Weeks","15"
"ROA36C01","Estimated Time to Driving Test Invite at Month End","202306","2023 June","137","Loughrea (Lough Rea Hotel & Spa), Co. Galway","Weeks",""
"ROA36C01","Estimated Time to Driving Test Invite at Month End","202306","2023 June","138","Mallow, Co. Cork","Weeks",""
"ROA36C01","Estimated Time to Driving Test Invite at Month End","202306","2023 June","139","Mallow (Cork Racecourse Mallow), Co. Cork","Weeks","27"
"ROA36C01","Estimated Time to Driving Test Invite at Month End","202306","2023 June","140","Monaghan, Co. Monaghan","Weeks","21"
"ROA36C01","Estimated Time to Driving Test Invite at Month End","202306","2023 June","141","Mulhuddart, Co. Dublin","Weeks","34"
"ROA36C01","Estimated Time to Driving Test Invite at Month End","202306","2023 June","142","Mulhuddart (Carlton Hotel), Co. Dublin","Weeks",""
"ROA36C01","Estimated Time to Driving Test Invite at Month End","202306","2023 June","143","Mulhuddart Maple House, Co. Dublin","Weeks",""
"ROA36C01","Estimated Time to Driving Test Invite at Month End","202306","2023 June","144","Mullingar, Co. Westmeath","Weeks","22"
"ROA36C01","Estimated Time to Driving Test Invite at Month End","202306","2023 June","145","Naas, Co. Kildare","Weeks","27"
"ROA36C01","Estimated Time to Driving Test Invite at Month End","202306","2023 June","146","Navan, Co. Meath","Weeks","18"
"ROA36C01","Estimated Time to Driving Test Invite at Month End","202306","2023 June","147","Nenagh, Co. Tipperary","Weeks","28"
"ROA36C01","Estimated Time to Driving Test Invite at Month End","202306","2023 June","148","Newcastle West, Co. Limerick","Weeks","33"
"ROA36C01","Estimated Time to Driving Test Invite at Month End","202306","2023 June","149","Newcastle West (Longcourt House Hotel), Co. Limerick","Weeks","30"
"ROA36C01","Estimated Time to Driving Test Invite at Month End","202306","2023 June","150","Portlaoise, Co. Laois","Weeks","28"
"ROA36C01","Estimated Time to Driving Test Invite at Month End","202306","2023 June","166","Portlaoise (Maldron Hotel), Co. Laois","Weeks",""
"ROA36C01","Estimated Time to Driving Test Invite at Month End","202306","2023 June","151","Raheny, Co. Dublin","Weeks","36"
"ROA36C01","Estimated Time to Driving Test Invite at Month End","202306","2023 June","152","Roscommon, Co. Roscommon","Weeks","17"
"ROA36C01","Estimated Time to Driving Test Invite at Month End","202306","2023 June","153","Shannon, Co. Clare","Weeks","29"
"ROA36C01","Estimated Time to Driving Test Invite at Month End","202306","2023 June","154","Skibbereen, Co. Cork","Weeks","30"
"ROA36C01","Estimated Time to Driving Test Invite at Month End","202306","2023 June","155","Sligo, Co. Sligo","Weeks","15"
"ROA36C01","Estimated Time to Driving Test Invite at Month End","202306","2023 June","156","Tallaght, Co. Dublin","Weeks","40"
"ROA36C01","Estimated Time to Driving Test Invite at Month End","202306","2023 June","157","Thurles, Co. Tipperary","Weeks","14"
"ROA36C01","Estimated Time to Driving Test Invite at Month End","202306","2023 June","158","Tipperary, Co. Tipperary","Weeks","13"
"ROA36C01","Estimated Time to Driving Test Invite at Month End","202306","2023 June","159","Tralee, Co. Kerry","Weeks","32"
"ROA36C01","Estimated Time to Driving Test Invite at Month End","202306","2023 June","160","Tralee (HGV's), Co. Kerry","Weeks",""
"ROA36C01","Estimated Time to Driving Test Invite at Month End","202306","2023 June","161","Tuam, Co. Galway","Weeks","26"
"ROA36C01","Estimated Time to Driving Test Invite at Month End","202306","2023 June","162","Tullamore, Co. Offaly","Weeks","18"
"ROA36C01","Estimated Time to Driving Test Invite at Month End","202306","2023 June","163","Waterford, Co. Waterford","Weeks","32"
"ROA36C01","Estimated Time to Driving Test Invite at Month End","202306","2023 June","164","Wexford, Co. Wexford","Weeks","26"
"ROA36C01","Estimated Time to Driving Test Invite at Month End","202306","2023 June","165","Wicklow, Co. Wicklow","Weeks","31"
"ROA36C01","Estimated Time to Driving Test Invite at Month End","202306","2023 June","167","Galway (Clybaun Hotel), Co. Galway","Weeks",""
"ROA36C01","Estimated Time to Driving Test Invite at Month End","202306","2023 June","168","Sandyford, Co. Dublin","Weeks",""
"ROA36C01","Estimated Time to Driving Test Invite at Month End","202306","2023 June","169","Drogheda – Southgate, Co. Louth","Weeks",""
"ROA36C01","Estimated Time to Driving Test Invite at Month End","202306","2023 June","170","Mitchelstown, Co. Cork","Weeks",""
"ROA36C01","Estimated Time to Driving Test Invite at Month End","202307","2023 July","-","All driving test centres","Weeks","27.3"
"ROA36C01","Estimated Time to Driving Test Invite at Month End","202307","2023 July","100","Athlone, Co. Westmeath","Weeks","16"
"ROA36C01","Estimated Time to Driving Test Invite at Month End","202307","2023 July","101","Ballina, Co. Mayo","Weeks","18"
"ROA36C01","Estimated Time to Driving Test Invite at Month End","202307","2023 July","102","Birr, Co. Offaly","Weeks","38"
"ROA36C01","Estimated Time to Driving Test Invite at Month End","202307","2023 July","103","Birr (County Arms Hotel), Co. Offaly","Weeks",""
"ROA36C01","Estimated Time to Driving Test Invite at Month End","202307","2023 July","104","Buncrana, Co. Donegal","Weeks","30"
"ROA36C01","Estimated Time to Driving Test Invite at Month End","202307","2023 July","105","Carlow, Co. Carlow","Weeks",""
"ROA36C01","Estimated Time to Driving Test Invite at Month End","202307","2023 July","106","Carlow Talbot Hotel, Co. Carlow","Weeks","31"
"ROA36C01","Estimated Time to Driving Test Invite at Month End","202307","2023 July","107","Carrick On Shannon, Co. Leitrim","Weeks","27"
"ROA36C01","Estimated Time to Driving Test Invite at Month End","202307","2023 July","108","Castlebar, Co. Mayo","Weeks","22"
"ROA36C01","Estimated Time to Driving Test Invite at Month End","202307","2023 July","109","Cavan, Co. Cavan","Weeks","30"
"ROA36C01","Estimated Time to Driving Test Invite at Month End","202307","2023 July","110","Charlestown (Dublin), Co. Dublin","Weeks","31"
"ROA36C01","Estimated Time to Driving Test Invite at Month End","202307","2023 July","111","Clifden, Co. Galway","Weeks","22"
"ROA36C01","Estimated Time to Driving Test Invite at Month End","202307","2023 July","112","Clonmel, Co. Tipperary","Weeks","22"
"ROA36C01","Estimated Time to Driving Test Invite at Month End","202307","2023 July","113","Cork (Ballincollig), Co. Cork","Weeks",""
"ROA36C01","Estimated Time to Driving Test Invite at Month End","202307","2023 July","114","Cork (St. Finbarr's GAA Club Togher), Co. Cork","Weeks",""
"ROA36C01","Estimated Time to Driving Test Invite at Month End","202307","2023 July","115","Cork (Wilton), Co. Cork","Weeks","36"
"ROA36C01","Estimated Time to Driving Test Invite at Month End","202307","2023 July","116","Donegal, Co. Donegal","Weeks","24"
"ROA36C01","Estimated Time to Driving Test Invite at Month End","202307","2023 July","117","Drogheda, Co. Louth","Weeks",""
"ROA36C01","Estimated Time to Driving Test Invite at Month End","202307","2023 July","118","Dun Laoghaire / Deansgrange, Co. Dublin","Weeks","51"
"ROA36C01","Estimated Time to Driving Test Invite at Month End","202307","2023 July","119","Dundalk, Co. Louth","Weeks","22"
"ROA36C01","Estimated Time to Driving Test Invite at Month End","202307","2023 July","120","Dungarvan, Co. Waterford","Weeks","33"
"ROA36C01","Estimated Time to Driving Test Invite at Month End","202307","2023 July","121","Ennis, Co. Clare","Weeks","25"
"ROA36C01","Estimated Time to Driving Test Invite at Month End","202307","2023 July","122","Finglas, Co. Dublin","Weeks","28"
"ROA36C01","Estimated Time to Driving Test Invite at Month End","202307","2023 July","123","Galway (Carnmore), Co. Galway","Weeks","22"
"ROA36C01","Estimated Time to Driving Test Invite at Month End","202307","2023 July","124","Galway (Westside), Co. Galway","Weeks","23"
"ROA36C01","Estimated Time to Driving Test Invite at Month End","202307","2023 July","125","Gorey, Co. Wexford","Weeks","27"
"ROA36C01","Estimated Time to Driving Test Invite at Month End","202307","2023 July","126","Kilkenny (Govt Buildings), Co. Kilkenny","Weeks","42"
"ROA36C01","Estimated Time to Driving Test Invite at Month End","202307","2023 July","127","Kilkenny (O'Loughlin Gaels), Co. Kilkenny","Weeks","36"
"ROA36C01","Estimated Time to Driving Test Invite at Month End","202307","2023 July","128","Killarney, Co. Kerry","Weeks","47"
"ROA36C01","Estimated Time to Driving Test Invite at Month End","202307","2023 July","129","Killester, Co. Dublin","Weeks","36"
"ROA36C01","Estimated Time to Driving Test Invite at Month End","202307","2023 July","130","Kilrush, Co. Clare","Weeks","21"
"ROA36C01","Estimated Time to Driving Test Invite at Month End","202307","2023 July","131","Letterkenny, Co. Donegal","Weeks","26"
"ROA36C01","Estimated Time to Driving Test Invite at Month End","202307","2023 July","132","Limerick - Castlemungret, Co. Limerick","Weeks","25"
"ROA36C01","Estimated Time to Driving Test Invite at Month End","202307","2023 July","133","Limerick - Woodview, Co. Limerick","Weeks","24"
"ROA36C01","Estimated Time to Driving Test Invite at Month End","202307","2023 July","134","Limerick (Roxboro), Co. Limerick","Weeks",""
"ROA36C01","Estimated Time to Driving Test Invite at Month End","202307","2023 July","135","Longford, Co. Longford","Weeks","17"
"ROA36C01","Estimated Time to Driving Test Invite at Month End","202307","2023 July","136","Loughrea, Co. Galway","Weeks","18"
"ROA36C01","Estimated Time to Driving Test Invite at Month End","202307","2023 July","137","Loughrea (Lough Rea Hotel & Spa), Co. Galway","Weeks",""
"ROA36C01","Estimated Time to Driving Test Invite at Month End","202307","2023 July","138","Mallow, Co. Cork","Weeks",""
"ROA36C01","Estimated Time to Driving Test Invite at Month End","202307","2023 July","139","Mallow (Cork Racecourse Mallow), Co. Cork","Weeks","27"
"ROA36C01","Estimated Time to Driving Test Invite at Month End","202307","2023 July","140","Monaghan, Co. Monaghan","Weeks","18"
"ROA36C01","Estimated Time to Driving Test Invite at Month End","202307","2023 July","141","Mulhuddart, Co. Dublin","Weeks","35"
"ROA36C01","Estimated Time to Driving Test Invite at Month End","202307","2023 July","142","Mulhuddart (Carlton Hotel), Co. Dublin","Weeks",""
"ROA36C01","Estimated Time to Driving Test Invite at Month End","202307","2023 July","143","Mulhuddart Maple House, Co. Dublin","Weeks","17"
"ROA36C01","Estimated Time to Driving Test Invite at Month End","202307","2023 July","144","Mullingar, Co. Westmeath","Weeks","27"
"ROA36C01","Estimated Time to Driving Test Invite at Month End","202307","2023 July","145","Naas, Co. Kildare","Weeks","27"
"ROA36C01","Estimated Time to Driving Test Invite at Month End","202307","2023 July","146","Navan, Co. Meath","Weeks","23"
"ROA36C01","Estimated Time to Driving Test Invite at Month End","202307","2023 July","147","Nenagh, Co. Tipperary","Weeks","28"
"ROA36C01","Estimated Time to Driving Test Invite at Month End","202307","2023 July","148","Newcastle West, Co. Limerick","Weeks","31"
"ROA36C01","Estimated Time to Driving Test Invite at Month End","202307","2023 July","149","Newcastle West (Longcourt House Hotel), Co. Limerick","Weeks","26"
"ROA36C01","Estimated Time to Driving Test Invite at Month End","202307","2023 July","150","Portlaoise, Co. Laois","Weeks","29"
"ROA36C01","Estimated Time to Driving Test Invite at Month End","202307","2023 July","166","Portlaoise (Maldron Hotel), Co. Laois","Weeks",""
"ROA36C01","Estimated Time to Driving Test Invite at Month End","202307","2023 July","151","Raheny, Co. Dublin","Weeks","36"
"ROA36C01","Estimated Time to Driving Test Invite at Month End","202307","2023 July","152","Roscommon, Co. Roscommon","Weeks","22"
"ROA36C01","Estimated Time to Driving Test Invite at Month End","202307","2023 July","153","Shannon, Co. Clare","Weeks","16"
"ROA36C01","Estimated Time to Driving Test Invite at Month End","202307","2023 July","154","Skibbereen, Co. Cork","Weeks","31"
"ROA36C01","Estimated Time to Driving Test Invite at Month End","202307","2023 July","155","Sligo, Co. Sligo","Weeks","17"
"ROA36C01","Estimated Time to Driving Test Invite at Month End","202307","2023 July","156","Tallaght, Co. Dublin","Weeks","40"
"ROA36C01","Estimated Time to Driving Test Invite at Month End","202307","2023 July","157","Thurles, Co. Tipperary","Weeks","18"
"ROA36C01","Estimated Time to Driving Test Invite at Month End","202307","2023 July","158","Tipperary, Co. Tipperary","Weeks","22"
"ROA36C01","Estimated Time to Driving Test Invite at Month End","202307","2023 July","159","Tralee, Co. Kerry","Weeks","37"
"ROA36C01","Estimated Time to Driving Test Invite at Month End","202307","2023 July","160","Tralee (HGV's), Co. Kerry","Weeks",""
"ROA36C01","Estimated Time to Driving Test Invite at Month End","202307","2023 July","161","Tuam, Co. Galway","Weeks","23"
"ROA36C01","Estimated Time to Driving Test Invite at Month End","202307","2023 July","162","Tullamore, Co. Offaly","Weeks","16"
"ROA36C01","Estimated Time to Driving Test Invite at Month End","202307","2023 July","163","Waterford, Co. Waterford","Weeks","31"
"ROA36C01","Estimated Time to Driving Test Invite at Month End","202307","2023 July","164","Wexford, Co. Wexford","Weeks","28"
"ROA36C01","Estimated Time to Driving Test Invite at Month End","202307","2023 July","165","Wicklow, Co. Wicklow","Weeks","34"
"ROA36C01","Estimated Time to Driving Test Invite at Month End","202307","2023 July","167","Galway (Clybaun Hotel), Co. Galway","Weeks",""
"ROA36C01","Estimated Time to Driving Test Invite at Month End","202307","2023 July","168","Sandyford, Co. Dublin","Weeks",""
"ROA36C01","Estimated Time to Driving Test Invite at Month End","202307","2023 July","169","Drogheda – Southgate, Co. Louth","Weeks",""
"ROA36C01","Estimated Time to Driving Test Invite at Month End","202307","2023 July","170","Mitchelstown, Co. Cork","Weeks",""
"ROA36C01","Estimated Time to Driving Test Invite at Month End","202308","2023 August","-","All driving test centres","Weeks","30.4"
"ROA36C01","Estimated Time to Driving Test Invite at Month End","202308","2023 August","100","Athlone, Co. Westmeath","Weeks","20"
"ROA36C01","Estimated Time to Driving Test Invite at Month End","202308","2023 August","101","Ballina, Co. Mayo","Weeks","24"
"ROA36C01","Estimated Time to Driving Test Invite at Month End","202308","2023 August","102","Birr, Co. Offaly","Weeks","37"
"ROA36C01","Estimated Time to Driving Test Invite at Month End","202308","2023 August","103","Birr (County Arms Hotel), Co. Offaly","Weeks",""
"ROA36C01","Estimated Time to Driving Test Invite at Month End","202308","2023 August","104","Buncrana, Co. Donegal","Weeks","34"
"ROA36C01","Estimated Time to Driving Test Invite at Month End","202308","2023 August","105","Carlow, Co. Carlow","Weeks",""
"ROA36C01","Estimated Time to Driving Test Invite at Month End","202308","2023 August","106","Carlow Talbot Hotel, Co. Carlow","Weeks","34"
"ROA36C01","Estimated Time to Driving Test Invite at Month End","202308","2023 August","107","Carrick On Shannon, Co. Leitrim","Weeks","25"
"ROA36C01","Estimated Time to Driving Test Invite at Month End","202308","2023 August","108","Castlebar, Co. Mayo","Weeks","21"
"ROA36C01","Estimated Time to Driving Test Invite at Month End","202308","2023 August","109","Cavan, Co. Cavan","Weeks","34"
"ROA36C01","Estimated Time to Driving Test Invite at Month End","202308","2023 August","110","Charlestown (Dublin), Co. Dublin","Weeks","33"
"ROA36C01","Estimated Time to Driving Test Invite at Month End","202308","2023 August","111","Clifden, Co. Galway","Weeks","26"
"ROA36C01","Estimated Time to Driving Test Invite at Month End","202308","2023 August","112","Clonmel, Co. Tipperary","Weeks","27"
"ROA36C01","Estimated Time to Driving Test Invite at Month End","202308","2023 August","113","Cork (Ballincollig), Co. Cork","Weeks",""
"ROA36C01","Estimated Time to Driving Test Invite at Month End","202308","2023 August","114","Cork (St. Finbarr's GAA Club Togher), Co. Cork","Weeks",""
"ROA36C01","Estimated Time to Driving Test Invite at Month End","202308","2023 August","115","Cork (Wilton), Co. Cork","Weeks","39"
"ROA36C01","Estimated Time to Driving Test Invite at Month End","202308","2023 August","116","Donegal, Co. Donegal","Weeks","32"
"ROA36C01","Estimated Time to Driving Test Invite at Month End","202308","2023 August","117","Drogheda, Co. Louth","Weeks",""
"ROA36C01","Estimated Time to Driving Test Invite at Month End","202308","2023 August","118","Dun Laoghaire / Deansgrange, Co. Dublin","Weeks","51"
"ROA36C01","Estimated Time to Driving Test Invite at Month End","202308","2023 August","119","Dundalk, Co. Louth","Weeks","22"
"ROA36C01","Estimated Time to Driving Test Invite at Month End","202308","2023 August","120","Dungarvan, Co. Waterford","Weeks","37"
"ROA36C01","Estimated Time to Driving Test Invite at Month End","202308","2023 August","121","Ennis, Co. Clare","Weeks","24"
"ROA36C01","Estimated Time to Driving Test Invite at Month End","202308","2023 August","122","Finglas, Co. Dublin","Weeks","32"
"ROA36C01","Estimated Time to Driving Test Invite at Month End","202308","2023 August","123","Galway (Carnmore), Co. Galway","Weeks","27"
"ROA36C01","Estimated Time to Driving Test Invite at Month End","202308","2023 August","124","Galway (Westside), Co. Galway","Weeks","24"
"ROA36C01","Estimated Time to Driving Test Invite at Month End","202308","2023 August","125","Gorey, Co. Wexford","Weeks","27"
"ROA36C01","Estimated Time to Driving Test Invite at Month End","202308","2023 August","126","Kilkenny (Govt Buildings), Co. Kilkenny","Weeks","42"
"ROA36C01","Estimated Time to Driving Test Invite at Month End","202308","2023 August","127","Kilkenny (O'Loughlin Gaels), Co. Kilkenny","Weeks","39"
"ROA36C01","Estimated Time to Driving Test Invite at Month End","202308","2023 August","128","Killarney, Co. Kerry","Weeks","43"
"ROA36C01","Estimated Time to Driving Test Invite at Month End","202308","2023 August","129","Killester, Co. Dublin","Weeks","38"
"ROA36C01","Estimated Time to Driving Test Invite at Month End","202308","2023 August","130","Kilrush, Co. Clare","Weeks","20"
"ROA36C01","Estimated Time to Driving Test Invite at Month End","202308","2023 August","131","Letterkenny, Co. Donegal","Weeks","27"
"ROA36C01","Estimated Time to Driving Test Invite at Month End","202308","2023 August","132","Limerick - Castlemungret, Co. Limerick","Weeks","25"
"ROA36C01","Estimated Time to Driving Test Invite at Month End","202308","2023 August","133","Limerick - Woodview, Co. Limerick","Weeks","26"
"ROA36C01","Estimated Time to Driving Test Invite at Month End","202308","2023 August","134","Limerick (Roxboro), Co. Limerick","Weeks",""
"ROA36C01","Estimated Time to Driving Test Invite at Month End","202308","2023 August","135","Longford, Co. Longford","Weeks","18"
"ROA36C01","Estimated Time to Driving Test Invite at Month End","202308","2023 August","136","Loughrea, Co. Galway","Weeks","20"
"ROA36C01","Estimated Time to Driving Test Invite at Month End","202308","2023 August","137","Loughrea (Lough Rea Hotel & Spa), Co. Galway","Weeks",""
"ROA36C01","Estimated Time to Driving Test Invite at Month End","202308","2023 August","138","Mallow, Co. Cork","Weeks",""
"ROA36C01","Estimated Time to Driving Test Invite at Month End","202308","2023 August","139","Mallow (Cork Racecourse Mallow), Co. Cork","Weeks","35"
"ROA36C01","Estimated Time to Driving Test Invite at Month End","202308","2023 August","140","Monaghan, Co. Monaghan","Weeks","26"
"ROA36C01","Estimated Time to Driving Test Invite at Month End","202308","2023 August","141","Mulhuddart, Co. Dublin","Weeks","45"
"ROA36C01","Estimated Time to Driving Test Invite at Month End","202308","2023 August","142","Mulhuddart (Carlton Hotel), Co. Dublin","Weeks",""
"ROA36C01","Estimated Time to Driving Test Invite at Month End","202308","2023 August","143","Mulhuddart Maple House, Co. Dublin","Weeks","18"
"ROA36C01","Estimated Time to Driving Test Invite at Month End","202308","2023 August","144","Mullingar, Co. Westmeath","Weeks","31"
"ROA36C01","Estimated Time to Driving Test Invite at Month End","202308","2023 August","145","Naas, Co. Kildare","Weeks","34"
"ROA36C01","Estimated Time to Driving Test Invite at Month End","202308","2023 August","146","Navan, Co. Meath","Weeks","31"
"ROA36C01","Estimated Time to Driving Test Invite at Month End","202308","2023 August","147","Nenagh, Co. Tipperary","Weeks","26"
"ROA36C01","Estimated Time to Driving Test Invite at Month End","202308","2023 August","148","Newcastle West, Co. Limerick","Weeks","37"
"ROA36C01","Estimated Time to Driving Test Invite at Month End","202308","2023 August","149","Newcastle West (Longcourt House Hotel), Co. Limerick","Weeks","26"
"ROA36C01","Estimated Time to Driving Test Invite at Month End","202308","2023 August","150","Portlaoise, Co. Laois","Weeks","33"
"ROA36C01","Estimated Time to Driving Test Invite at Month End","202308","2023 August","166","Portlaoise (Maldron Hotel), Co. Laois","Weeks",""
"ROA36C01","Estimated Time to Driving Test Invite at Month End","202308","2023 August","151","Raheny, Co. Dublin","Weeks","36"
"ROA36C01","Estimated Time to Driving Test Invite at Month End","202308","2023 August","152","Roscommon, Co. Roscommon","Weeks","24"
"ROA36C01","Estimated Time to Driving Test Invite at Month End","202308","2023 August","153","Shannon, Co. Clare","Weeks","27"
"ROA36C01","Estimated Time to Driving Test Invite at Month End","202308","2023 August","154","Skibbereen, Co. Cork","Weeks","37"
"ROA36C01","Estimated Time to Driving Test Invite at Month End","202308","2023 August","155","Sligo, Co. Sligo","Weeks","23"
"ROA36C01","Estimated Time to Driving Test Invite at Month End","202308","2023 August","156","Tallaght, Co. Dublin","Weeks","39"
"ROA36C01","Estimated Time to Driving Test Invite at Month End","202308","2023 August","157","Thurles, Co. Tipperary","Weeks","26"
"ROA36C01","Estimated Time to Driving Test Invite at Month End","202308","2023 August","158","Tipperary, Co. Tipperary","Weeks","21"
"ROA36C01","Estimated Time to Driving Test Invite at Month End","202308","2023 August","159","Tralee, Co. Kerry","Weeks","45"
"ROA36C01","Estimated Time to Driving Test Invite at Month End","202308","2023 August","160","Tralee (HGV's), Co. Kerry","Weeks",""
"ROA36C01","Estimated Time to Driving Test Invite at Month End","202308","2023 August","161","Tuam, Co. Galway","Weeks","25"
"ROA36C01","Estimated Time to Driving Test Invite at Month End","202308","2023 August","162","Tullamore, Co. Offaly","Weeks","21"
"ROA36C01","Estimated Time to Driving Test Invite at Month End","202308","2023 August","163","Waterford, Co. Waterford","Weeks","36"
"ROA36C01","Estimated Time to Driving Test Invite at Month End","202308","2023 August","164","Wexford, Co. Wexford","Weeks","32"
"ROA36C01","Estimated Time to Driving Test Invite at Month End","202308","2023 August","165","Wicklow, Co. Wicklow","Weeks","38"
"ROA36C01","Estimated Time to Driving Test Invite at Month End","202308","2023 August","167","Galway (Clybaun Hotel), Co. Galway","Weeks",""
"ROA36C01","Estimated Time to Driving Test Invite at Month End","202308","2023 August","168","Sandyford, Co. Dublin","Weeks",""
"ROA36C01","Estimated Time to Driving Test Invite at Month End","202308","2023 August","169","Drogheda – Southgate, Co. Louth","Weeks",""
"ROA36C01","Estimated Time to Driving Test Invite at Month End","202308","2023 August","170","Mitchelstown, Co. Cork","Weeks",""
"ROA36C01","Estimated Time to Driving Test Invite at Month End","202309","2023 September","-","All driving test centres","Weeks","28.5"
"ROA36C01","Estimated Time to Driving Test Invite at Month End","202309","2023 September","100","Athlone, Co. Westmeath","Weeks","15"
"ROA36C01","Estimated Time to Driving Test Invite at Month End","202309","2023 September","101","Ballina, Co. Mayo","Weeks","23"
"ROA36C01","Estimated Time to Driving Test Invite at Month End","202309","2023 September","102","Birr, Co. Offaly","Weeks","25"
"ROA36C01","Estimated Time to Driving Test Invite at Month End","202309","2023 September","103","Birr (County Arms Hotel), Co. Offaly","Weeks",""
"ROA36C01","Estimated Time to Driving Test Invite at Month End","202309","2023 September","104","Buncrana, Co. Donegal","Weeks","36"
"ROA36C01","Estimated Time to Driving Test Invite at Month End","202309","2023 September","105","Carlow, Co. Carlow","Weeks",""
"ROA36C01","Estimated Time to Driving Test Invite at Month End","202309","2023 September","106","Carlow Talbot Hotel, Co. Carlow","Weeks","20"
"ROA36C01","Estimated Time to Driving Test Invite at Month End","202309","2023 September","107","Carrick On Shannon, Co. Leitrim","Weeks","22"
"ROA36C01","Estimated Time to Driving Test Invite at Month End","202309","2023 September","108","Castlebar, Co. Mayo","Weeks","14"
"ROA36C01","Estimated Time to Driving Test Invite at Month End","202309","2023 September","109","Cavan, Co. Cavan","Weeks","34"
"ROA36C01","Estimated Time to Driving Test Invite at Month End","202309","2023 September","110","Charlestown (Dublin), Co. Dublin","Weeks","36"
"ROA36C01","Estimated Time to Driving Test Invite at Month End","202309","2023 September","111","Clifden, Co. Galway","Weeks","30"
"ROA36C01","Estimated Time to Driving Test Invite at Month End","202309","2023 September","112","Clonmel, Co. Tipperary","Weeks","18"
"ROA36C01","Estimated Time to Driving Test Invite at Month End","202309","2023 September","113","Cork (Ballincollig), Co. Cork","Weeks",""
"ROA36C01","Estimated Time to Driving Test Invite at Month End","202309","2023 September","114","Cork (St. Finbarr's GAA Club Togher), Co. Cork","Weeks",""
"ROA36C01","Estimated Time to Driving Test Invite at Month End","202309","2023 September","115","Cork (Wilton), Co. Cork","Weeks","36"
"ROA36C01","Estimated Time to Driving Test Invite at Month End","202309","2023 September","116","Donegal, Co. Donegal","Weeks","45"
"ROA36C01","Estimated Time to Driving Test Invite at Month End","202309","2023 September","117","Drogheda, Co. Louth","Weeks",""
"ROA36C01","Estimated Time to Driving Test Invite at Month End","202309","2023 September","118","Dun Laoghaire / Deansgrange, Co. Dublin","Weeks","49"
"ROA36C01","Estimated Time to Driving Test Invite at Month End","202309","2023 September","119","Dundalk, Co. Louth","Weeks","15"
"ROA36C01","Estimated Time to Driving Test Invite at Month End","202309","2023 September","120","Dungarvan, Co. Waterford","Weeks","37"
"ROA36C01","Estimated Time to Driving Test Invite at Month End","202309","2023 September","121","Ennis, Co. Clare","Weeks","28"
"ROA36C01","Estimated Time to Driving Test Invite at Month End","202309","2023 September","122","Finglas, Co. Dublin","Weeks","27"
"ROA36C01","Estimated Time to Driving Test Invite at Month End","202309","2023 September","123","Galway (Carnmore), Co. Galway","Weeks","31"
"ROA36C01","Estimated Time to Driving Test Invite at Month End","202309","2023 September","124","Galway (Westside), Co. Galway","Weeks","19"
"ROA36C01","Estimated Time to Driving Test Invite at Month End","202309","2023 September","125","Gorey, Co. Wexford","Weeks","21"
"ROA36C01","Estimated Time to Driving Test Invite at Month End","202309","2023 September","126","Kilkenny (Govt Buildings), Co. Kilkenny","Weeks","32"
"ROA36C01","Estimated Time to Driving Test Invite at Month End","202309","2023 September","127","Kilkenny (O'Loughlin Gaels), Co. Kilkenny","Weeks","51"
"ROA36C01","Estimated Time to Driving Test Invite at Month End","202309","2023 September","128","Killarney, Co. Kerry","Weeks","19"
"ROA36C01","Estimated Time to Driving Test Invite at Month End","202309","2023 September","129","Killester, Co. Dublin","Weeks","52"
"ROA36C01","Estimated Time to Driving Test Invite at Month End","202309","2023 September","130","Kilrush, Co. Clare","Weeks","23"
"ROA36C01","Estimated Time to Driving Test Invite at Month End","202309","2023 September","131","Letterkenny, Co. Donegal","Weeks","18"
"ROA36C01","Estimated Time to Driving Test Invite at Month End","202309","2023 September","132","Limerick - Castlemungret, Co. Limerick","Weeks","20"
"ROA36C01","Estimated Time to Driving Test Invite at Month End","202309","2023 September","133","Limerick - Woodview, Co. Limerick","Weeks","20"
"ROA36C01","Estimated Time to Driving Test Invite at Month End","202309","2023 September","134","Limerick (Roxboro), Co. Limerick","Weeks",""
"ROA36C01","Estimated Time to Driving Test Invite at Month End","202309","2023 September","135","Longford, Co. Longford","Weeks","26"
"ROA36C01","Estimated Time to Driving Test Invite at Month End","202309","2023 September","136","Loughrea, Co. Galway","Weeks","21"
"ROA36C01","Estimated Time to Driving Test Invite at Month End","202309","2023 September","137","Loughrea (Lough Rea Hotel & Spa), Co. Galway","Weeks",""
"ROA36C01","Estimated Time to Driving Test Invite at Month End","202309","2023 September","138","Mallow, Co. Cork","Weeks",""
"ROA36C01","Estimated Time to Driving Test Invite at Month End","202309","2023 September","139","Mallow (Cork Racecourse Mallow), Co. Cork","Weeks","26"
"ROA36C01","Estimated Time to Driving Test Invite at Month End","202309","2023 September","140","Monaghan, Co. Monaghan","Weeks","25"
"ROA36C01","Estimated Time to Driving Test Invite at Month End","202309","2023 September","141","Mulhuddart, Co. Dublin","Weeks","48"
"ROA36C01","Estimated Time to Driving Test Invite at Month End","202309","2023 September","142","Mulhuddart (Carlton Hotel), Co. Dublin","Weeks",""
"ROA36C01","Estimated Time to Driving Test Invite at Month End","202309","2023 September","143","Mulhuddart Maple House, Co. Dublin","Weeks","19"
"ROA36C01","Estimated Time to Driving Test Invite at Month End","202309","2023 September","144","Mullingar, Co. Westmeath","Weeks","34"
"ROA36C01","Estimated Time to Driving Test Invite at Month End","202309","2023 September","145","Naas, Co. Kildare","Weeks","36"
"ROA36C01","Estimated Time to Driving Test Invite at Month End","202309","2023 September","146","Navan, Co. Meath","Weeks","32"
"ROA36C01","Estimated Time to Driving Test Invite at Month End","202309","2023 September","147","Nenagh, Co. Tipperary","Weeks","15"
"ROA36C01","Estimated Time to Driving Test Invite at Month End","202309","2023 September","148","Newcastle West, Co. Limerick","Weeks","26"
"ROA36C01","Estimated Time to Driving Test Invite at Month End","202309","2023 September","149","Newcastle West (Longcourt House Hotel), Co. Limerick","Weeks","15"
"ROA36C01","Estimated Time to Driving Test Invite at Month End","202309","2023 September","150","Portlaoise, Co. Laois","Weeks","29"
"ROA36C01","Estimated Time to Driving Test Invite at Month End","202309","2023 September","166","Portlaoise (Maldron Hotel), Co. Laois","Weeks",""
"ROA36C01","Estimated Time to Driving Test Invite at Month End","202309","2023 September","151","Raheny, Co. Dublin","Weeks","34"
"ROA36C01","Estimated Time to Driving Test Invite at Month End","202309","2023 September","152","Roscommon, Co. Roscommon","Weeks","34"
"ROA36C01","Estimated Time to Driving Test Invite at Month End","202309","2023 September","153","Shannon, Co. Clare","Weeks","39"
"ROA36C01","Estimated Time to Driving Test Invite at Month End","202309","2023 September","154","Skibbereen, Co. Cork","Weeks","33"
"ROA36C01","Estimated Time to Driving Test Invite at Month End","202309","2023 September","155","Sligo, Co. Sligo","Weeks","20"
"ROA36C01","Estimated Time to Driving Test Invite at Month End","202309","2023 September","156","Tallaght, Co. Dublin","Weeks","41"
"ROA36C01","Estimated Time to Driving Test Invite at Month End","202309","2023 September","157","Thurles, Co. Tipperary","Weeks","21"
"ROA36C01","Estimated Time to Driving Test Invite at Month End","202309","2023 September","158","Tipperary, Co. Tipperary","Weeks","24"
"ROA36C01","Estimated Time to Driving Test Invite at Month End","202309","2023 September","159","Tralee, Co. Kerry","Weeks","39"
"ROA36C01","Estimated Time to Driving Test Invite at Month End","202309","2023 September","160","Tralee (HGV's), Co. Kerry","Weeks",""
"ROA36C01","Estimated Time to Driving Test Invite at Month End","202309","2023 September","161","Tuam, Co. Galway","Weeks","26"
"ROA36C01","Estimated Time to Driving Test Invite at Month End","202309","2023 September","162","Tullamore, Co. Offaly","Weeks","18"
"ROA36C01","Estimated Time to Driving Test Invite at Month End","202309","2023 September","163","Waterford, Co. Waterford","Weeks","23"
"ROA36C01","Estimated Time to Driving Test Invite at Month End","202309","2023 September","164","Wexford, Co. Wexford","Weeks","32"
"ROA36C01","Estimated Time to Driving Test Invite at Month End","202309","2023 September","165","Wicklow, Co. Wicklow","Weeks","42"
"ROA36C01","Estimated Time to Driving Test Invite at Month End","202309","2023 September","167","Galway (Clybaun Hotel), Co. Galway","Weeks",""
"ROA36C01","Estimated Time to Driving Test Invite at Month End","202309","2023 September","168","Sandyford, Co. Dublin","Weeks",""
"ROA36C01","Estimated Time to Driving Test Invite at Month End","202309","2023 September","169","Drogheda – Southgate, Co. Louth","Weeks",""
"ROA36C01","Estimated Time to Driving Test Invite at Month End","202309","2023 September","170","Mitchelstown, Co. Cork","Weeks",""
"ROA36C01","Estimated Time to Driving Test Invite at Month End","202310","2023 October","-","All driving test centres","Weeks","24.9"
"ROA36C01","Estimated Time to Driving Test Invite at Month End","202310","2023 October","100","Athlone, Co. Westmeath","Weeks","11"
"ROA36C01","Estimated Time to Driving Test Invite at Month End","202310","2023 October","101","Ballina, Co. Mayo","Weeks","12"
"ROA36C01","Estimated Time to Driving Test Invite at Month End","202310","2023 October","102","Birr, Co. Offaly","Weeks","24"
"ROA36C01","Estimated Time to Driving Test Invite at Month End","202310","2023 October","103","Birr (County Arms Hotel), Co. Offaly","Weeks",""
"ROA36C01","Estimated Time to Driving Test Invite at Month End","202310","2023 October","104","Buncrana, Co. Donegal","Weeks","34"
"ROA36C01","Estimated Time to Driving Test Invite at Month End","202310","2023 October","105","Carlow, Co. Carlow","Weeks",""
"ROA36C01","Estimated Time to Driving Test Invite at Month End","202310","2023 October","106","Carlow Talbot Hotel, Co. Carlow","Weeks","21"
"ROA36C01","Estimated Time to Driving Test Invite at Month End","202310","2023 October","107","Carrick On Shannon, Co. Leitrim","Weeks","25"
"ROA36C01","Estimated Time to Driving Test Invite at Month End","202310","2023 October","108","Castlebar, Co. Mayo","Weeks","15"
"ROA36C01","Estimated Time to Driving Test Invite at Month End","202310","2023 October","109","Cavan, Co. Cavan","Weeks","22"
"ROA36C01","Estimated Time to Driving Test Invite at Month End","202310","2023 October","110","Charlestown (Dublin), Co. Dublin","Weeks","21"
"ROA36C01","Estimated Time to Driving Test Invite at Month End","202310","2023 October","111","Clifden, Co. Galway","Weeks","31"
"ROA36C01","Estimated Time to Driving Test Invite at Month End","202310","2023 October","112","Clonmel, Co. Tipperary","Weeks","22"
"ROA36C01","Estimated Time to Driving Test Invite at Month End","202310","2023 October","113","Cork (Ballincollig), Co. Cork","Weeks",""
"ROA36C01","Estimated Time to Driving Test Invite at Month End","202310","2023 October","114","Cork (St. Finbarr's GAA Club Togher), Co. Cork","Weeks",""
"ROA36C01","Estimated Time to Driving Test Invite at Month End","202310","2023 October","115","Cork (Wilton), Co. Cork","Weeks","34"
"ROA36C01","Estimated Time to Driving Test Invite at Month End","202310","2023 October","116","Donegal, Co. Donegal","Weeks","33"
"ROA36C01","Estimated Time to Driving Test Invite at Month End","202310","2023 October","117","Drogheda, Co. Louth","Weeks",""
"ROA36C01","Estimated Time to Driving Test Invite at Month End","202310","2023 October","118","Dun Laoghaire / Deansgrange, Co. Dublin","Weeks","40"
"ROA36C01","Estimated Time to Driving Test Invite at Month End","202310","2023 October","119","Dundalk, Co. Louth","Weeks","24"
"ROA36C01","Estimated Time to Driving Test Invite at Month End","202310","2023 October","120","Dungarvan, Co. Waterford","Weeks","38"
"ROA36C01","Estimated Time to Driving Test Invite at Month End","202310","2023 October","121","Ennis, Co. Clare","Weeks","18"
"ROA36C01","Estimated Time to Driving Test Invite at Month End","202310","2023 October","122","Finglas, Co. Dublin","Weeks","25"
"ROA36C01","Estimated Time to Driving Test Invite at Month End","202310","2023 October","123","Galway (Carnmore), Co. Galway","Weeks","27"
"ROA36C01","Estimated Time to Driving Test Invite at Month End","202310","2023 October","124","Galway (Westside), Co. Galway","Weeks","22"
"ROA36C01","Estimated Time to Driving Test Invite at Month End","202310","2023 October","125","Gorey, Co. Wexford","Weeks","23"
"ROA36C01","Estimated Time to Driving Test Invite at Month End","202310","2023 October","126","Kilkenny (Govt Buildings), Co. Kilkenny","Weeks","45"
"ROA36C01","Estimated Time to Driving Test Invite at Month End","202310","2023 October","127","Kilkenny (O'Loughlin Gaels), Co. Kilkenny","Weeks","32"
"ROA36C01","Estimated Time to Driving Test Invite at Month End","202310","2023 October","128","Killarney, Co. Kerry","Weeks","20"
"ROA36C01","Estimated Time to Driving Test Invite at Month End","202310","2023 October","129","Killester, Co. Dublin","Weeks","37"
"ROA36C01","Estimated Time to Driving Test Invite at Month End","202310","2023 October","130","Kilrush, Co. Clare","Weeks","23"
"ROA36C01","Estimated Time to Driving Test Invite at Month End","202310","2023 October","131","Letterkenny, Co. Donegal","Weeks","23"
"ROA36C01","Estimated Time to Driving Test Invite at Month End","202310","2023 October","132","Limerick - Castlemungret, Co. Limerick","Weeks","21"
"ROA36C01","Estimated Time to Driving Test Invite at Month End","202310","2023 October","133","Limerick - Woodview, Co. Limerick","Weeks","21"
"ROA36C01","Estimated Time to Driving Test Invite at Month End","202310","2023 October","134","Limerick (Roxboro), Co. Limerick","Weeks",""
"ROA36C01","Estimated Time to Driving Test Invite at Month End","202310","2023 October","135","Longford, Co. Longford","Weeks","26"
"ROA36C01","Estimated Time to Driving Test Invite at Month End","202310","2023 October","136","Loughrea, Co. Galway","Weeks","25"
"ROA36C01","Estimated Time to Driving Test Invite at Month End","202310","2023 October","137","Loughrea (Lough Rea Hotel & Spa), Co. Galway","Weeks",""
"ROA36C01","Estimated Time to Driving Test Invite at Month End","202310","2023 October","138","Mallow, Co. Cork","Weeks",""
"ROA36C01","Estimated Time to Driving Test Invite at Month End","202310","2023 October","139","Mallow (Cork Racecourse Mallow), Co. Cork","Weeks","22"
"ROA36C01","Estimated Time to Driving Test Invite at Month End","202310","2023 October","140","Monaghan, Co. Monaghan","Weeks","25"
"ROA36C01","Estimated Time to Driving Test Invite at Month End","202310","2023 October","141","Mulhuddart, Co. Dublin","Weeks","45"
"ROA36C01","Estimated Time to Driving Test Invite at Month End","202310","2023 October","142","Mulhuddart (Carlton Hotel), Co. Dublin","Weeks",""
"ROA36C01","Estimated Time to Driving Test Invite at Month End","202310","2023 October","143","Mulhuddart Maple House, Co. Dublin","Weeks","8"
"ROA36C01","Estimated Time to Driving Test Invite at Month End","202310","2023 October","144","Mullingar, Co. Westmeath","Weeks","25"
"ROA36C01","Estimated Time to Driving Test Invite at Month End","202310","2023 October","145","Naas, Co. Kildare","Weeks","37"
"ROA36C01","Estimated Time to Driving Test Invite at Month End","202310","2023 October","146","Navan, Co. Meath","Weeks","29"
"ROA36C01","Estimated Time to Driving Test Invite at Month End","202310","2023 October","147","Nenagh, Co. Tipperary","Weeks","23"
"ROA36C01","Estimated Time to Driving Test Invite at Month End","202310","2023 October","148","Newcastle West, Co. Limerick","Weeks","18"
"ROA36C01","Estimated Time to Driving Test Invite at Month End","202310","2023 October","149","Newcastle West (Longcourt House Hotel), Co. Limerick","Weeks","16"
"ROA36C01","Estimated Time to Driving Test Invite at Month End","202310","2023 October","150","Portlaoise, Co. Laois","Weeks","25"
"ROA36C01","Estimated Time to Driving Test Invite at Month End","202310","2023 October","166","Portlaoise (Maldron Hotel), Co. Laois","Weeks",""
"ROA36C01","Estimated Time to Driving Test Invite at Month End","202310","2023 October","151","Raheny, Co. Dublin","Weeks","31"
"ROA36C01","Estimated Time to Driving Test Invite at Month End","202310","2023 October","152","Roscommon, Co. Roscommon","Weeks","23"
"ROA36C01","Estimated Time to Driving Test Invite at Month End","202310","2023 October","153","Shannon, Co. Clare","Weeks","14"
"ROA36C01","Estimated Time to Driving Test Invite at Month End","202310","2023 October","154","Skibbereen, Co. Cork","Weeks","32"
"ROA36C01","Estimated Time to Driving Test Invite at Month End","202310","2023 October","155","Sligo, Co. Sligo","Weeks","17"
"ROA36C01","Estimated Time to Driving Test Invite at Month End","202310","2023 October","156","Tallaght, Co. Dublin","Weeks","39"
"ROA36C01","Estimated Time to Driving Test Invite at Month End","202310","2023 October","157","Thurles, Co. Tipperary","Weeks","19"
"ROA36C01","Estimated Time to Driving Test Invite at Month End","202310","2023 October","158","Tipperary, Co. Tipperary","Weeks","23"
"ROA36C01","Estimated Time to Driving Test Invite at Month End","202310","2023 October","159","Tralee, Co. Kerry","Weeks","18"
"ROA36C01","Estimated Time to Driving Test Invite at Month End","202310","2023 October","160","Tralee (HGV's), Co. Kerry","Weeks",""
"ROA36C01","Estimated Time to Driving Test Invite at Month End","202310","2023 October","161","Tuam, Co. Galway","Weeks","22"
"ROA36C01","Estimated Time to Driving Test Invite at Month End","202310","2023 October","162","Tullamore, Co. Offaly","Weeks","14"
"ROA36C01","Estimated Time to Driving Test Invite at Month End","202310","2023 October","163","Waterford, Co. Waterford","Weeks","25"
"ROA36C01","Estimated Time to Driving Test Invite at Month End","202310","2023 October","164","Wexford, Co. Wexford","Weeks","24"
"ROA36C01","Estimated Time to Driving Test Invite at Month End","202310","2023 October","165","Wicklow, Co. Wicklow","Weeks","28"
"ROA36C01","Estimated Time to Driving Test Invite at Month End","202310","2023 October","167","Galway (Clybaun Hotel), Co. Galway","Weeks",""
"ROA36C01","Estimated Time to Driving Test Invite at Month End","202310","2023 October","168","Sandyford, Co. Dublin","Weeks",""
"ROA36C01","Estimated Time to Driving Test Invite at Month End","202310","2023 October","169","Drogheda – Southgate, Co. Louth","Weeks",""
"ROA36C01","Estimated Time to Driving Test Invite at Month End","202310","2023 October","170","Mitchelstown, Co. Cork","Weeks",""
"ROA36C01","Estimated Time to Driving Test Invite at Month End","202311","2023 November","-","All driving test centres","Weeks","24.3"
"ROA36C01","Estimated Time to Driving Test Invite at Month End","202311","2023 November","100","Athlone, Co. Westmeath","Weeks","13"
"ROA36C01","Estimated Time to Driving Test Invite at Month End","202311","2023 November","101","Ballina, Co. Mayo","Weeks","12"
"ROA36C01","Estimated Time to Driving Test Invite at Month End","202311","2023 November","102","Birr, Co. Offaly","Weeks","24"
"ROA36C01","Estimated Time to Driving Test Invite at Month End","202311","2023 November","103","Birr (County Arms Hotel), Co. Offaly","Weeks",""
"ROA36C01","Estimated Time to Driving Test Invite at Month End","202311","2023 November","104","Buncrana, Co. Donegal","Weeks","34"
"ROA36C01","Estimated Time to Driving Test Invite at Month End","202311","2023 November","105","Carlow, Co. Carlow","Weeks",""
"ROA36C01","Estimated Time to Driving Test Invite at Month End","202311","2023 November","106","Carlow Talbot Hotel, Co. Carlow","Weeks","20"
"ROA36C01","Estimated Time to Driving Test Invite at Month End","202311","2023 November","107","Carrick On Shannon, Co. Leitrim","Weeks","26"
"ROA36C01","Estimated Time to Driving Test Invite at Month End","202311","2023 November","108","Castlebar, Co. Mayo","Weeks","14"
"ROA36C01","Estimated Time to Driving Test Invite at Month End","202311","2023 November","109","Cavan, Co. Cavan","Weeks","20"
"ROA36C01","Estimated Time to Driving Test Invite at Month End","202311","2023 November","110","Charlestown (Dublin), Co. Dublin","Weeks","19"
"ROA36C01","Estimated Time to Driving Test Invite at Month End","202311","2023 November","111","Clifden, Co. Galway","Weeks","27"
"ROA36C01","Estimated Time to Driving Test Invite at Month End","202311","2023 November","112","Clonmel, Co. Tipperary","Weeks","23"
"ROA36C01","Estimated Time to Driving Test Invite at Month End","202311","2023 November","113","Cork (Ballincollig), Co. Cork","Weeks",""
"ROA36C01","Estimated Time to Driving Test Invite at Month End","202311","2023 November","114","Cork (St. Finbarr's GAA Club Togher), Co. Cork","Weeks",""
"ROA36C01","Estimated Time to Driving Test Invite at Month End","202311","2023 November","115","Cork (Wilton), Co. Cork","Weeks","34"
"ROA36C01","Estimated Time to Driving Test Invite at Month End","202311","2023 November","116","Donegal, Co. Donegal","Weeks","32"
"ROA36C01","Estimated Time to Driving Test Invite at Month End","202311","2023 November","117","Drogheda, Co. Louth","Weeks",""
"ROA36C01","Estimated Time to Driving Test Invite at Month End","202311","2023 November","118","Dun Laoghaire / Deansgrange, Co. Dublin","Weeks","41"
"ROA36C01","Estimated Time to Driving Test Invite at Month End","202311","2023 November","119","Dundalk, Co. Louth","Weeks","25"
"ROA36C01","Estimated Time to Driving Test Invite at Month End","202311","2023 November","120","Dungarvan, Co. Waterford","Weeks","36"
"ROA36C01","Estimated Time to Driving Test Invite at Month End","202311","2023 November","121","Ennis, Co. Clare","Weeks","15"
"ROA36C01","Estimated Time to Driving Test Invite at Month End","202311","2023 November","122","Finglas, Co. Dublin","Weeks","24"
"ROA36C01","Estimated Time to Driving Test Invite at Month End","202311","2023 November","123","Galway (Carnmore), Co. Galway","Weeks","24"
"ROA36C01","Estimated Time to Driving Test Invite at Month End","202311","2023 November","124","Galway (Westside), Co. Galway","Weeks","22"
"ROA36C01","Estimated Time to Driving Test Invite at Month End","202311","2023 November","125","Gorey, Co. Wexford","Weeks","21"
"ROA36C01","Estimated Time to Driving Test Invite at Month End","202311","2023 November","126","Kilkenny (Govt Buildings), Co. Kilkenny","Weeks","43"
"ROA36C01","Estimated Time to Driving Test Invite at Month End","202311","2023 November","127","Kilkenny (O'Loughlin Gaels), Co. Kilkenny","Weeks","27"
"ROA36C01","Estimated Time to Driving Test Invite at Month End","202311","2023 November","128","Killarney, Co. Kerry","Weeks","19"
"ROA36C01","Estimated Time to Driving Test Invite at Month End","202311","2023 November","129","Killester, Co. Dublin","Weeks","37"
"ROA36C01","Estimated Time to Driving Test Invite at Month End","202311","2023 November","130","Kilrush, Co. Clare","Weeks","22"
"ROA36C01","Estimated Time to Driving Test Invite at Month End","202311","2023 November","131","Letterkenny, Co. Donegal","Weeks","23"
"ROA36C01","Estimated Time to Driving Test Invite at Month End","202311","2023 November","132","Limerick - Castlemungret, Co. Limerick","Weeks","22"
"ROA36C01","Estimated Time to Driving Test Invite at Month End","202311","2023 November","133","Limerick - Woodview, Co. Limerick","Weeks","14"
"ROA36C01","Estimated Time to Driving Test Invite at Month End","202311","2023 November","134","Limerick (Roxboro), Co. Limerick","Weeks",""
"ROA36C01","Estimated Time to Driving Test Invite at Month End","202311","2023 November","135","Longford, Co. Longford","Weeks","24"
"ROA36C01","Estimated Time to Driving Test Invite at Month End","202311","2023 November","136","Loughrea, Co. Galway","Weeks","26"
"ROA36C01","Estimated Time to Driving Test Invite at Month End","202311","2023 November","137","Loughrea (Lough Rea Hotel & Spa), Co. Galway","Weeks",""
"ROA36C01","Estimated Time to Driving Test Invite at Month End","202311","2023 November","138","Mallow, Co. Cork","Weeks",""
"ROA36C01","Estimated Time to Driving Test Invite at Month End","202311","2023 November","139","Mallow (Cork Racecourse Mallow), Co. Cork","Weeks","21"
"ROA36C01","Estimated Time to Driving Test Invite at Month End","202311","2023 November","140","Monaghan, Co. Monaghan","Weeks","21"
"ROA36C01","Estimated Time to Driving Test Invite at Month End","202311","2023 November","141","Mulhuddart, Co. Dublin","Weeks","43"
"ROA36C01","Estimated Time to Driving Test Invite at Month End","202311","2023 November","142","Mulhuddart (Carlton Hotel), Co. Dublin","Weeks",""
"ROA36C01","Estimated Time to Driving Test Invite at Month End","202311","2023 November","143","Mulhuddart Maple House, Co. Dublin","Weeks","16"
"ROA36C01","Estimated Time to Driving Test Invite at Month End","202311","2023 November","144","Mullingar, Co. Westmeath","Weeks","27"
"ROA36C01","Estimated Time to Driving Test Invite at Month End","202311","2023 November","145","Naas, Co. Kildare","Weeks","38"
"ROA36C01","Estimated Time to Driving Test Invite at Month End","202311","2023 November","146","Navan, Co. Meath","Weeks","28"
"ROA36C01","Estimated Time to Driving Test Invite at Month End","202311","2023 November","147","Nenagh, Co. Tipperary","Weeks","24"
"ROA36C01","Estimated Time to Driving Test Invite at Month End","202311","2023 November","148","Newcastle West, Co. Limerick","Weeks","16"
"ROA36C01","Estimated Time to Driving Test Invite at Month End","202311","2023 November","149","Newcastle West (Longcourt House Hotel), Co. Limerick","Weeks","12"
"ROA36C01","Estimated Time to Driving Test Invite at Month End","202311","2023 November","150","Portlaoise, Co. Laois","Weeks","25"
"ROA36C01","Estimated Time to Driving Test Invite at Month End","202311","2023 November","166","Portlaoise (Maldron Hotel), Co. Laois","Weeks",""
"ROA36C01","Estimated Time to Driving Test Invite at Month End","202311","2023 November","151","Raheny, Co. Dublin","Weeks","30"
"ROA36C01","Estimated Time to Driving Test Invite at Month End","202311","2023 November","152","Roscommon, Co. Roscommon","Weeks","21"
"ROA36C01","Estimated Time to Driving Test Invite at Month End","202311","2023 November","153","Shannon, Co. Clare","Weeks","12"
"ROA36C01","Estimated Time to Driving Test Invite at Month End","202311","2023 November","154","Skibbereen, Co. Cork","Weeks","34"
"ROA36C01","Estimated Time to Driving Test Invite at Month End","202311","2023 November","155","Sligo, Co. Sligo","Weeks","17"
"ROA36C01","Estimated Time to Driving Test Invite at Month End","202311","2023 November","156","Tallaght, Co. Dublin","Weeks","40"
"ROA36C01","Estimated Time to Driving Test Invite at Month End","202311","2023 November","157","Thurles, Co. Tipperary","Weeks","22"
"ROA36C01","Estimated Time to Driving Test Invite at Month End","202311","2023 November","158","Tipperary, Co. Tipperary","Weeks","22"
"ROA36C01","Estimated Time to Driving Test Invite at Month End","202311","2023 November","159","Tralee, Co. Kerry","Weeks","19"
"ROA36C01","Estimated Time to Driving Test Invite at Month End","202311","2023 November","160","Tralee (HGV's), Co. Kerry","Weeks",""
"ROA36C01","Estimated Time to Driving Test Invite at Month End","202311","2023 November","161","Tuam, Co. Galway","Weeks","19"
"ROA36C01","Estimated Time to Driving Test Invite at Month End","202311","2023 November","162","Tullamore, Co. Offaly","Weeks","14"
"ROA36C01","Estimated Time to Driving Test Invite at Month End","202311","2023 November","163","Waterford, Co. Waterford","Weeks","25"
"ROA36C01","Estimated Time to Driving Test Invite at Month End","202311","2023 November","164","Wexford, Co. Wexford","Weeks","23"
"ROA36C01","Estimated Time to Driving Test Invite at Month End","202311","2023 November","165","Wicklow, Co. Wicklow","Weeks","26"
"ROA36C01","Estimated Time to Driving Test Invite at Month End","202311","2023 November","167","Galway (Clybaun Hotel), Co. Galway","Weeks",""
"ROA36C01","Estimated Time to Driving Test Invite at Month End","202311","2023 November","168","Sandyford, Co. Dublin","Weeks",""
"ROA36C01","Estimated Time to Driving Test Invite at Month End","202311","2023 November","169","Drogheda – Southgate, Co. Louth","Weeks",""
"ROA36C01","Estimated Time to Driving Test Invite at Month End","202311","2023 November","170","Mitchelstown, Co. Cork","Weeks",""
"ROA36C01","Estimated Time to Driving Test Invite at Month End","202312","2023 December","-","All driving test centres","Weeks","22.5"
"ROA36C01","Estimated Time to Driving Test Invite at Month End","202312","2023 December","100","Athlone, Co. Westmeath","Weeks","21"
"ROA36C01","Estimated Time to Driving Test Invite at Month End","202312","2023 December","101","Ballina, Co. Mayo","Weeks","15"
"ROA36C01","Estimated Time to Driving Test Invite at Month End","202312","2023 December","102","Birr, Co. Offaly","Weeks","24"
"ROA36C01","Estimated Time to Driving Test Invite at Month End","202312","2023 December","103","Birr (County Arms Hotel), Co. Offaly","Weeks",""
"ROA36C01","Estimated Time to Driving Test Invite at Month End","202312","2023 December","104","Buncrana, Co. Donegal","Weeks","33"
"ROA36C01","Estimated Time to Driving Test Invite at Month End","202312","2023 December","105","Carlow, Co. Carlow","Weeks","9"
"ROA36C01","Estimated Time to Driving Test Invite at Month End","202312","2023 December","106","Carlow Talbot Hotel, Co. Carlow","Weeks","15"
"ROA36C01","Estimated Time to Driving Test Invite at Month End","202312","2023 December","107","Carrick On Shannon, Co. Leitrim","Weeks","24"
"ROA36C01","Estimated Time to Driving Test Invite at Month End","202312","2023 December","108","Castlebar, Co. Mayo","Weeks","14"
"ROA36C01","Estimated Time to Driving Test Invite at Month End","202312","2023 December","109","Cavan, Co. Cavan","Weeks","25"
"ROA36C01","Estimated Time to Driving Test Invite at Month End","202312","2023 December","110","Charlestown (Dublin), Co. Dublin","Weeks","18"
"ROA36C01","Estimated Time to Driving Test Invite at Month End","202312","2023 December","111","Clifden, Co. Galway","Weeks","28"
"ROA36C01","Estimated Time to Driving Test Invite at Month End","202312","2023 December","112","Clonmel, Co. Tipperary","Weeks","29"
"ROA36C01","Estimated Time to Driving Test Invite at Month End","202312","2023 December","113","Cork (Ballincollig), Co. Cork","Weeks",""
"ROA36C01","Estimated Time to Driving Test Invite at Month End","202312","2023 December","114","Cork (St. Finbarr's GAA Club Togher), Co. Cork","Weeks",""
"ROA36C01","Estimated Time to Driving Test Invite at Month End","202312","2023 December","115","Cork (Wilton), Co. Cork","Weeks","35"
"ROA36C01","Estimated Time to Driving Test Invite at Month End","202312","2023 December","116","Donegal, Co. Donegal","Weeks","29"
"ROA36C01","Estimated Time to Driving Test Invite at Month End","202312","2023 December","117","Drogheda, Co. Louth","Weeks",""
"ROA36C01","Estimated Time to Driving Test Invite at Month End","202312","2023 December","118","Dun Laoghaire / Deansgrange, Co. Dublin","Weeks","40"
"ROA36C01","Estimated Time to Driving Test Invite at Month End","202312","2023 December","119","Dundalk, Co. Louth","Weeks","16"
"ROA36C01","Estimated Time to Driving Test Invite at Month End","202312","2023 December","120","Dungarvan, Co. Waterford","Weeks","27"
"ROA36C01","Estimated Time to Driving Test Invite at Month End","202312","2023 December","121","Ennis, Co. Clare","Weeks","11"
"ROA36C01","Estimated Time to Driving Test Invite at Month End","202312","2023 December","122","Finglas, Co. Dublin","Weeks","24"
"ROA36C01","Estimated Time to Driving Test Invite at Month End","202312","2023 December","123","Galway (Carnmore), Co. Galway","Weeks","24"
"ROA36C01","Estimated Time to Driving Test Invite at Month End","202312","2023 December","124","Galway (Westside), Co. Galway","Weeks","25"
"ROA36C01","Estimated Time to Driving Test Invite at Month End","202312","2023 December","125","Gorey, Co. Wexford","Weeks","16"
"ROA36C01","Estimated Time to Driving Test Invite at Month End","202312","2023 December","126","Kilkenny (Govt Buildings), Co. Kilkenny","Weeks","29"
"ROA36C01","Estimated Time to Driving Test Invite at Month End","202312","2023 December","127","Kilkenny (O'Loughlin Gaels), Co. Kilkenny","Weeks","37"
"ROA36C01","Estimated Time to Driving Test Invite at Month End","202312","2023 December","128","Killarney, Co. Kerry","Weeks","15"
"ROA36C01","Estimated Time to Driving Test Invite at Month End","202312","2023 December","129","Killester, Co. Dublin","Weeks","35"
"ROA36C01","Estimated Time to Driving Test Invite at Month End","202312","2023 December","130","Kilrush, Co. Clare","Weeks","22"
"ROA36C01","Estimated Time to Driving Test Invite at Month End","202312","2023 December","131","Letterkenny, Co. Donegal","Weeks","23"
"ROA36C01","Estimated Time to Driving Test Invite at Month End","202312","2023 December","132","Limerick - Castlemungret, Co. Limerick","Weeks","20"
"ROA36C01","Estimated Time to Driving Test Invite at Month End","202312","2023 December","133","Limerick - Woodview, Co. Limerick","Weeks","14"
"ROA36C01","Estimated Time to Driving Test Invite at Month End","202312","2023 December","134","Limerick (Roxboro), Co. Limerick","Weeks",""
"ROA36C01","Estimated Time to Driving Test Invite at Month End","202312","2023 December","135","Longford, Co. Longford","Weeks","24"
"ROA36C01","Estimated Time to Driving Test Invite at Month End","202312","2023 December","136","Loughrea, Co. Galway","Weeks","27"
"ROA36C01","Estimated Time to Driving Test Invite at Month End","202312","2023 December","137","Loughrea (Lough Rea Hotel & Spa), Co. Galway","Weeks",""
"ROA36C01","Estimated Time to Driving Test Invite at Month End","202312","2023 December","138","Mallow, Co. Cork","Weeks",""
"ROA36C01","Estimated Time to Driving Test Invite at Month End","202312","2023 December","139","Mallow (Cork Racecourse Mallow), Co. Cork","Weeks","16"
"ROA36C01","Estimated Time to Driving Test Invite at Month End","202312","2023 December","140","Monaghan, Co. Monaghan","Weeks","24"
"ROA36C01","Estimated Time to Driving Test Invite at Month End","202312","2023 December","141","Mulhuddart, Co. Dublin","Weeks","30"
"ROA36C01","Estimated Time to Driving Test Invite at Month End","202312","2023 December","142","Mulhuddart (Carlton Hotel), Co. Dublin","Weeks",""
"ROA36C01","Estimated Time to Driving Test Invite at Month End","202312","2023 December","143","Mulhuddart Maple House, Co. Dublin","Weeks","17"
"ROA36C01","Estimated Time to Driving Test Invite at Month End","202312","2023 December","144","Mullingar, Co. Westmeath","Weeks","22"
"ROA36C01","Estimated Time to Driving Test Invite at Month End","202312","2023 December","145","Naas, Co. Kildare","Weeks","30"
"ROA36C01","Estimated Time to Driving Test Invite at Month End","202312","2023 December","146","Navan, Co. Meath","Weeks","19"
"ROA36C01","Estimated Time to Driving Test Invite at Month End","202312","2023 December","147","Nenagh, Co. Tipperary","Weeks","22"
"ROA36C01","Estimated Time to Driving Test Invite at Month End","202312","2023 December","148","Newcastle West, Co. Limerick","Weeks","15"
"ROA36C01","Estimated Time to Driving Test Invite at Month End","202312","2023 December","149","Newcastle West (Longcourt House Hotel), Co. Limerick","Weeks","13"
"ROA36C01","Estimated Time to Driving Test Invite at Month End","202312","2023 December","150","Portlaoise, Co. Laois","Weeks","28"
"ROA36C01","Estimated Time to Driving Test Invite at Month End","202312","2023 December","166","Portlaoise (Maldron Hotel), Co. Laois","Weeks",""
"ROA36C01","Estimated Time to Driving Test Invite at Month End","202312","2023 December","151","Raheny, Co. Dublin","Weeks","20"
"ROA36C01","Estimated Time to Driving Test Invite at Month End","202312","2023 December","152","Roscommon, Co. Roscommon","Weeks","29"
"ROA36C01","Estimated Time to Driving Test Invite at Month End","202312","2023 December","153","Shannon, Co. Clare","Weeks","20"
"ROA36C01","Estimated Time to Driving Test Invite at Month End","202312","2023 December","154","Skibbereen, Co. Cork","Weeks","33"
"ROA36C01","Estimated Time to Driving Test Invite at Month End","202312","2023 December","155","Sligo, Co. Sligo","Weeks","15"
"ROA36C01","Estimated Time to Driving Test Invite at Month End","202312","2023 December","156","Tallaght, Co. Dublin","Weeks","32"
"ROA36C01","Estimated Time to Driving Test Invite at Month End","202312","2023 December","157","Thurles, Co. Tipperary","Weeks","19"
"ROA36C01","Estimated Time to Driving Test Invite at Month End","202312","2023 December","158","Tipperary, Co. Tipperary","Weeks","20"
"ROA36C01","Estimated Time to Driving Test Invite at Month End","202312","2023 December","159","Tralee, Co. Kerry","Weeks","17"
"ROA36C01","Estimated Time to Driving Test Invite at Month End","202312","2023 December","160","Tralee (HGV's), Co. Kerry","Weeks",""
"ROA36C01","Estimated Time to Driving Test Invite at Month End","202312","2023 December","161","Tuam, Co. Galway","Weeks","17"
"ROA36C01","Estimated Time to Driving Test Invite at Month End","202312","2023 December","162","Tullamore, Co. Offaly","Weeks","14"
"ROA36C01","Estimated Time to Driving Test Invite at Month End","202312","2023 December","163","Waterford, Co. Waterford","Weeks","21"
"ROA36C01","Estimated Time to Driving Test Invite at Month End","202312","2023 December","164","Wexford, Co. Wexford","Weeks","16"
"ROA36C01","Estimated Time to Driving Test Invite at Month End","202312","2023 December","165","Wicklow, Co. Wicklow","Weeks","26"
"ROA36C01","Estimated Time to Driving Test Invite at Month End","202312","2023 December","167","Galway (Clybaun Hotel), Co. Galway","Weeks",""
"ROA36C01","Estimated Time to Driving Test Invite at Month End","202312","2023 December","168","Sandyford, Co. Dublin","Weeks",""
"ROA36C01","Estimated Time to Driving Test Invite at Month End","202312","2023 December","169","Drogheda – Southgate, Co. Louth","Weeks",""
"ROA36C01","Estimated Time to Driving Test Invite at Month End","202312","2023 December","170","Mitchelstown, Co. Cork","Weeks",""
"ROA36C01","Estimated Time to Driving Test Invite at Month End","202401","2024 January","-","All driving test centres","Weeks","19.7"
"ROA36C01","Estimated Time to Driving Test Invite at Month End","202401","2024 January","100","Athlone, Co. Westmeath","Weeks","12"
"ROA36C01","Estimated Time to Driving Test Invite at Month End","202401","2024 January","101","Ballina, Co. Mayo","Weeks","15"
"ROA36C01","Estimated Time to Driving Test Invite at Month End","202401","2024 January","102","Birr, Co. Offaly","Weeks","24"
"ROA36C01","Estimated Time to Driving Test Invite at Month End","202401","2024 January","103","Birr (County Arms Hotel), Co. Offaly","Weeks",""
"ROA36C01","Estimated Time to Driving Test Invite at Month End","202401","2024 January","104","Buncrana, Co. Donegal","Weeks","30"
"ROA36C01","Estimated Time to Driving Test Invite at Month End","202401","2024 January","105","Carlow, Co. Carlow","Weeks","11"
"ROA36C01","Estimated Time to Driving Test Invite at Month End","202401","2024 January","106","Carlow Talbot Hotel, Co. Carlow","Weeks","10"
"ROA36C01","Estimated Time to Driving Test Invite at Month End","202401","2024 January","107","Carrick On Shannon, Co. Leitrim","Weeks","21"
"ROA36C01","Estimated Time to Driving Test Invite at Month End","202401","2024 January","108","Castlebar, Co. Mayo","Weeks","9"
"ROA36C01","Estimated Time to Driving Test Invite at Month End","202401","2024 January","109","Cavan, Co. Cavan","Weeks","20"
"ROA36C01","Estimated Time to Driving Test Invite at Month End","202401","2024 January","110","Charlestown (Dublin), Co. Dublin","Weeks","15"
"ROA36C01","Estimated Time to Driving Test Invite at Month End","202401","2024 January","111","Clifden, Co. Galway","Weeks","23"
"ROA36C01","Estimated Time to Driving Test Invite at Month End","202401","2024 January","112","Clonmel, Co. Tipperary","Weeks","25"
"ROA36C01","Estimated Time to Driving Test Invite at Month End","202401","2024 January","113","Cork (Ballincollig), Co. Cork","Weeks",""
"ROA36C01","Estimated Time to Driving Test Invite at Month End","202401","2024 January","114","Cork (St. Finbarr's GAA Club Togher), Co. Cork","Weeks",""
"ROA36C01","Estimated Time to Driving Test Invite at Month End","202401","2024 January","115","Cork (Wilton), Co. Cork","Weeks","28"
"ROA36C01","Estimated Time to Driving Test Invite at Month End","202401","2024 January","116","Donegal, Co. Donegal","Weeks","25"
"ROA36C01","Estimated Time to Driving Test Invite at Month End","202401","2024 January","117","Drogheda, Co. Louth","Weeks",""
"ROA36C01","Estimated Time to Driving Test Invite at Month End","202401","2024 January","118","Dun Laoghaire / Deansgrange, Co. Dublin","Weeks","36"
"ROA36C01","Estimated Time to Driving Test Invite at Month End","202401","2024 January","119","Dundalk, Co. Louth","Weeks","14"
"ROA36C01","Estimated Time to Driving Test Invite at Month End","202401","2024 January","120","Dungarvan, Co. Waterford","Weeks","23"
"ROA36C01","Estimated Time to Driving Test Invite at Month End","202401","2024 January","121","Ennis, Co. Clare","Weeks","11"
"ROA36C01","Estimated Time to Driving Test Invite at Month End","202401","2024 January","122","Finglas, Co. Dublin","Weeks","19"
"ROA36C01","Estimated Time to Driving Test Invite at Month End","202401","2024 January","123","Galway (Carnmore), Co. Galway","Weeks","22"
"ROA36C01","Estimated Time to Driving Test Invite at Month End","202401","2024 January","124","Galway (Westside), Co. Galway","Weeks","22"
"ROA36C01","Estimated Time to Driving Test Invite at Month End","202401","2024 January","125","Gorey, Co. Wexford","Weeks","14"
"ROA36C01","Estimated Time to Driving Test Invite at Month End","202401","2024 January","126","Kilkenny (Govt Buildings), Co. Kilkenny","Weeks","27"
"ROA36C01","Estimated Time to Driving Test Invite at Month End","202401","2024 January","127","Kilkenny (O'Loughlin Gaels), Co. Kilkenny","Weeks","28"
"ROA36C01","Estimated Time to Driving Test Invite at Month End","202401","2024 January","128","Killarney, Co. Kerry","Weeks","13"
"ROA36C01","Estimated Time to Driving Test Invite at Month End","202401","2024 January","129","Killester, Co. Dublin","Weeks","22"
"ROA36C01","Estimated Time to Driving Test Invite at Month End","202401","2024 January","130","Kilrush, Co. Clare","Weeks","15"
"ROA36C01","Estimated Time to Driving Test Invite at Month End","202401","2024 January","131","Letterkenny, Co. Donegal","Weeks","23"
"ROA36C01","Estimated Time to Driving Test Invite at Month End","202401","2024 January","132","Limerick - Castlemungret, Co. Limerick","Weeks","16"
"ROA36C01","Estimated Time to Driving Test Invite at Month End","202401","2024 January","133","Limerick - Woodview, Co. Limerick","Weeks","13"
"ROA36C01","Estimated Time to Driving Test Invite at Month End","202401","2024 January","134","Limerick (Roxboro), Co. Limerick","Weeks",""
"ROA36C01","Estimated Time to Driving Test Invite at Month End","202401","2024 January","135","Longford, Co. Longford","Weeks","25"
"ROA36C01","Estimated Time to Driving Test Invite at Month End","202401","2024 January","136","Loughrea, Co. Galway","Weeks","19"
"ROA36C01","Estimated Time to Driving Test Invite at Month End","202401","2024 January","137","Loughrea (Lough Rea Hotel & Spa), Co. Galway","Weeks",""
"ROA36C01","Estimated Time to Driving Test Invite at Month End","202401","2024 January","138","Mallow, Co. Cork","Weeks",""
"ROA36C01","Estimated Time to Driving Test Invite at Month End","202401","2024 January","139","Mallow (Cork Racecourse Mallow), Co. Cork","Weeks","12"
"ROA36C01","Estimated Time to Driving Test Invite at Month End","202401","2024 January","140","Monaghan, Co. Monaghan","Weeks","20"
"ROA36C01","Estimated Time to Driving Test Invite at Month End","202401","2024 January","141","Mulhuddart, Co. Dublin","Weeks","31"
"ROA36C01","Estimated Time to Driving Test Invite at Month End","202401","2024 January","142","Mulhuddart (Carlton Hotel), Co. Dublin","Weeks",""
"ROA36C01","Estimated Time to Driving Test Invite at Month End","202401","2024 January","143","Mulhuddart Maple House, Co. Dublin","Weeks","17"
"ROA36C01","Estimated Time to Driving Test Invite at Month End","202401","2024 January","144","Mullingar, Co. Westmeath","Weeks","21"
"ROA36C01","Estimated Time to Driving Test Invite at Month End","202401","2024 January","145","Naas, Co. Kildare","Weeks","27"
"ROA36C01","Estimated Time to Driving Test Invite at Month End","202401","2024 January","146","Navan, Co. Meath","Weeks","18"
"ROA36C01","Estimated Time to Driving Test Invite at Month End","202401","2024 January","147","Nenagh, Co. Tipperary","Weeks","21"
"ROA36C01","Estimated Time to Driving Test Invite at Month End","202401","2024 January","148","Newcastle West, Co. Limerick","Weeks","16"
"ROA36C01","Estimated Time to Driving Test Invite at Month End","202401","2024 January","149","Newcastle West (Longcourt House Hotel), Co. Limerick","Weeks","14"
"ROA36C01","Estimated Time to Driving Test Invite at Month End","202401","2024 January","150","Portlaoise, Co. Laois","Weeks","25"
"ROA36C01","Estimated Time to Driving Test Invite at Month End","202401","2024 January","166","Portlaoise (Maldron Hotel), Co. Laois","Weeks",""
"ROA36C01","Estimated Time to Driving Test Invite at Month End","202401","2024 January","151","Raheny, Co. Dublin","Weeks","21"
"ROA36C01","Estimated Time to Driving Test Invite at Month End","202401","2024 January","152","Roscommon, Co. Roscommon","Weeks","27"
"ROA36C01","Estimated Time to Driving Test Invite at Month End","202401","2024 January","153","Shannon, Co. Clare","Weeks","19"
"ROA36C01","Estimated Time to Driving Test Invite at Month End","202401","2024 January","154","Skibbereen, Co. Cork","Weeks","21"
"ROA36C01","Estimated Time to Driving Test Invite at Month End","202401","2024 January","155","Sligo, Co. Sligo","Weeks","16"
"ROA36C01","Estimated Time to Driving Test Invite at Month End","202401","2024 January","156","Tallaght, Co. Dublin","Weeks","31"
"ROA36C01","Estimated Time to Driving Test Invite at Month End","202401","2024 January","157","Thurles, Co. Tipperary","Weeks","17"
"ROA36C01","Estimated Time to Driving Test Invite at Month End","202401","2024 January","158","Tipperary, Co. Tipperary","Weeks","15"
"ROA36C01","Estimated Time to Driving Test Invite at Month End","202401","2024 January","159","Tralee, Co. Kerry","Weeks","18"
"ROA36C01","Estimated Time to Driving Test Invite at Month End","202401","2024 January","160","Tralee (HGV's), Co. Kerry","Weeks",""
"ROA36C01","Estimated Time to Driving Test Invite at Month End","202401","2024 January","161","Tuam, Co. Galway","Weeks","15"
"ROA36C01","Estimated Time to Driving Test Invite at Month End","202401","2024 January","162","Tullamore, Co. Offaly","Weeks","16"
"ROA36C01","Estimated Time to Driving Test Invite at Month End","202401","2024 January","163","Waterford, Co. Waterford","Weeks","19"
"ROA36C01","Estimated Time to Driving Test Invite at Month End","202401","2024 January","164","Wexford, Co. Wexford","Weeks","11"
"ROA36C01","Estimated Time to Driving Test Invite at Month End","202401","2024 January","165","Wicklow, Co. Wicklow","Weeks","25"
"ROA36C01","Estimated Time to Driving Test Invite at Month End","202401","2024 January","167","Galway (Clybaun Hotel), Co. Galway","Weeks",""
"ROA36C01","Estimated Time to Driving Test Invite at Month End","202401","2024 January","168","Sandyford, Co. Dublin","Weeks",""
"ROA36C01","Estimated Time to Driving Test Invite at Month End","202401","2024 January","169","Drogheda – Southgate, Co. Louth","Weeks",""
"ROA36C01","Estimated Time to Driving Test Invite at Month End","202401","2024 January","170","Mitchelstown, Co. Cork","Weeks",""
"ROA36C01","Estimated Time to Driving Test Invite at Month End","202402","2024 February","-","All driving test centres","Weeks","16.9"
"ROA36C01","Estimated Time to Driving Test Invite at Month End","202402","2024 February","100","Athlone, Co. Westmeath","Weeks","7"
"ROA36C01","Estimated Time to Driving Test Invite at Month End","202402","2024 February","101","Ballina, Co. Mayo","Weeks","13"
"ROA36C01","Estimated Time to Driving Test Invite at Month End","202402","2024 February","102","Birr, Co. Offaly","Weeks","16"
"ROA36C01","Estimated Time to Driving Test Invite at Month End","202402","2024 February","103","Birr (County Arms Hotel), Co. Offaly","Weeks",""
"ROA36C01","Estimated Time to Driving Test Invite at Month End","202402","2024 February","104","Buncrana, Co. Donegal","Weeks","19"
"ROA36C01","Estimated Time to Driving Test Invite at Month End","202402","2024 February","105","Carlow, Co. Carlow","Weeks","11"
"ROA36C01","Estimated Time to Driving Test Invite at Month End","202402","2024 February","106","Carlow Talbot Hotel, Co. Carlow","Weeks","12"
"ROA36C01","Estimated Time to Driving Test Invite at Month End","202402","2024 February","107","Carrick On Shannon, Co. Leitrim","Weeks","18"
"ROA36C01","Estimated Time to Driving Test Invite at Month End","202402","2024 February","108","Castlebar, Co. Mayo","Weeks","6"
"ROA36C01","Estimated Time to Driving Test Invite at Month End","202402","2024 February","109","Cavan, Co. Cavan","Weeks","20"
"ROA36C01","Estimated Time to Driving Test Invite at Month End","202402","2024 February","110","Charlestown (Dublin), Co. Dublin","Weeks","15"
"ROA36C01","Estimated Time to Driving Test Invite at Month End","202402","2024 February","111","Clifden, Co. Galway","Weeks","26"
"ROA36C01","Estimated Time to Driving Test Invite at Month End","202402","2024 February","112","Clonmel, Co. Tipperary","Weeks","27"
"ROA36C01","Estimated Time to Driving Test Invite at Month End","202402","2024 February","113","Cork (Ballincollig), Co. Cork","Weeks",""
"ROA36C01","Estimated Time to Driving Test Invite at Month End","202402","2024 February","114","Cork (St. Finbarr's GAA Club Togher), Co. Cork","Weeks",""
"ROA36C01","Estimated Time to Driving Test Invite at Month End","202402","2024 February","115","Cork (Wilton), Co. Cork","Weeks","26"
"ROA36C01","Estimated Time to Driving Test Invite at Month End","202402","2024 February","116","Donegal, Co. Donegal","Weeks","23"
"ROA36C01","Estimated Time to Driving Test Invite at Month End","202402","2024 February","117","Drogheda, Co. Louth","Weeks",""
"ROA36C01","Estimated Time to Driving Test Invite at Month End","202402","2024 February","118","Dun Laoghaire / Deansgrange, Co. Dublin","Weeks","34"
"ROA36C01","Estimated Time to Driving Test Invite at Month End","202402","2024 February","119","Dundalk, Co. Louth","Weeks","13"
"ROA36C01","Estimated Time to Driving Test Invite at Month End","202402","2024 February","120","Dungarvan, Co. Waterford","Weeks","17"
"ROA36C01","Estimated Time to Driving Test Invite at Month End","202402","2024 February","121","Ennis, Co. Clare","Weeks","7"
"ROA36C01","Estimated Time to Driving Test Invite at Month End","202402","2024 February","122","Finglas, Co. Dublin","Weeks","15"
"ROA36C01","Estimated Time to Driving Test Invite at Month End","202402","2024 February","123","Galway (Carnmore), Co. Galway","Weeks","16"
"ROA36C01","Estimated Time to Driving Test Invite at Month End","202402","2024 February","124","Galway (Westside), Co. Galway","Weeks","19"
"ROA36C01","Estimated Time to Driving Test Invite at Month End","202402","2024 February","125","Gorey, Co. Wexford","Weeks","13"
"ROA36C01","Estimated Time to Driving Test Invite at Month End","202402","2024 February","126","Kilkenny (Govt Buildings), Co. Kilkenny","Weeks","27"
"ROA36C01","Estimated Time to Driving Test Invite at Month End","202402","2024 February","127","Kilkenny (O'Loughlin Gaels), Co. Kilkenny","Weeks","26"
"ROA36C01","Estimated Time to Driving Test Invite at Month End","202402","2024 February","128","Killarney, Co. Kerry","Weeks","10"
"ROA36C01","Estimated Time to Driving Test Invite at Month End","202402","2024 February","129","Killester, Co. Dublin","Weeks","20"
"ROA36C01","Estimated Time to Driving Test Invite at Month End","202402","2024 February","130","Kilrush, Co. Clare","Weeks","15"
"ROA36C01","Estimated Time to Driving Test Invite at Month End","202402","2024 February","131","Letterkenny, Co. Donegal","Weeks","15"
"ROA36C01","Estimated Time to Driving Test Invite at Month End","202402","2024 February","132","Limerick - Castlemungret, Co. Limerick","Weeks","11"
"ROA36C01","Estimated Time to Driving Test Invite at Month End","202402","2024 February","133","Limerick - Woodview, Co. Limerick","Weeks","11"
"ROA36C01","Estimated Time to Driving Test Invite at Month End","202402","2024 February","134","Limerick (Roxboro), Co. Limerick","Weeks",""
"ROA36C01","Estimated Time to Driving Test Invite at Month End","202402","2024 February","135","Longford, Co. Longford","Weeks","25"
"ROA36C01","Estimated Time to Driving Test Invite at Month End","202402","2024 February","136","Loughrea, Co. Galway","Weeks","14"
"ROA36C01","Estimated Time to Driving Test Invite at Month End","202402","2024 February","137","Loughrea (Lough Rea Hotel & Spa), Co. Galway","Weeks",""
"ROA36C01","Estimated Time to Driving Test Invite at Month End","202402","2024 February","138","Mallow, Co. Cork","Weeks",""
"ROA36C01","Estimated Time to Driving Test Invite at Month End","202402","2024 February","139","Mallow (Cork Racecourse Mallow), Co. Cork","Weeks","10"
"ROA36C01","Estimated Time to Driving Test Invite at Month End","202402","2024 February","140","Monaghan, Co. Monaghan","Weeks","17"
"ROA36C01","Estimated Time to Driving Test Invite at Month End","202402","2024 February","141","Mulhuddart, Co. Dublin","Weeks","29"
"ROA36C01","Estimated Time to Driving Test Invite at Month End","202402","2024 February","142","Mulhuddart (Carlton Hotel), Co. Dublin","Weeks",""
"ROA36C01","Estimated Time to Driving Test Invite at Month End","202402","2024 February","143","Mulhuddart Maple House, Co. Dublin","Weeks","14"
"ROA36C01","Estimated Time to Driving Test Invite at Month End","202402","2024 February","144","Mullingar, Co. Westmeath","Weeks","21"
"ROA36C01","Estimated Time to Driving Test Invite at Month End","202402","2024 February","145","Naas, Co. Kildare","Weeks","26"
"ROA36C01","Estimated Time to Driving Test Invite at Month End","202402","2024 February","146","Navan, Co. Meath","Weeks","16"
"ROA36C01","Estimated Time to Driving Test Invite at Month End","202402","2024 February","147","Nenagh, Co. Tipperary","Weeks","19"
"ROA36C01","Estimated Time to Driving Test Invite at Month End","202402","2024 February","148","Newcastle West, Co. Limerick","Weeks","15"
"ROA36C01","Estimated Time to Driving Test Invite at Month End","202402","2024 February","149","Newcastle West (Longcourt House Hotel), Co. Limerick","Weeks","14"
"ROA36C01","Estimated Time to Driving Test Invite at Month End","202402","2024 February","150","Portlaoise, Co. Laois","Weeks","21"
"ROA36C01","Estimated Time to Driving Test Invite at Month End","202402","2024 February","166","Portlaoise (Maldron Hotel), Co. Laois","Weeks",""
"ROA36C01","Estimated Time to Driving Test Invite at Month End","202402","2024 February","151","Raheny, Co. Dublin","Weeks","14"
"ROA36C01","Estimated Time to Driving Test Invite at Month End","202402","2024 February","152","Roscommon, Co. Roscommon","Weeks","17"
"ROA36C01","Estimated Time to Driving Test Invite at Month End","202402","2024 February","153","Shannon, Co. Clare","Weeks","16"
"ROA36C01","Estimated Time to Driving Test Invite at Month End","202402","2024 February","154","Skibbereen, Co. Cork","Weeks","15"
"ROA36C01","Estimated Time to Driving Test Invite at Month End","202402","2024 February","155","Sligo, Co. Sligo","Weeks","16"
"ROA36C01","Estimated Time to Driving Test Invite at Month End","202402","2024 February","156","Tallaght, Co. Dublin","Weeks","31"
"ROA36C01","Estimated Time to Driving Test Invite at Month End","202402","2024 February","157","Thurles, Co. Tipperary","Weeks","10"
"ROA36C01","Estimated Time to Driving Test Invite at Month End","202402","2024 February","158","Tipperary, Co. Tipperary","Weeks","7"
"ROA36C01","Estimated Time to Driving Test Invite at Month End","202402","2024 February","159","Tralee, Co. Kerry","Weeks","16"
"ROA36C01","Estimated Time to Driving Test Invite at Month End","202402","2024 February","160","Tralee (HGV's), Co. Kerry","Weeks",""
"ROA36C01","Estimated Time to Driving Test Invite at Month End","202402","2024 February","161","Tuam, Co. Galway","Weeks","11"
"ROA36C01","Estimated Time to Driving Test Invite at Month End","202402","2024 February","162","Tullamore, Co. Offaly","Weeks","16"
"ROA36C01","Estimated Time to Driving Test Invite at Month End","202402","2024 February","163","Waterford, Co. Waterford","Weeks","16"
"ROA36C01","Estimated Time to Driving Test Invite at Month End","202402","2024 February","164","Wexford, Co. Wexford","Weeks","5"
"ROA36C01","Estimated Time to Driving Test Invite at Month End","202402","2024 February","165","Wicklow, Co. Wicklow","Weeks","25"
"ROA36C01","Estimated Time to Driving Test Invite at Month End","202402","2024 February","167","Galway (Clybaun Hotel), Co. Galway","Weeks",""
"ROA36C01","Estimated Time to Driving Test Invite at Month End","202402","2024 February","168","Sandyford, Co. Dublin","Weeks",""
"ROA36C01","Estimated Time to Driving Test Invite at Month End","202402","2024 February","169","Drogheda – Southgate, Co. Louth","Weeks",""
"ROA36C01","Estimated Time to Driving Test Invite at Month End","202402","2024 February","170","Mitchelstown, Co. Cork","Weeks",""
"ROA36C01","Estimated Time to Driving Test Invite at Month End","202403","2024 March","-","All driving test centres","Weeks","15.6"
"ROA36C01","Estimated Time to Driving Test Invite at Month End","202403","2024 March","100","Athlone, Co. Westmeath","Weeks","10"
"ROA36C01","Estimated Time to Driving Test Invite at Month End","202403","2024 March","101","Ballina, Co. Mayo","Weeks","11"
"ROA36C01","Estimated Time to Driving Test Invite at Month End","202403","2024 March","102","Birr, Co. Offaly","Weeks","15"
"ROA36C01","Estimated Time to Driving Test Invite at Month End","202403","2024 March","103","Birr (County Arms Hotel), Co. Offaly","Weeks",""
"ROA36C01","Estimated Time to Driving Test Invite at Month End","202403","2024 March","104","Buncrana, Co. Donegal","Weeks","18"
"ROA36C01","Estimated Time to Driving Test Invite at Month End","202403","2024 March","105","Carlow, Co. Carlow","Weeks","12"
"ROA36C01","Estimated Time to Driving Test Invite at Month End","202403","2024 March","106","Carlow Talbot Hotel, Co. Carlow","Weeks","13"
"ROA36C01","Estimated Time to Driving Test Invite at Month End","202403","2024 March","107","Carrick On Shannon, Co. Leitrim","Weeks","18"
"ROA36C01","Estimated Time to Driving Test Invite at Month End","202403","2024 March","108","Castlebar, Co. Mayo","Weeks","9"
"ROA36C01","Estimated Time to Driving Test Invite at Month End","202403","2024 March","109","Cavan, Co. Cavan","Weeks","19"
"ROA36C01","Estimated Time to Driving Test Invite at Month End","202403","2024 March","110","Charlestown (Dublin), Co. Dublin","Weeks","14"
"ROA36C01","Estimated Time to Driving Test Invite at Month End","202403","2024 March","111","Clifden, Co. Galway","Weeks","21"
"ROA36C01","Estimated Time to Driving Test Invite at Month End","202403","2024 March","112","Clonmel, Co. Tipperary","Weeks","19"
"ROA36C01","Estimated Time to Driving Test Invite at Month End","202403","2024 March","113","Cork (Ballincollig), Co. Cork","Weeks",""
"ROA36C01","Estimated Time to Driving Test Invite at Month End","202403","2024 March","114","Cork (St. Finbarr's GAA Club Togher), Co. Cork","Weeks",""
"ROA36C01","Estimated Time to Driving Test Invite at Month End","202403","2024 March","115","Cork (Wilton), Co. Cork","Weeks","23"
"ROA36C01","Estimated Time to Driving Test Invite at Month End","202403","2024 March","116","Donegal, Co. Donegal","Weeks","23"
"ROA36C01","Estimated Time to Driving Test Invite at Month End","202403","2024 March","117","Drogheda, Co. Louth","Weeks",""
"ROA36C01","Estimated Time to Driving Test Invite at Month End","202403","2024 March","118","Dun Laoghaire / Deansgrange, Co. Dublin","Weeks","31"
"ROA36C01","Estimated Time to Driving Test Invite at Month End","202403","2024 March","119","Dundalk, Co. Louth","Weeks","14"
"ROA36C01","Estimated Time to Driving Test Invite at Month End","202403","2024 March","120","Dungarvan, Co. Waterford","Weeks","19"
"ROA36C01","Estimated Time to Driving Test Invite at Month End","202403","2024 March","121","Ennis, Co. Clare","Weeks","10"
"ROA36C01","Estimated Time to Driving Test Invite at Month End","202403","2024 March","122","Finglas, Co. Dublin","Weeks","13"
"ROA36C01","Estimated Time to Driving Test Invite at Month End","202403","2024 March","123","Galway (Carnmore), Co. Galway","Weeks","13"
"ROA36C01","Estimated Time to Driving Test Invite at Month End","202403","2024 March","124","Galway (Westside), Co. Galway","Weeks","18"
"ROA36C01","Estimated Time to Driving Test Invite at Month End","202403","2024 March","125","Gorey, Co. Wexford","Weeks","12"
"ROA36C01","Estimated Time to Driving Test Invite at Month End","202403","2024 March","126","Kilkenny (Govt Buildings), Co. Kilkenny","Weeks","19"
"ROA36C01","Estimated Time to Driving Test Invite at Month End","202403","2024 March","127","Kilkenny (O'Loughlin Gaels), Co. Kilkenny","Weeks","20"
"ROA36C01","Estimated Time to Driving Test Invite at Month End","202403","2024 March","128","Killarney, Co. Kerry","Weeks","10"
"ROA36C01","Estimated Time to Driving Test Invite at Month End","202403","2024 March","129","Killester, Co. Dublin","Weeks","19"
"ROA36C01","Estimated Time to Driving Test Invite at Month End","202403","2024 March","130","Kilrush, Co. Clare","Weeks","11"
"ROA36C01","Estimated Time to Driving Test Invite at Month End","202403","2024 March","131","Letterkenny, Co. Donegal","Weeks","18"
"ROA36C01","Estimated Time to Driving Test Invite at Month End","202403","2024 March","132","Limerick - Castlemungret, Co. Limerick","Weeks","8"
"ROA36C01","Estimated Time to Driving Test Invite at Month End","202403","2024 March","133","Limerick - Woodview, Co. Limerick","Weeks","9"
"ROA36C01","Estimated Time to Driving Test Invite at Month End","202403","2024 March","134","Limerick (Roxboro), Co. Limerick","Weeks",""
"ROA36C01","Estimated Time to Driving Test Invite at Month End","202403","2024 March","135","Longford, Co. Longford","Weeks","21"
"ROA36C01","Estimated Time to Driving Test Invite at Month End","202403","2024 March","136","Loughrea, Co. Galway","Weeks","13"
"ROA36C01","Estimated Time to Driving Test Invite at Month End","202403","2024 March","137","Loughrea (Lough Rea Hotel & Spa), Co. Galway","Weeks",""
"ROA36C01","Estimated Time to Driving Test Invite at Month End","202403","2024 March","138","Mallow, Co. Cork","Weeks",""
"ROA36C01","Estimated Time to Driving Test Invite at Month End","202403","2024 March","139","Mallow (Cork Racecourse Mallow), Co. Cork","Weeks","12"
"ROA36C01","Estimated Time to Driving Test Invite at Month End","202403","2024 March","140","Monaghan, Co. Monaghan","Weeks","15"
"ROA36C01","Estimated Time to Driving Test Invite at Month End","202403","2024 March","141","Mulhuddart, Co. Dublin","Weeks","26"
"ROA36C01","Estimated Time to Driving Test Invite at Month End","202403","2024 March","142","Mulhuddart (Carlton Hotel), Co. Dublin","Weeks",""
"ROA36C01","Estimated Time to Driving Test Invite at Month End","202403","2024 March","143","Mulhuddart Maple House, Co. Dublin","Weeks","13"
"ROA36C01","Estimated Time to Driving Test Invite at Month End","202403","2024 March","144","Mullingar, Co. Westmeath","Weeks","16"
"ROA36C01","Estimated Time to Driving Test Invite at Month End","202403","2024 March","145","Naas, Co. Kildare","Weeks","25"
"ROA36C01","Estimated Time to Driving Test Invite at Month End","202403","2024 March","146","Navan, Co. Meath","Weeks","15"
"ROA36C01","Estimated Time to Driving Test Invite at Month End","202403","2024 March","147","Nenagh, Co. Tipperary","Weeks","15"
"ROA36C01","Estimated Time to Driving Test Invite at Month End","202403","2024 March","148","Newcastle West, Co. Limerick","Weeks","15"
"ROA36C01","Estimated Time to Driving Test Invite at Month End","202403","2024 March","149","Newcastle West (Longcourt House Hotel), Co. Limerick","Weeks","13"
"ROA36C01","Estimated Time to Driving Test Invite at Month End","202403","2024 March","150","Portlaoise, Co. Laois","Weeks","19"
"ROA36C01","Estimated Time to Driving Test Invite at Month End","202403","2024 March","166","Portlaoise (Maldron Hotel), Co. Laois","Weeks",""
"ROA36C01","Estimated Time to Driving Test Invite at Month End","202403","2024 March","151","Raheny, Co. Dublin","Weeks","15"
"ROA36C01","Estimated Time to Driving Test Invite at Month End","202403","2024 March","152","Roscommon, Co. Roscommon","Weeks","13"
"ROA36C01","Estimated Time to Driving Test Invite at Month End","202403","2024 March","153","Shannon, Co. Clare","Weeks","11"
"ROA36C01","Estimated Time to Driving Test Invite at Month End","202403","2024 March","154","Skibbereen, Co. Cork","Weeks","15"
"ROA36C01","Estimated Time to Driving Test Invite at Month End","202403","2024 March","155","Sligo, Co. Sligo","Weeks","9"
"ROA36C01","Estimated Time to Driving Test Invite at Month End","202403","2024 March","156","Tallaght, Co. Dublin","Weeks","25"
"ROA36C01","Estimated Time to Driving Test Invite at Month End","202403","2024 March","157","Thurles, Co. Tipperary","Weeks","11"
"ROA36C01","Estimated Time to Driving Test Invite at Month End","202403","2024 March","158","Tipperary, Co. Tipperary","Weeks","13"
"ROA36C01","Estimated Time to Driving Test Invite at Month End","202403","2024 March","159","Tralee, Co. Kerry","Weeks","16"
"ROA36C01","Estimated Time to Driving Test Invite at Month End","202403","2024 March","160","Tralee (HGV's), Co. Kerry","Weeks",""
"ROA36C01","Estimated Time to Driving Test Invite at Month End","202403","2024 March","161","Tuam, Co. Galway","Weeks","11"
"ROA36C01","Estimated Time to Driving Test Invite at Month End","202403","2024 March","162","Tullamore, Co. Offaly","Weeks","16"
"ROA36C01","Estimated Time to Driving Test Invite at Month End","202403","2024 March","163","Waterford, Co. Waterford","Weeks","14"
"ROA36C01","Estimated Time to Driving Test Invite at Month End","202403","2024 March","164","Wexford, Co. Wexford","Weeks","11"
"ROA36C01","Estimated Time to Driving Test Invite at Month End","202403","2024 March","165","Wicklow, Co. Wicklow","Weeks","20"
"ROA36C01","Estimated Time to Driving Test Invite at Month End","202403","2024 March","167","Galway (Clybaun Hotel), Co. Galway","Weeks",""
"ROA36C01","Estimated Time to Driving Test Invite at Month End","202403","2024 March","168","Sandyford, Co. Dublin","Weeks",""
"ROA36C01","Estimated Time to Driving Test Invite at Month End","202403","2024 March","169","Drogheda – Southgate, Co. Louth","Weeks",""
"ROA36C01","Estimated Time to Driving Test Invite at Month End","202403","2024 March","170","Mitchelstown, Co. Cork","Weeks",""
"ROA36C01","Estimated Time to Driving Test Invite at Month End","202404","2024 April","-","All driving test centres","Weeks","14.9"
"ROA36C01","Estimated Time to Driving Test Invite at Month End","202404","2024 April","100","Athlone, Co. Westmeath","Weeks","16"
"ROA36C01","Estimated Time to Driving Test Invite at Month End","202404","2024 April","101","Ballina, Co. Mayo","Weeks","9"
"ROA36C01","Estimated Time to Driving Test Invite at Month End","202404","2024 April","102","Birr, Co. Offaly","Weeks","14"
"ROA36C01","Estimated Time to Driving Test Invite at Month End","202404","2024 April","103","Birr (County Arms Hotel), Co. Offaly","Weeks",""
"ROA36C01","Estimated Time to Driving Test Invite at Month End","202404","2024 April","104","Buncrana, Co. Donegal","Weeks","17"
"ROA36C01","Estimated Time to Driving Test Invite at Month End","202404","2024 April","105","Carlow, Co. Carlow","Weeks","10"
"ROA36C01","Estimated Time to Driving Test Invite at Month End","202404","2024 April","106","Carlow Talbot Hotel, Co. Carlow","Weeks","11"
"ROA36C01","Estimated Time to Driving Test Invite at Month End","202404","2024 April","107","Carrick On Shannon, Co. Leitrim","Weeks","12"
"ROA36C01","Estimated Time to Driving Test Invite at Month End","202404","2024 April","108","Castlebar, Co. Mayo","Weeks","11"
"ROA36C01","Estimated Time to Driving Test Invite at Month End","202404","2024 April","109","Cavan, Co. Cavan","Weeks","16"
"ROA36C01","Estimated Time to Driving Test Invite at Month End","202404","2024 April","110","Charlestown (Dublin), Co. Dublin","Weeks","12"
"ROA36C01","Estimated Time to Driving Test Invite at Month End","202404","2024 April","111","Clifden, Co. Galway","Weeks","20"
"ROA36C01","Estimated Time to Driving Test Invite at Month End","202404","2024 April","112","Clonmel, Co. Tipperary","Weeks","19"
"ROA36C01","Estimated Time to Driving Test Invite at Month End","202404","2024 April","113","Cork (Ballincollig), Co. Cork","Weeks",""
"ROA36C01","Estimated Time to Driving Test Invite at Month End","202404","2024 April","114","Cork (St. Finbarr's GAA Club Togher), Co. Cork","Weeks",""
"ROA36C01","Estimated Time to Driving Test Invite at Month End","202404","2024 April","115","Cork (Wilton), Co. Cork","Weeks","21"
"ROA36C01","Estimated Time to Driving Test Invite at Month End","202404","2024 April","116","Donegal, Co. Donegal","Weeks","18"
"ROA36C01","Estimated Time to Driving Test Invite at Month End","202404","2024 April","117","Drogheda, Co. Louth","Weeks",""
"ROA36C01","Estimated Time to Driving Test Invite at Month End","202404","2024 April","118","Dun Laoghaire / Deansgrange, Co. Dublin","Weeks","30"
"ROA36C01","Estimated Time to Driving Test Invite at Month End","202404","2024 April","119","Dundalk, Co. Louth","Weeks","14"
"ROA36C01","Estimated Time to Driving Test Invite at Month End","202404","2024 April","120","Dungarvan, Co. Waterford","Weeks","16"
"ROA36C01","Estimated Time to Driving Test Invite at Month End","202404","2024 April","121","Ennis, Co. Clare","Weeks","11"
"ROA36C01","Estimated Time to Driving Test Invite at Month End","202404","2024 April","122","Finglas, Co. Dublin","Weeks","10"
"ROA36C01","Estimated Time to Driving Test Invite at Month End","202404","2024 April","123","Galway (Carnmore), Co. Galway","Weeks","18"
"ROA36C01","Estimated Time to Driving Test Invite at Month End","202404","2024 April","124","Galway (Westside), Co. Galway","Weeks","11"
"ROA36C01","Estimated Time to Driving Test Invite at Month End","202404","2024 April","125","Gorey, Co. Wexford","Weeks","12"
"ROA36C01","Estimated Time to Driving Test Invite at Month End","202404","2024 April","126","Kilkenny (Govt Buildings), Co. Kilkenny","Weeks","12"
"ROA36C01","Estimated Time to Driving Test Invite at Month End","202404","2024 April","127","Kilkenny (O'Loughlin Gaels), Co. Kilkenny","Weeks","21"
"ROA36C01","Estimated Time to Driving Test Invite at Month End","202404","2024 April","128","Killarney, Co. Kerry","Weeks","14"
"ROA36C01","Estimated Time to Driving Test Invite at Month End","202404","2024 April","129","Killester, Co. Dublin","Weeks","17"
"ROA36C01","Estimated Time to Driving Test Invite at Month End","202404","2024 April","130","Kilrush, Co. Clare","Weeks","8"
"ROA36C01","Estimated Time to Driving Test Invite at Month End","202404","2024 April","131","Letterkenny, Co. Donegal","Weeks","18"
"ROA36C01","Estimated Time to Driving Test Invite at Month End","202404","2024 April","132","Limerick - Castlemungret, Co. Limerick","Weeks","9"
"ROA36C01","Estimated Time to Driving Test Invite at Month End","202404","2024 April","133","Limerick - Woodview, Co. Limerick","Weeks","9"
"ROA36C01","Estimated Time to Driving Test Invite at Month End","202404","2024 April","134","Limerick (Roxboro), Co. Limerick","Weeks",""
"ROA36C01","Estimated Time to Driving Test Invite at Month End","202404","2024 April","135","Longford, Co. Longford","Weeks","18"
"ROA36C01","Estimated Time to Driving Test Invite at Month End","202404","2024 April","136","Loughrea, Co. Galway","Weeks","13"
"ROA36C01","Estimated Time to Driving Test Invite at Month End","202404","2024 April","137","Loughrea (Lough Rea Hotel & Spa), Co. Galway","Weeks",""
"ROA36C01","Estimated Time to Driving Test Invite at Month End","202404","2024 April","138","Mallow, Co. Cork","Weeks",""
"ROA36C01","Estimated Time to Driving Test Invite at Month End","202404","2024 April","139","Mallow (Cork Racecourse Mallow), Co. Cork","Weeks","14"
"ROA36C01","Estimated Time to Driving Test Invite at Month End","202404","2024 April","140","Monaghan, Co. Monaghan","Weeks","15"
"ROA36C01","Estimated Time to Driving Test Invite at Month End","202404","2024 April","141","Mulhuddart, Co. Dublin","Weeks","26"
"ROA36C01","Estimated Time to Driving Test Invite at Month End","202404","2024 April","142","Mulhuddart (Carlton Hotel), Co. Dublin","Weeks",""
"ROA36C01","Estimated Time to Driving Test Invite at Month End","202404","2024 April","143","Mulhuddart Maple House, Co. Dublin","Weeks","15"
"ROA36C01","Estimated Time to Driving Test Invite at Month End","202404","2024 April","144","Mullingar, Co. Westmeath","Weeks","18"
"ROA36C01","Estimated Time to Driving Test Invite at Month End","202404","2024 April","145","Naas, Co. Kildare","Weeks","24"
"ROA36C01","Estimated Time to Driving Test Invite at Month End","202404","2024 April","146","Navan, Co. Meath","Weeks","16"
"ROA36C01","Estimated Time to Driving Test Invite at Month End","202404","2024 April","147","Nenagh, Co. Tipperary","Weeks","16"
"ROA36C01","Estimated Time to Driving Test Invite at Month End","202404","2024 April","148","Newcastle West, Co. Limerick","Weeks","15"
"ROA36C01","Estimated Time to Driving Test Invite at Month End","202404","2024 April","149","Newcastle West (Longcourt House Hotel), Co. Limerick","Weeks","11"
"ROA36C01","Estimated Time to Driving Test Invite at Month End","202404","2024 April","150","Portlaoise, Co. Laois","Weeks","17"
"ROA36C01","Estimated Time to Driving Test Invite at Month End","202404","2024 April","166","Portlaoise (Maldron Hotel), Co. Laois","Weeks",""
"ROA36C01","Estimated Time to Driving Test Invite at Month End","202404","2024 April","151","Raheny, Co. Dublin","Weeks","15"
"ROA36C01","Estimated Time to Driving Test Invite at Month End","202404","2024 April","152","Roscommon, Co. Roscommon","Weeks","14"
"ROA36C01","Estimated Time to Driving Test Invite at Month End","202404","2024 April","153","Shannon, Co. Clare","Weeks","11"
"ROA36C01","Estimated Time to Driving Test Invite at Month End","202404","2024 April","154","Skibbereen, Co. Cork","Weeks","14"
"ROA36C01","Estimated Time to Driving Test Invite at Month End","202404","2024 April","155","Sligo, Co. Sligo","Weeks","9"
"ROA36C01","Estimated Time to Driving Test Invite at Month End","202404","2024 April","156","Tallaght, Co. Dublin","Weeks","23"
"ROA36C01","Estimated Time to Driving Test Invite at Month End","202404","2024 April","157","Thurles, Co. Tipperary","Weeks","12"
"ROA36C01","Estimated Time to Driving Test Invite at Month End","202404","2024 April","158","Tipperary, Co. Tipperary","Weeks","11"
"ROA36C01","Estimated Time to Driving Test Invite at Month End","202404","2024 April","159","Tralee, Co. Kerry","Weeks","13"
"ROA36C01","Estimated Time to Driving Test Invite at Month End","202404","2024 April","160","Tralee (HGV's), Co. Kerry","Weeks",""
"ROA36C01","Estimated Time to Driving Test Invite at Month End","202404","2024 April","161","Tuam, Co. Galway","Weeks","12"
"ROA36C01","Estimated Time to Driving Test Invite at Month End","202404","2024 April","162","Tullamore, Co. Offaly","Weeks","15"
"ROA36C01","Estimated Time to Driving Test Invite at Month End","202404","2024 April","163","Waterford, Co. Waterford","Weeks","13"
"ROA36C01","Estimated Time to Driving Test Invite at Month End","202404","2024 April","164","Wexford, Co. Wexford","Weeks","16"
"ROA36C01","Estimated Time to Driving Test Invite at Month End","202404","2024 April","165","Wicklow, Co. Wicklow","Weeks","16"
"ROA36C01","Estimated Time to Driving Test Invite at Month End","202404","2024 April","167","Galway (Clybaun Hotel), Co. Galway","Weeks",""
"ROA36C01","Estimated Time to Driving Test Invite at Month End","202404","2024 April","168","Sandyford, Co. Dublin","Weeks",""
"ROA36C01","Estimated Time to Driving Test Invite at Month End","202404","2024 April","169","Drogheda – Southgate, Co. Louth","Weeks",""
"ROA36C01","Estimated Time to Driving Test Invite at Month End","202404","2024 April","170","Mitchelstown, Co. Cork","Weeks",""
"ROA36C01","Estimated Time to Driving Test Invite at Month End","202405","2024 May","-","All driving test centres","Weeks","15.6"
"ROA36C01","Estimated Time to Driving Test Invite at Month End","202405","2024 May","100","Athlone, Co. Westmeath","Weeks","17"
"ROA36C01","Estimated Time to Driving Test Invite at Month End","202405","2024 May","101","Ballina, Co. Mayo","Weeks","18"
"ROA36C01","Estimated Time to Driving Test Invite at Month End","202405","2024 May","102","Birr, Co. Offaly","Weeks","17"
"ROA36C01","Estimated Time to Driving Test Invite at Month End","202405","2024 May","103","Birr (County Arms Hotel), Co. Offaly","Weeks",""
"ROA36C01","Estimated Time to Driving Test Invite at Month End","202405","2024 May","104","Buncrana, Co. Donegal","Weeks","18"
"ROA36C01","Estimated Time to Driving Test Invite at Month End","202405","2024 May","105","Carlow, Co. Carlow","Weeks","11"
"ROA36C01","Estimated Time to Driving Test Invite at Month End","202405","2024 May","106","Carlow Talbot Hotel, Co. Carlow","Weeks","15"
"ROA36C01","Estimated Time to Driving Test Invite at Month End","202405","2024 May","107","Carrick On Shannon, Co. Leitrim","Weeks","14"
"ROA36C01","Estimated Time to Driving Test Invite at Month End","202405","2024 May","108","Castlebar, Co. Mayo","Weeks","13"
"ROA36C01","Estimated Time to Driving Test Invite at Month End","202405","2024 May","109","Cavan, Co. Cavan","Weeks","16"
"ROA36C01","Estimated Time to Driving Test Invite at Month End","202405","2024 May","110","Charlestown (Dublin), Co. Dublin","Weeks","12"
"ROA36C01","Estimated Time to Driving Test Invite at Month End","202405","2024 May","111","Clifden, Co. Galway","Weeks","15"
"ROA36C01","Estimated Time to Driving Test Invite at Month End","202405","2024 May","112","Clonmel, Co. Tipperary","Weeks","20"
"ROA36C01","Estimated Time to Driving Test Invite at Month End","202405","2024 May","113","Cork (Ballincollig), Co. Cork","Weeks",""
"ROA36C01","Estimated Time to Driving Test Invite at Month End","202405","2024 May","114","Cork (St. Finbarr's GAA Club Togher), Co. Cork","Weeks",""
"ROA36C01","Estimated Time to Driving Test Invite at Month End","202405","2024 May","115","Cork (Wilton), Co. Cork","Weeks","19"
"ROA36C01","Estimated Time to Driving Test Invite at Month End","202405","2024 May","116","Donegal, Co. Donegal","Weeks","15"
"ROA36C01","Estimated Time to Driving Test Invite at Month End","202405","2024 May","117","Drogheda, Co. Louth","Weeks",""
"ROA36C01","Estimated Time to Driving Test Invite at Month End","202405","2024 May","118","Dun Laoghaire / Deansgrange, Co. Dublin","Weeks","30"
"ROA36C01","Estimated Time to Driving Test Invite at Month End","202405","2024 May","119","Dundalk, Co. Louth","Weeks","14"
"ROA36C01","Estimated Time to Driving Test Invite at Month End","202405","2024 May","120","Dungarvan, Co. Waterford","Weeks","17"
"ROA36C01","Estimated Time to Driving Test Invite at Month End","202405","2024 May","121","Ennis, Co. Clare","Weeks","13"
"ROA36C01","Estimated Time to Driving Test Invite at Month End","202405","2024 May","122","Finglas, Co. Dublin","Weeks","12"
"ROA36C01","Estimated Time to Driving Test Invite at Month End","202405","2024 May","123","Galway (Carnmore), Co. Galway","Weeks","15"
"ROA36C01","Estimated Time to Driving Test Invite at Month End","202405","2024 May","124","Galway (Westside), Co. Galway","Weeks","13"
"ROA36C01","Estimated Time to Driving Test Invite at Month End","202405","2024 May","125","Gorey, Co. Wexford","Weeks","15"
"ROA36C01","Estimated Time to Driving Test Invite at Month End","202405","2024 May","126","Kilkenny (Govt Buildings), Co. Kilkenny","Weeks","14"
"ROA36C01","Estimated Time to Driving Test Invite at Month End","202405","2024 May","127","Kilkenny (O'Loughlin Gaels), Co. Kilkenny","Weeks","19"
"ROA36C01","Estimated Time to Driving Test Invite at Month End","202405","2024 May","128","Killarney, Co. Kerry","Weeks","14"
"ROA36C01","Estimated Time to Driving Test Invite at Month End","202405","2024 May","129","Killester, Co. Dublin","Weeks","14"
"ROA36C01","Estimated Time to Driving Test Invite at Month End","202405","2024 May","130","Kilrush, Co. Clare","Weeks","11"
"ROA36C01","Estimated Time to Driving Test Invite at Month End","202405","2024 May","131","Letterkenny, Co. Donegal","Weeks","18"
"ROA36C01","Estimated Time to Driving Test Invite at Month End","202405","2024 May","132","Limerick - Castlemungret, Co. Limerick","Weeks","11"
"ROA36C01","Estimated Time to Driving Test Invite at Month End","202405","2024 May","133","Limerick - Woodview, Co. Limerick","Weeks","14"
"ROA36C01","Estimated Time to Driving Test Invite at Month End","202405","2024 May","134","Limerick (Roxboro), Co. Limerick","Weeks",""
"ROA36C01","Estimated Time to Driving Test Invite at Month End","202405","2024 May","135","Longford, Co. Longford","Weeks","17"
"ROA36C01","Estimated Time to Driving Test Invite at Month End","202405","2024 May","136","Loughrea, Co. Galway","Weeks","15"
"ROA36C01","Estimated Time to Driving Test Invite at Month End","202405","2024 May","137","Loughrea (Lough Rea Hotel & Spa), Co. Galway","Weeks",""
"ROA36C01","Estimated Time to Driving Test Invite at Month End","202405","2024 May","138","Mallow, Co. Cork","Weeks",""
"ROA36C01","Estimated Time to Driving Test Invite at Month End","202405","2024 May","139","Mallow (Cork Racecourse Mallow), Co. Cork","Weeks","15"
"ROA36C01","Estimated Time to Driving Test Invite at Month End","202405","2024 May","140","Monaghan, Co. Monaghan","Weeks","18"
"ROA36C01","Estimated Time to Driving Test Invite at Month End","202405","2024 May","141","Mulhuddart, Co. Dublin","Weeks","24"
"ROA36C01","Estimated Time to Driving Test Invite at Month End","202405","2024 May","142","Mulhuddart (Carlton Hotel), Co. Dublin","Weeks",""
"ROA36C01","Estimated Time to Driving Test Invite at Month End","202405","2024 May","143","Mulhuddart Maple House, Co. Dublin","Weeks","14"
"ROA36C01","Estimated Time to Driving Test Invite at Month End","202405","2024 May","144","Mullingar, Co. Westmeath","Weeks","17"
"ROA36C01","Estimated Time to Driving Test Invite at Month End","202405","2024 May","145","Naas, Co. Kildare","Weeks","22"
"ROA36C01","Estimated Time to Driving Test Invite at Month End","202405","2024 May","146","Navan, Co. Meath","Weeks","17"
"ROA36C01","Estimated Time to Driving Test Invite at Month End","202405","2024 May","147","Nenagh, Co. Tipperary","Weeks","16"
"ROA36C01","Estimated Time to Driving Test Invite at Month End","202405","2024 May","148","Newcastle West, Co. Limerick","Weeks","17"
"ROA36C01","Estimated Time to Driving Test Invite at Month End","202405","2024 May","149","Newcastle West (Longcourt House Hotel), Co. Limerick","Weeks","12"
"ROA36C01","Estimated Time to Driving Test Invite at Month End","202405","2024 May","150","Portlaoise, Co. Laois","Weeks","17"
"ROA36C01","Estimated Time to Driving Test Invite at Month End","202405","2024 May","166","Portlaoise (Maldron Hotel), Co. Laois","Weeks",""
"ROA36C01","Estimated Time to Driving Test Invite at Month End","202405","2024 May","151","Raheny, Co. Dublin","Weeks","16"
"ROA36C01","Estimated Time to Driving Test Invite at Month End","202405","2024 May","152","Roscommon, Co. Roscommon","Weeks","14"
"ROA36C01","Estimated Time to Driving Test Invite at Month End","202405","2024 May","153","Shannon, Co. Clare","Weeks","12"
"ROA36C01","Estimated Time to Driving Test Invite at Month End","202405","2024 May","154","Skibbereen, Co. Cork","Weeks","13"
"ROA36C01","Estimated Time to Driving Test Invite at Month End","202405","2024 May","155","Sligo, Co. Sligo","Weeks","13"
"ROA36C01","Estimated Time to Driving Test Invite at Month End","202405","2024 May","156","Tallaght, Co. Dublin","Weeks","22"
"ROA36C01","Estimated Time to Driving Test Invite at Month End","202405","2024 May","157","Thurles, Co. Tipperary","Weeks","13"
"ROA36C01","Estimated Time to Driving Test Invite at Month End","202405","2024 May","158","Tipperary, Co. Tipperary","Weeks","12"
"ROA36C01","Estimated Time to Driving Test Invite at Month End","202405","2024 May","159","Tralee, Co. Kerry","Weeks","13"
"ROA36C01","Estimated Time to Driving Test Invite at Month End","202405","2024 May","160","Tralee (HGV's), Co. Kerry","Weeks",""
"ROA36C01","Estimated Time to Driving Test Invite at Month End","202405","2024 May","161","Tuam, Co. Galway","Weeks","13"
"ROA36C01","Estimated Time to Driving Test Invite at Month End","202405","2024 May","162","Tullamore, Co. Offaly","Weeks","14"
"ROA36C01","Estimated Time to Driving Test Invite at Month End","202405","2024 May","163","Waterford, Co. Waterford","Weeks","13"
"ROA36C01","Estimated Time to Driving Test Invite at Month End","202405","2024 May","164","Wexford, Co. Wexford","Weeks","23"
"ROA36C01","Estimated Time to Driving Test Invite at Month End","202405","2024 May","165","Wicklow, Co. Wicklow","Weeks","15"
"ROA36C01","Estimated Time to Driving Test Invite at Month End","202405","2024 May","167","Galway (Clybaun Hotel), Co. Galway","Weeks",""
"ROA36C01","Estimated Time to Driving Test Invite at Month End","202405","2024 May","168","Sandyford, Co. Dublin","Weeks",""
"ROA36C01","Estimated Time to Driving Test Invite at Month End","202405","2024 May","169","Drogheda – Southgate, Co. Louth","Weeks",""
"ROA36C01","Estimated Time to Driving Test Invite at Month End","202405","2024 May","170","Mitchelstown, Co. Cork","Weeks",""
"ROA36C01","Estimated Time to Driving Test Invite at Month End","202406","2024 June","-","All driving test centres","Weeks","15.6"
"ROA36C01","Estimated Time to Driving Test Invite at Month End","202406","2024 June","100","Athlone, Co. Westmeath","Weeks","13"
"ROA36C01","Estimated Time to Driving Test Invite at Month End","202406","2024 June","101","Ballina, Co. Mayo","Weeks","16"
"ROA36C01","Estimated Time to Driving Test Invite at Month End","202406","2024 June","102","Birr, Co. Offaly","Weeks","17"
"ROA36C01","Estimated Time to Driving Test Invite at Month End","202406","2024 June","103","Birr (County Arms Hotel), Co. Offaly","Weeks",""
"ROA36C01","Estimated Time to Driving Test Invite at Month End","202406","2024 June","104","Buncrana, Co. Donegal","Weeks","18"
"ROA36C01","Estimated Time to Driving Test Invite at Month End","202406","2024 June","105","Carlow, Co. Carlow","Weeks","11"
"ROA36C01","Estimated Time to Driving Test Invite at Month End","202406","2024 June","106","Carlow Talbot Hotel, Co. Carlow","Weeks","16"
"ROA36C01","Estimated Time to Driving Test Invite at Month End","202406","2024 June","107","Carrick On Shannon, Co. Leitrim","Weeks","15"
"ROA36C01","Estimated Time to Driving Test Invite at Month End","202406","2024 June","108","Castlebar, Co. Mayo","Weeks","16"
"ROA36C01","Estimated Time to Driving Test Invite at Month End","202406","2024 June","109","Cavan, Co. Cavan","Weeks","18"
"ROA36C01","Estimated Time to Driving Test Invite at Month End","202406","2024 June","110","Charlestown (Dublin), Co. Dublin","Weeks","15"
"ROA36C01","Estimated Time to Driving Test Invite at Month End","202406","2024 June","111","Clifden, Co. Galway","Weeks","17"
"ROA36C01","Estimated Time to Driving Test Invite at Month End","202406","2024 June","112","Clonmel, Co. Tipperary","Weeks","19"
"ROA36C01","Estimated Time to Driving Test Invite at Month End","202406","2024 June","113","Cork (Ballincollig), Co. Cork","Weeks",""
"ROA36C01","Estimated Time to Driving Test Invite at Month End","202406","2024 June","114","Cork (St. Finbarr's GAA Club Togher), Co. Cork","Weeks",""
"ROA36C01","Estimated Time to Driving Test Invite at Month End","202406","2024 June","115","Cork (Wilton), Co. Cork","Weeks","17"
"ROA36C01","Estimated Time to Driving Test Invite at Month End","202406","2024 June","116","Donegal, Co. Donegal","Weeks","15"
"ROA36C01","Estimated Time to Driving Test Invite at Month End","202406","2024 June","117","Drogheda, Co. Louth","Weeks",""
"ROA36C01","Estimated Time to Driving Test Invite at Month End","202406","2024 June","118","Dun Laoghaire / Deansgrange, Co. Dublin","Weeks","28"
"ROA36C01","Estimated Time to Driving Test Invite at Month End","202406","2024 June","119","Dundalk, Co. Louth","Weeks","15"
"ROA36C01","Estimated Time to Driving Test Invite at Month End","202406","2024 June","120","Dungarvan, Co. Waterford","Weeks","16"
"ROA36C01","Estimated Time to Driving Test Invite at Month End","202406","2024 June","121","Ennis, Co. Clare","Weeks","14"
"ROA36C01","Estimated Time to Driving Test Invite at Month End","202406","2024 June","122","Finglas, Co. Dublin","Weeks","11"
"ROA36C01","Estimated Time to Driving Test Invite at Month End","202406","2024 June","123","Galway (Carnmore), Co. Galway","Weeks","13"
"ROA36C01","Estimated Time to Driving Test Invite at Month End","202406","2024 June","124","Galway (Westside), Co. Galway","Weeks","16"
"ROA36C01","Estimated Time to Driving Test Invite at Month End","202406","2024 June","125","Gorey, Co. Wexford","Weeks","16"
"ROA36C01","Estimated Time to Driving Test Invite at Month End","202406","2024 June","126","Kilkenny (Govt Buildings), Co. Kilkenny","Weeks","16"
"ROA36C01","Estimated Time to Driving Test Invite at Month End","202406","2024 June","127","Kilkenny (O'Loughlin Gaels), Co. Kilkenny","Weeks","19"
"ROA36C01","Estimated Time to Driving Test Invite at Month End","202406","2024 June","128","Killarney, Co. Kerry","Weeks","17"
"ROA36C01","Estimated Time to Driving Test Invite at Month End","202406","2024 June","129","Killester, Co. Dublin","Weeks","14"
"ROA36C01","Estimated Time to Driving Test Invite at Month End","202406","2024 June","130","Kilrush, Co. Clare","Weeks","13"
"ROA36C01","Estimated Time to Driving Test Invite at Month End","202406","2024 June","131","Letterkenny, Co. Donegal","Weeks","18"
"ROA36C01","Estimated Time to Driving Test Invite at Month End","202406","2024 June","132","Limerick - Castlemungret, Co. Limerick","Weeks","11"
"ROA36C01","Estimated Time to Driving Test Invite at Month End","202406","2024 June","133","Limerick - Woodview, Co. Limerick","Weeks","12"
"ROA36C01","Estimated Time to Driving Test Invite at Month End","202406","2024 June","134","Limerick (Roxboro), Co. Limerick","Weeks",""
"ROA36C01","Estimated Time to Driving Test Invite at Month End","202406","2024 June","135","Longford, Co. Longford","Weeks","19"
"ROA36C01","Estimated Time to Driving Test Invite at Month End","202406","2024 June","136","Loughrea, Co. Galway","Weeks","14"
"ROA36C01","Estimated Time to Driving Test Invite at Month End","202406","2024 June","137","Loughrea (Lough Rea Hotel & Spa), Co. Galway","Weeks",""
"ROA36C01","Estimated Time to Driving Test Invite at Month End","202406","2024 June","138","Mallow, Co. Cork","Weeks",""
"ROA36C01","Estimated Time to Driving Test Invite at Month End","202406","2024 June","139","Mallow (Cork Racecourse Mallow), Co. Cork","Weeks","15"
"ROA36C01","Estimated Time to Driving Test Invite at Month End","202406","2024 June","140","Monaghan, Co. Monaghan","Weeks","19"
"ROA36C01","Estimated Time to Driving Test Invite at Month End","202406","2024 June","141","Mulhuddart, Co. Dublin","Weeks","23"
"ROA36C01","Estimated Time to Driving Test Invite at Month End","202406","2024 June","142","Mulhuddart (Carlton Hotel), Co. Dublin","Weeks",""
"ROA36C01","Estimated Time to Driving Test Invite at Month End","202406","2024 June","143","Mulhuddart Maple House, Co. Dublin","Weeks","14"
"ROA36C01","Estimated Time to Driving Test Invite at Month End","202406","2024 June","144","Mullingar, Co. Westmeath","Weeks","17"
"ROA36C01","Estimated Time to Driving Test Invite at Month End","202406","2024 June","145","Naas, Co. Kildare","Weeks","22"
"ROA36C01","Estimated Time to Driving Test Invite at Month End","202406","2024 June","146","Navan, Co. Meath","Weeks","18"
"ROA36C01","Estimated Time to Driving Test Invite at Month End","202406","2024 June","147","Nenagh, Co. Tipperary","Weeks","15"
"ROA36C01","Estimated Time to Driving Test Invite at Month End","202406","2024 June","148","Newcastle West, Co. Limerick","Weeks","14"
"ROA36C01","Estimated Time to Driving Test Invite at Month End","202406","2024 June","149","Newcastle West (Longcourt House Hotel), Co. Limerick","Weeks","12"
"ROA36C01","Estimated Time to Driving Test Invite at Month End","202406","2024 June","150","Portlaoise, Co. Laois","Weeks","18"
"ROA36C01","Estimated Time to Driving Test Invite at Month End","202406","2024 June","166","Portlaoise (Maldron Hotel), Co. Laois","Weeks",""
"ROA36C01","Estimated Time to Driving Test Invite at Month End","202406","2024 June","151","Raheny, Co. Dublin","Weeks","14"
"ROA36C01","Estimated Time to Driving Test Invite at Month End","202406","2024 June","152","Roscommon, Co. Roscommon","Weeks","15"
"ROA36C01","Estimated Time to Driving Test Invite at Month End","202406","2024 June","153","Shannon, Co. Clare","Weeks","12"
"ROA36C01","Estimated Time to Driving Test Invite at Month End","202406","2024 June","154","Skibbereen, Co. Cork","Weeks","15"
"ROA36C01","Estimated Time to Driving Test Invite at Month End","202406","2024 June","155","Sligo, Co. Sligo","Weeks","14"
"ROA36C01","Estimated Time to Driving Test Invite at Month End","202406","2024 June","156","Tallaght, Co. Dublin","Weeks","21"
"ROA36C01","Estimated Time to Driving Test Invite at Month End","202406","2024 June","157","Thurles, Co. Tipperary","Weeks","13"
"ROA36C01","Estimated Time to Driving Test Invite at Month End","202406","2024 June","158","Tipperary, Co. Tipperary","Weeks","14"
"ROA36C01","Estimated Time to Driving Test Invite at Month End","202406","2024 June","159","Tralee, Co. Kerry","Weeks","13"
"ROA36C01","Estimated Time to Driving Test Invite at Month End","202406","2024 June","160","Tralee (HGV's), Co. Kerry","Weeks",""
"ROA36C01","Estimated Time to Driving Test Invite at Month End","202406","2024 June","161","Tuam, Co. Galway","Weeks","11"
"ROA36C01","Estimated Time to Driving Test Invite at Month End","202406","2024 June","162","Tullamore, Co. Offaly","Weeks","14"
"ROA36C01","Estimated Time to Driving Test Invite at Month End","202406","2024 June","163","Waterford, Co. Waterford","Weeks","13"
"ROA36C01","Estimated Time to Driving Test Invite at Month End","202406","2024 June","164","Wexford, Co. Wexford","Weeks","16"
"ROA36C01","Estimated Time to Driving Test Invite at Month End","202406","2024 June","165","Wicklow, Co. Wicklow","Weeks","15"
"ROA36C01","Estimated Time to Driving Test Invite at Month End","202406","2024 June","167","Galway (Clybaun Hotel), Co. Galway","Weeks",""
"ROA36C01","Estimated Time to Driving Test Invite at Month End","202406","2024 June","168","Sandyford, Co. Dublin","Weeks",""
"ROA36C01","Estimated Time to Driving Test Invite at Month End","202406","2024 June","169","Drogheda – Southgate, Co. Louth","Weeks",""
"ROA36C01","Estimated Time to Driving Test Invite at Month End","202406","2024 June","170","Mitchelstown, Co. Cork","Weeks",""
"ROA36C01","Estimated Time to Driving Test Invite at Month End","202407","2024 July","-","All driving test centres","Weeks","17"
"ROA36C01","Estimated Time to Driving Test Invite at Month End","202407","2024 July","100","Athlone, Co. Westmeath","Weeks","17"
"ROA36C01","Estimated Time to Driving Test Invite at Month End","202407","2024 July","101","Ballina, Co. Mayo","Weeks","18"
"ROA36C01","Estimated Time to Driving Test Invite at Month End","202407","2024 July","102","Birr, Co. Offaly","Weeks","17"
"ROA36C01","Estimated Time to Driving Test Invite at Month End","202407","2024 July","103","Birr (County Arms Hotel), Co. Offaly","Weeks",""
"ROA36C01","Estimated Time to Driving Test Invite at Month End","202407","2024 July","104","Buncrana, Co. Donegal","Weeks","22"
"ROA36C01","Estimated Time to Driving Test Invite at Month End","202407","2024 July","105","Carlow, Co. Carlow","Weeks","16"
"ROA36C01","Estimated Time to Driving Test Invite at Month End","202407","2024 July","106","Carlow Talbot Hotel, Co. Carlow","Weeks","18"
"ROA36C01","Estimated Time to Driving Test Invite at Month End","202407","2024 July","107","Carrick On Shannon, Co. Leitrim","Weeks","15"
"ROA36C01","Estimated Time to Driving Test Invite at Month End","202407","2024 July","108","Castlebar, Co. Mayo","Weeks","19"
"ROA36C01","Estimated Time to Driving Test Invite at Month End","202407","2024 July","109","Cavan, Co. Cavan","Weeks","19"
"ROA36C01","Estimated Time to Driving Test Invite at Month End","202407","2024 July","110","Charlestown (Dublin), Co. Dublin","Weeks","16"
"ROA36C01","Estimated Time to Driving Test Invite at Month End","202407","2024 July","111","Clifden, Co. Galway","Weeks","16"
"ROA36C01","Estimated Time to Driving Test Invite at Month End","202407","2024 July","112","Clonmel, Co. Tipperary","Weeks","18"
"ROA36C01","Estimated Time to Driving Test Invite at Month End","202407","2024 July","113","Cork (Ballincollig), Co. Cork","Weeks",""
"ROA36C01","Estimated Time to Driving Test Invite at Month End","202407","2024 July","114","Cork (St. Finbarr's GAA Club Togher), Co. Cork","Weeks",""
"ROA36C01","Estimated Time to Driving Test Invite at Month End","202407","2024 July","115","Cork (Wilton), Co. Cork","Weeks","17"
"ROA36C01","Estimated Time to Driving Test Invite at Month End","202407","2024 July","116","Donegal, Co. Donegal","Weeks","17"
"ROA36C01","Estimated Time to Driving Test Invite at Month End","202407","2024 July","117","Drogheda, Co. Louth","Weeks",""
"ROA36C01","Estimated Time to Driving Test Invite at Month End","202407","2024 July","118","Dun Laoghaire / Deansgrange, Co. Dublin","Weeks","28"
"ROA36C01","Estimated Time to Driving Test Invite at Month End","202407","2024 July","119","Dundalk, Co. Louth","Weeks","18"
"ROA36C01","Estimated Time to Driving Test Invite at Month End","202407","2024 July","120","Dungarvan, Co. Waterford","Weeks","15"
"ROA36C01","Estimated Time to Driving Test Invite at Month End","202407","2024 July","121","Ennis, Co. Clare","Weeks","15"
"ROA36C01","Estimated Time to Driving Test Invite at Month End","202407","2024 July","122","Finglas, Co. Dublin","Weeks","14"
"ROA36C01","Estimated Time to Driving Test Invite at Month End","202407","2024 July","123","Galway (Carnmore), Co. Galway","Weeks","17"
"ROA36C01","Estimated Time to Driving Test Invite at Month End","202407","2024 July","124","Galway (Westside), Co. Galway","Weeks","18"
"ROA36C01","Estimated Time to Driving Test Invite at Month End","202407","2024 July","125","Gorey, Co. Wexford","Weeks","17"
"ROA36C01","Estimated Time to Driving Test Invite at Month End","202407","2024 July","126","Kilkenny (Govt Buildings), Co. Kilkenny","Weeks","17"
"ROA36C01","Estimated Time to Driving Test Invite at Month End","202407","2024 July","127","Kilkenny (O'Loughlin Gaels), Co. Kilkenny","Weeks","19"
"ROA36C01","Estimated Time to Driving Test Invite at Month End","202407","2024 July","128","Killarney, Co. Kerry","Weeks","17"
"ROA36C01","Estimated Time to Driving Test Invite at Month End","202407","2024 July","129","Killester, Co. Dublin","Weeks","15"
"ROA36C01","Estimated Time to Driving Test Invite at Month End","202407","2024 July","130","Kilrush, Co. Clare","Weeks","13"
"ROA36C01","Estimated Time to Driving Test Invite at Month End","202407","2024 July","131","Letterkenny, Co. Donegal","Weeks","17"
"ROA36C01","Estimated Time to Driving Test Invite at Month End","202407","2024 July","132","Limerick - Castlemungret, Co. Limerick","Weeks","13"
"ROA36C01","Estimated Time to Driving Test Invite at Month End","202407","2024 July","133","Limerick - Woodview, Co. Limerick","Weeks","14"
"ROA36C01","Estimated Time to Driving Test Invite at Month End","202407","2024 July","134","Limerick (Roxboro), Co. Limerick","Weeks",""
"ROA36C01","Estimated Time to Driving Test Invite at Month End","202407","2024 July","135","Longford, Co. Longford","Weeks","21"
"ROA36C01","Estimated Time to Driving Test Invite at Month End","202407","2024 July","136","Loughrea, Co. Galway","Weeks","13"
"ROA36C01","Estimated Time to Driving Test Invite at Month End","202407","2024 July","137","Loughrea (Lough Rea Hotel & Spa), Co. Galway","Weeks",""
"ROA36C01","Estimated Time to Driving Test Invite at Month End","202407","2024 July","138","Mallow, Co. Cork","Weeks",""
"ROA36C01","Estimated Time to Driving Test Invite at Month End","202407","2024 July","139","Mallow (Cork Racecourse Mallow), Co. Cork","Weeks","18"
"ROA36C01","Estimated Time to Driving Test Invite at Month End","202407","2024 July","140","Monaghan, Co. Monaghan","Weeks","22"
"ROA36C01","Estimated Time to Driving Test Invite at Month End","202407","2024 July","141","Mulhuddart, Co. Dublin","Weeks","23"
"ROA36C01","Estimated Time to Driving Test Invite at Month End","202407","2024 July","142","Mulhuddart (Carlton Hotel), Co. Dublin","Weeks",""
"ROA36C01","Estimated Time to Driving Test Invite at Month End","202407","2024 July","143","Mulhuddart Maple House, Co. Dublin","Weeks","14"
"ROA36C01","Estimated Time to Driving Test Invite at Month End","202407","2024 July","144","Mullingar, Co. Westmeath","Weeks","16"
"ROA36C01","Estimated Time to Driving Test Invite at Month End","202407","2024 July","145","Naas, Co. Kildare","Weeks","24"
"ROA36C01","Estimated Time to Driving Test Invite at Month End","202407","2024 July","146","Navan, Co. Meath","Weeks","19"
"ROA36C01","Estimated Time to Driving Test Invite at Month End","202407","2024 July","147","Nenagh, Co. Tipperary","Weeks","17"
"ROA36C01","Estimated Time to Driving Test Invite at Month End","202407","2024 July","148","Newcastle West, Co. Limerick","Weeks","15"
"ROA36C01","Estimated Time to Driving Test Invite at Month End","202407","2024 July","149","Newcastle West (Longcourt House Hotel), Co. Limerick","Weeks","14"
"ROA36C01","Estimated Time to Driving Test Invite at Month End","202407","2024 July","150","Portlaoise, Co. Laois","Weeks","21"
"ROA36C01","Estimated Time to Driving Test Invite at Month End","202407","2024 July","166","Portlaoise (Maldron Hotel), Co. Laois","Weeks",""
"ROA36C01","Estimated Time to Driving Test Invite at Month End","202407","2024 July","151","Raheny, Co. Dublin","Weeks","14"
"ROA36C01","Estimated Time to Driving Test Invite at Month End","202407","2024 July","152","Roscommon, Co. Roscommon","Weeks","17"
"ROA36C01","Estimated Time to Driving Test Invite at Month End","202407","2024 July","153","Shannon, Co. Clare","Weeks","14"
"ROA36C01","Estimated Time to Driving Test Invite at Month End","202407","2024 July","154","Skibbereen, Co. Cork","Weeks","17"
"ROA36C01","Estimated Time to Driving Test Invite at Month End","202407","2024 July","155","Sligo, Co. Sligo","Weeks","14"
"ROA36C01","Estimated Time to Driving Test Invite at Month End","202407","2024 July","156","Tallaght, Co. Dublin","Weeks","22"
"ROA36C01","Estimated Time to Driving Test Invite at Month End","202407","2024 July","157","Thurles, Co. Tipperary","Weeks","15"
"ROA36C01","Estimated Time to Driving Test Invite at Month End","202407","2024 July","158","Tipperary, Co. Tipperary","Weeks","16"
"ROA36C01","Estimated Time to Driving Test Invite at Month End","202407","2024 July","159","Tralee, Co. Kerry","Weeks","14"
"ROA36C01","Estimated Time to Driving Test Invite at Month End","202407","2024 July","160","Tralee (HGV's), Co. Kerry","Weeks",""
"ROA36C01","Estimated Time to Driving Test Invite at Month End","202407","2024 July","161","Tuam, Co. Galway","Weeks","13"
"ROA36C01","Estimated Time to Driving Test Invite at Month End","202407","2024 July","162","Tullamore, Co. Offaly","Weeks","16"
"ROA36C01","Estimated Time to Driving Test Invite at Month End","202407","2024 July","163","Waterford, Co. Waterford","Weeks","14"
"ROA36C01","Estimated Time to Driving Test Invite at Month End","202407","2024 July","164","Wexford, Co. Wexford","Weeks","19"
"ROA36C01","Estimated Time to Driving Test Invite at Month End","202407","2024 July","165","Wicklow, Co. Wicklow","Weeks","16"
"ROA36C01","Estimated Time to Driving Test Invite at Month End","202407","2024 July","167","Galway (Clybaun Hotel), Co. Galway","Weeks",""
"ROA36C01","Estimated Time to Driving Test Invite at Month End","202407","2024 July","168","Sandyford, Co. Dublin","Weeks",""
"ROA36C01","Estimated Time to Driving Test Invite at Month End","202407","2024 July","169","Drogheda – Southgate, Co. Louth","Weeks",""
"ROA36C01","Estimated Time to Driving Test Invite at Month End","202407","2024 July","170","Mitchelstown, Co. Cork","Weeks",""
"ROA36C01","Estimated Time to Driving Test Invite at Month End","202408","2024 August","-","All driving test centres","Weeks","17.9"
"ROA36C01","Estimated Time to Driving Test Invite at Month End","202408","2024 August","100","Athlone, Co. Westmeath","Weeks","14"
"ROA36C01","Estimated Time to Driving Test Invite at Month End","202408","2024 August","101","Ballina, Co. Mayo","Weeks","15"
"ROA36C01","Estimated Time to Driving Test Invite at Month End","202408","2024 August","102","Birr, Co. Offaly","Weeks","17"
"ROA36C01","Estimated Time to Driving Test Invite at Month End","202408","2024 August","103","Birr (County Arms Hotel), Co. Offaly","Weeks",""
"ROA36C01","Estimated Time to Driving Test Invite at Month End","202408","2024 August","104","Buncrana, Co. Donegal","Weeks","20"
"ROA36C01","Estimated Time to Driving Test Invite at Month End","202408","2024 August","105","Carlow, Co. Carlow","Weeks","24"
"ROA36C01","Estimated Time to Driving Test Invite at Month End","202408","2024 August","106","Carlow Talbot Hotel, Co. Carlow","Weeks","25"
"ROA36C01","Estimated Time to Driving Test Invite at Month End","202408","2024 August","107","Carrick On Shannon, Co. Leitrim","Weeks","18"
"ROA36C01","Estimated Time to Driving Test Invite at Month End","202408","2024 August","108","Castlebar, Co. Mayo","Weeks","19"
"ROA36C01","Estimated Time to Driving Test Invite at Month End","202408","2024 August","109","Cavan, Co. Cavan","Weeks","18"
"ROA36C01","Estimated Time to Driving Test Invite at Month End","202408","2024 August","110","Charlestown (Dublin), Co. Dublin","Weeks","17"
"ROA36C01","Estimated Time to Driving Test Invite at Month End","202408","2024 August","111","Clifden, Co. Galway","Weeks","19"
"ROA36C01","Estimated Time to Driving Test Invite at Month End","202408","2024 August","112","Clonmel, Co. Tipperary","Weeks","20"
"ROA36C01","Estimated Time to Driving Test Invite at Month End","202408","2024 August","113","Cork (Ballincollig), Co. Cork","Weeks",""
"ROA36C01","Estimated Time to Driving Test Invite at Month End","202408","2024 August","114","Cork (St. Finbarr's GAA Club Togher), Co. Cork","Weeks",""
"ROA36C01","Estimated Time to Driving Test Invite at Month End","202408","2024 August","115","Cork (Wilton), Co. Cork","Weeks","18"
"ROA36C01","Estimated Time to Driving Test Invite at Month End","202408","2024 August","116","Donegal, Co. Donegal","Weeks","17"
"ROA36C01","Estimated Time to Driving Test Invite at Month End","202408","2024 August","117","Drogheda, Co. Louth","Weeks",""
"ROA36C01","Estimated Time to Driving Test Invite at Month End","202408","2024 August","118","Dun Laoghaire / Deansgrange, Co. Dublin","Weeks","27"
"ROA36C01","Estimated Time to Driving Test Invite at Month End","202408","2024 August","119","Dundalk, Co. Louth","Weeks","18"
"ROA36C01","Estimated Time to Driving Test Invite at Month End","202408","2024 August","120","Dungarvan, Co. Waterford","Weeks","16"
"ROA36C01","Estimated Time to Driving Test Invite at Month End","202408","2024 August","121","Ennis, Co. Clare","Weeks","14"
"ROA36C01","Estimated Time to Driving Test Invite at Month End","202408","2024 August","122","Finglas, Co. Dublin","Weeks","18"
"ROA36C01","Estimated Time to Driving Test Invite at Month End","202408","2024 August","123","Galway (Carnmore), Co. Galway","Weeks","18"
"ROA36C01","Estimated Time to Driving Test Invite at Month End","202408","2024 August","124","Galway (Westside), Co. Galway","Weeks","19"
"ROA36C01","Estimated Time to Driving Test Invite at Month End","202408","2024 August","125","Gorey, Co. Wexford","Weeks","19"
"ROA36C01","Estimated Time to Driving Test Invite at Month End","202408","2024 August","126","Kilkenny (Govt Buildings), Co. Kilkenny","Weeks","18"
"ROA36C01","Estimated Time to Driving Test Invite at Month End","202408","2024 August","127","Kilkenny (O'Loughlin Gaels), Co. Kilkenny","Weeks","19"
"ROA36C01","Estimated Time to Driving Test Invite at Month End","202408","2024 August","128","Killarney, Co. Kerry","Weeks","16"
"ROA36C01","Estimated Time to Driving Test Invite at Month End","202408","2024 August","129","Killester, Co. Dublin","Weeks","16"
"ROA36C01","Estimated Time to Driving Test Invite at Month End","202408","2024 August","130","Kilrush, Co. Clare","Weeks","16"
"ROA36C01","Estimated Time to Driving Test Invite at Month End","202408","2024 August","131","Letterkenny, Co. Donegal","Weeks","18"
"ROA36C01","Estimated Time to Driving Test Invite at Month End","202408","2024 August","132","Limerick - Castlemungret, Co. Limerick","Weeks","18"
"ROA36C01","Estimated Time to Driving Test Invite at Month End","202408","2024 August","133","Limerick - Woodview, Co. Limerick","Weeks","13"
"ROA36C01","Estimated Time to Driving Test Invite at Month End","202408","2024 August","134","Limerick (Roxboro), Co. Limerick","Weeks",""
"ROA36C01","Estimated Time to Driving Test Invite at Month End","202408","2024 August","135","Longford, Co. Longford","Weeks","22"
"ROA36C01","Estimated Time to Driving Test Invite at Month End","202408","2024 August","136","Loughrea, Co. Galway","Weeks","13"
"ROA36C01","Estimated Time to Driving Test Invite at Month End","202408","2024 August","137","Loughrea (Lough Rea Hotel & Spa), Co. Galway","Weeks",""
"ROA36C01","Estimated Time to Driving Test Invite at Month End","202408","2024 August","138","Mallow, Co. Cork","Weeks",""
"ROA36C01","Estimated Time to Driving Test Invite at Month End","202408","2024 August","139","Mallow (Cork Racecourse Mallow), Co. Cork","Weeks","19"
"ROA36C01","Estimated Time to Driving Test Invite at Month End","202408","2024 August","140","Monaghan, Co. Monaghan","Weeks","18"
"ROA36C01","Estimated Time to Driving Test Invite at Month End","202408","2024 August","141","Mulhuddart, Co. Dublin","Weeks","22"
"ROA36C01","Estimated Time to Driving Test Invite at Month End","202408","2024 August","142","Mulhuddart (Carlton Hotel), Co. Dublin","Weeks",""
"ROA36C01","Estimated Time to Driving Test Invite at Month End","202408","2024 August","143","Mulhuddart Maple House, Co. Dublin","Weeks","17"
"ROA36C01","Estimated Time to Driving Test Invite at Month End","202408","2024 August","144","Mullingar, Co. Westmeath","Weeks","18"
"ROA36C01","Estimated Time to Driving Test Invite at Month End","202408","2024 August","145","Naas, Co. Kildare","Weeks","25"
"ROA36C01","Estimated Time to Driving Test Invite at Month End","202408","2024 August","146","Navan, Co. Meath","Weeks","19"
"ROA36C01","Estimated Time to Driving Test Invite at Month End","202408","2024 August","147","Nenagh, Co. Tipperary","Weeks","17"
"ROA36C01","Estimated Time to Driving Test Invite at Month End","202408","2024 August","148","Newcastle West, Co. Limerick","Weeks","18"
"ROA36C01","Estimated Time to Driving Test Invite at Month End","202408","2024 August","149","Newcastle West (Longcourt House Hotel), Co. Limerick","Weeks","15"
"ROA36C01","Estimated Time to Driving Test Invite at Month End","202408","2024 August","150","Portlaoise, Co. Laois","Weeks","22"
"ROA36C01","Estimated Time to Driving Test Invite at Month End","202408","2024 August","166","Portlaoise (Maldron Hotel), Co. Laois","Weeks",""
"ROA36C01","Estimated Time to Driving Test Invite at Month End","202408","2024 August","151","Raheny, Co. Dublin","Weeks","14"
"ROA36C01","Estimated Time to Driving Test Invite at Month End","202408","2024 August","152","Roscommon, Co. Roscommon","Weeks","19"
"ROA36C01","Estimated Time to Driving Test Invite at Month End","202408","2024 August","153","Shannon, Co. Clare","Weeks","15"
"ROA36C01","Estimated Time to Driving Test Invite at Month End","202408","2024 August","154","Skibbereen, Co. Cork","Weeks","18"
"ROA36C01","Estimated Time to Driving Test Invite at Month End","202408","2024 August","155","Sligo, Co. Sligo","Weeks","16"
"ROA36C01","Estimated Time to Driving Test Invite at Month End","202408","2024 August","156","Tallaght, Co. Dublin","Weeks","21"
"ROA36C01","Estimated Time to Driving Test Invite at Month End","202408","2024 August","157","Thurles, Co. Tipperary","Weeks","13"
"ROA36C01","Estimated Time to Driving Test Invite at Month End","202408","2024 August","158","Tipperary, Co. Tipperary","Weeks","19"
"ROA36C01","Estimated Time to Driving Test Invite at Month End","202408","2024 August","159","Tralee, Co. Kerry","Weeks","14"
"ROA36C01","Estimated Time to Driving Test Invite at Month End","202408","2024 August","160","Tralee (HGV's), Co. Kerry","Weeks",""
"ROA36C01","Estimated Time to Driving Test Invite at Month End","202408","2024 August","161","Tuam, Co. Galway","Weeks","13"
"ROA36C01","Estimated Time to Driving Test Invite at Month End","202408","2024 August","162","Tullamore, Co. Offaly","Weeks","17"
"ROA36C01","Estimated Time to Driving Test Invite at Month End","202408","2024 August","163","Waterford, Co. Waterford","Weeks","17"
"ROA36C01","Estimated Time to Driving Test Invite at Month End","202408","2024 August","164","Wexford, Co. Wexford","Weeks","19"
"ROA36C01","Estimated Time to Driving Test Invite at Month End","202408","2024 August","165","Wicklow, Co. Wicklow","Weeks","19"
"ROA36C01","Estimated Time to Driving Test Invite at Month End","202408","2024 August","167","Galway (Clybaun Hotel), Co. Galway","Weeks",""
"ROA36C01","Estimated Time to Driving Test Invite at Month End","202408","2024 August","168","Sandyford, Co. Dublin","Weeks",""
"ROA36C01","Estimated Time to Driving Test Invite at Month End","202408","2024 August","169","Drogheda – Southgate, Co. Louth","Weeks",""
"ROA36C01","Estimated Time to Driving Test Invite at Month End","202408","2024 August","170","Mitchelstown, Co. Cork","Weeks",""
"ROA36C01","Estimated Time to Driving Test Invite at Month End","202409","2024 September","-","All driving test centres","Weeks","18.1"
"ROA36C01","Estimated Time to Driving Test Invite at Month End","202409","2024 September","100","Athlone, Co. Westmeath","Weeks","14"
"ROA36C01","Estimated Time to Driving Test Invite at Month End","202409","2024 September","101","Ballina, Co. Mayo","Weeks","17"
"ROA36C01","Estimated Time to Driving Test Invite at Month End","202409","2024 September","102","Birr, Co. Offaly","Weeks","18"
"ROA36C01","Estimated Time to Driving Test Invite at Month End","202409","2024 September","103","Birr (County Arms Hotel), Co. Offaly","Weeks",""
"ROA36C01","Estimated Time to Driving Test Invite at Month End","202409","2024 September","104","Buncrana, Co. Donegal","Weeks","20"
"ROA36C01","Estimated Time to Driving Test Invite at Month End","202409","2024 September","105","Carlow, Co. Carlow","Weeks","30"
"ROA36C01","Estimated Time to Driving Test Invite at Month End","202409","2024 September","106","Carlow Talbot Hotel, Co. Carlow","Weeks","17"
"ROA36C01","Estimated Time to Driving Test Invite at Month End","202409","2024 September","107","Carrick On Shannon, Co. Leitrim","Weeks","19"
"ROA36C01","Estimated Time to Driving Test Invite at Month End","202409","2024 September","108","Castlebar, Co. Mayo","Weeks","18"
"ROA36C01","Estimated Time to Driving Test Invite at Month End","202409","2024 September","109","Cavan, Co. Cavan","Weeks","18"
"ROA36C01","Estimated Time to Driving Test Invite at Month End","202409","2024 September","110","Charlestown (Dublin), Co. Dublin","Weeks","17"
"ROA36C01","Estimated Time to Driving Test Invite at Month End","202409","2024 September","111","Clifden, Co. Galway","Weeks","18"
"ROA36C01","Estimated Time to Driving Test Invite at Month End","202409","2024 September","112","Clonmel, Co. Tipperary","Weeks","19"
"ROA36C01","Estimated Time to Driving Test Invite at Month End","202409","2024 September","113","Cork (Ballincollig), Co. Cork","Weeks",""
"ROA36C01","Estimated Time to Driving Test Invite at Month End","202409","2024 September","114","Cork (St. Finbarr's GAA Club Togher), Co. Cork","Weeks",""
"ROA36C01","Estimated Time to Driving Test Invite at Month End","202409","2024 September","115","Cork (Wilton), Co. Cork","Weeks","17"
"ROA36C01","Estimated Time to Driving Test Invite at Month End","202409","2024 September","116","Donegal, Co. Donegal","Weeks","19"
"ROA36C01","Estimated Time to Driving Test Invite at Month End","202409","2024 September","117","Drogheda, Co. Louth","Weeks",""
"ROA36C01","Estimated Time to Driving Test Invite at Month End","202409","2024 September","118","Dun Laoghaire / Deansgrange, Co. Dublin","Weeks","28"
"ROA36C01","Estimated Time to Driving Test Invite at Month End","202409","2024 September","119","Dundalk, Co. Louth","Weeks","18"
"ROA36C01","Estimated Time to Driving Test Invite at Month End","202409","2024 September","120","Dungarvan, Co. Waterford","Weeks","15"
"ROA36C01","Estimated Time to Driving Test Invite at Month End","202409","2024 September","121","Ennis, Co. Clare","Weeks","15"
"ROA36C01","Estimated Time to Driving Test Invite at Month End","202409","2024 September","122","Finglas, Co. Dublin","Weeks","18"
"ROA36C01","Estimated Time to Driving Test Invite at Month End","202409","2024 September","123","Galway (Carnmore), Co. Galway","Weeks","20"
"ROA36C01","Estimated Time to Driving Test Invite at Month End","202409","2024 September","124","Galway (Westside), Co. Galway","Weeks","20"
"ROA36C01","Estimated Time to Driving Test Invite at Month End","202409","2024 September","125","Gorey, Co. Wexford","Weeks","16"
"ROA36C01","Estimated Time to Driving Test Invite at Month End","202409","2024 September","126","Kilkenny (Govt Buildings), Co. Kilkenny","Weeks","19"
"ROA36C01","Estimated Time to Driving Test Invite at Month End","202409","2024 September","127","Kilkenny (O'Loughlin Gaels), Co. Kilkenny","Weeks","16"
"ROA36C01","Estimated Time to Driving Test Invite at Month End","202409","2024 September","128","Killarney, Co. Kerry","Weeks","16"
"ROA36C01","Estimated Time to Driving Test Invite at Month End","202409","2024 September","129","Killester, Co. Dublin","Weeks","15"
"ROA36C01","Estimated Time to Driving Test Invite at Month End","202409","2024 September","130","Kilrush, Co. Clare","Weeks","16"
"ROA36C01","Estimated Time to Driving Test Invite at Month End","202409","2024 September","131","Letterkenny, Co. Donegal","Weeks","21"
"ROA36C01","Estimated Time to Driving Test Invite at Month End","202409","2024 September","132","Limerick - Castlemungret, Co. Limerick","Weeks","16"
"ROA36C01","Estimated Time to Driving Test Invite at Month End","202409","2024 September","133","Limerick - Woodview, Co. Limerick","Weeks","16"
"ROA36C01","Estimated Time to Driving Test Invite at Month End","202409","2024 September","134","Limerick (Roxboro), Co. Limerick","Weeks",""
"ROA36C01","Estimated Time to Driving Test Invite at Month End","202409","2024 September","135","Longford, Co. Longford","Weeks","22"
"ROA36C01","Estimated Time to Driving Test Invite at Month End","202409","2024 September","136","Loughrea, Co. Galway","Weeks","14"
"ROA36C01","Estimated Time to Driving Test Invite at Month End","202409","2024 September","137","Loughrea (Lough Rea Hotel & Spa), Co. Galway","Weeks",""
"ROA36C01","Estimated Time to Driving Test Invite at Month End","202409","2024 September","138","Mallow, Co. Cork","Weeks",""
"ROA36C01","Estimated Time to Driving Test Invite at Month End","202409","2024 September","139","Mallow (Cork Racecourse Mallow), Co. Cork","Weeks","19"
"ROA36C01","Estimated Time to Driving Test Invite at Month End","202409","2024 September","140","Monaghan, Co. Monaghan","Weeks","17"
"ROA36C01","Estimated Time to Driving Test Invite at Month End","202409","2024 September","141","Mulhuddart, Co. Dublin","Weeks","20"
"ROA36C01","Estimated Time to Driving Test Invite at Month End","202409","2024 September","142","Mulhuddart (Carlton Hotel), Co. Dublin","Weeks",""
"ROA36C01","Estimated Time to Driving Test Invite at Month End","202409","2024 September","143","Mulhuddart Maple House, Co. Dublin","Weeks","17"
"ROA36C01","Estimated Time to Driving Test Invite at Month End","202409","2024 September","144","Mullingar, Co. Westmeath","Weeks","18"
"ROA36C01","Estimated Time to Driving Test Invite at Month End","202409","2024 September","145","Naas, Co. Kildare","Weeks","26"
"ROA36C01","Estimated Time to Driving Test Invite at Month End","202409","2024 September","146","Navan, Co. Meath","Weeks","21"
"ROA36C01","Estimated Time to Driving Test Invite at Month End","202409","2024 September","147","Nenagh, Co. Tipperary","Weeks","14"
"ROA36C01","Estimated Time to Driving Test Invite at Month End","202409","2024 September","148","Newcastle West, Co. Limerick","Weeks","18"
"ROA36C01","Estimated Time to Driving Test Invite at Month End","202409","2024 September","149","Newcastle West (Longcourt House Hotel), Co. Limerick","Weeks","19"
"ROA36C01","Estimated Time to Driving Test Invite at Month End","202409","2024 September","150","Portlaoise, Co. Laois","Weeks",""
"ROA36C01","Estimated Time to Driving Test Invite at Month End","202409","2024 September","166","Portlaoise (Maldron Hotel), Co. Laois","Weeks","21"
"ROA36C01","Estimated Time to Driving Test Invite at Month End","202409","2024 September","151","Raheny, Co. Dublin","Weeks","15"
"ROA36C01","Estimated Time to Driving Test Invite at Month End","202409","2024 September","152","Roscommon, Co. Roscommon","Weeks","19"
"ROA36C01","Estimated Time to Driving Test Invite at Month End","202409","2024 September","153","Shannon, Co. Clare","Weeks","17"
"ROA36C01","Estimated Time to Driving Test Invite at Month End","202409","2024 September","154","Skibbereen, Co. Cork","Weeks","16"
"ROA36C01","Estimated Time to Driving Test Invite at Month End","202409","2024 September","155","Sligo, Co. Sligo","Weeks","16"
"ROA36C01","Estimated Time to Driving Test Invite at Month End","202409","2024 September","156","Tallaght, Co. Dublin","Weeks","20"
"ROA36C01","Estimated Time to Driving Test Invite at Month End","202409","2024 September","157","Thurles, Co. Tipperary","Weeks","17"
"ROA36C01","Estimated Time to Driving Test Invite at Month End","202409","2024 September","158","Tipperary, Co. Tipperary","Weeks","17"
"ROA36C01","Estimated Time to Driving Test Invite at Month End","202409","2024 September","159","Tralee, Co. Kerry","Weeks","18"
"ROA36C01","Estimated Time to Driving Test Invite at Month End","202409","2024 September","160","Tralee (HGV's), Co. Kerry","Weeks",""
"ROA36C01","Estimated Time to Driving Test Invite at Month End","202409","2024 September","161","Tuam, Co. Galway","Weeks","14"
"ROA36C01","Estimated Time to Driving Test Invite at Month End","202409","2024 September","162","Tullamore, Co. Offaly","Weeks","16"
"ROA36C01","Estimated Time to Driving Test Invite at Month End","202409","2024 September","163","Waterford, Co. Waterford","Weeks","15"
"ROA36C01","Estimated Time to Driving Test Invite at Month End","202409","2024 September","164","Wexford, Co. Wexford","Weeks","20"
"ROA36C01","Estimated Time to Driving Test Invite at Month End","202409","2024 September","165","Wicklow, Co. Wicklow","Weeks","21"
"ROA36C01","Estimated Time to Driving Test Invite at Month End","202409","2024 September","167","Galway (Clybaun Hotel), Co. Galway","Weeks",""
"ROA36C01","Estimated Time to Driving Test Invite at Month End","202409","2024 September","168","Sandyford, Co. Dublin","Weeks",""
"ROA36C01","Estimated Time to Driving Test Invite at Month End","202409","2024 September","169","Drogheda – Southgate, Co. Louth","Weeks",""
"ROA36C01","Estimated Time to Driving Test Invite at Month End","202409","2024 September","170","Mitchelstown, Co. Cork","Weeks",""
"ROA36C01","Estimated Time to Driving Test Invite at Month End","202410","2024 October","-","All driving test centres","Weeks","19.3"
"ROA36C01","Estimated Time to Driving Test Invite at Month End","202410","2024 October","100","Athlone, Co. Westmeath","Weeks","16"
"ROA36C01","Estimated Time to Driving Test Invite at Month End","202410","2024 October","101","Ballina, Co. Mayo","Weeks","15"
"ROA36C01","Estimated Time to Driving Test Invite at Month End","202410","2024 October","102","Birr, Co. Offaly","Weeks","18"
"ROA36C01","Estimated Time to Driving Test Invite at Month End","202410","2024 October","103","Birr (County Arms Hotel), Co. Offaly","Weeks",""
"ROA36C01","Estimated Time to Driving Test Invite at Month End","202410","2024 October","104","Buncrana, Co. Donegal","Weeks","21"
"ROA36C01","Estimated Time to Driving Test Invite at Month End","202410","2024 October","105","Carlow, Co. Carlow","Weeks","20"
"ROA36C01","Estimated Time to Driving Test Invite at Month End","202410","2024 October","106","Carlow Talbot Hotel, Co. Carlow","Weeks","27"
"ROA36C01","Estimated Time to Driving Test Invite at Month End","202410","2024 October","107","Carrick On Shannon, Co. Leitrim","Weeks","19"
"ROA36C01","Estimated Time to Driving Test Invite at Month End","202410","2024 October","108","Castlebar, Co. Mayo","Weeks","14"
"ROA36C01","Estimated Time to Driving Test Invite at Month End","202410","2024 October","109","Cavan, Co. Cavan","Weeks","14"
"ROA36C01","Estimated Time to Driving Test Invite at Month End","202410","2024 October","110","Charlestown (Dublin), Co. Dublin","Weeks","20"
"ROA36C01","Estimated Time to Driving Test Invite at Month End","202410","2024 October","111","Clifden, Co. Galway","Weeks","20"
"ROA36C01","Estimated Time to Driving Test Invite at Month End","202410","2024 October","112","Clonmel, Co. Tipperary","Weeks","21"
"ROA36C01","Estimated Time to Driving Test Invite at Month End","202410","2024 October","113","Cork (Ballincollig), Co. Cork","Weeks",""
"ROA36C01","Estimated Time to Driving Test Invite at Month End","202410","2024 October","114","Cork (St. Finbarr's GAA Club Togher), Co. Cork","Weeks",""
"ROA36C01","Estimated Time to Driving Test Invite at Month End","202410","2024 October","115","Cork (Wilton), Co. Cork","Weeks","19"
"ROA36C01","Estimated Time to Driving Test Invite at Month End","202410","2024 October","116","Donegal, Co. Donegal","Weeks","22"
"ROA36C01","Estimated Time to Driving Test Invite at Month End","202410","2024 October","117","Drogheda, Co. Louth","Weeks",""
"ROA36C01","Estimated Time to Driving Test Invite at Month End","202410","2024 October","118","Dun Laoghaire / Deansgrange, Co. Dublin","Weeks","29"
"ROA36C01","Estimated Time to Driving Test Invite at Month End","202410","2024 October","119","Dundalk, Co. Louth","Weeks","20"
"ROA36C01","Estimated Time to Driving Test Invite at Month End","202410","2024 October","120","Dungarvan, Co. Waterford","Weeks","17"
"ROA36C01","Estimated Time to Driving Test Invite at Month End","202410","2024 October","121","Ennis, Co. Clare","Weeks","16"
"ROA36C01","Estimated Time to Driving Test Invite at Month End","202410","2024 October","122","Finglas, Co. Dublin","Weeks","20"
"ROA36C01","Estimated Time to Driving Test Invite at Month End","202410","2024 October","123","Galway (Carnmore), Co. Galway","Weeks","25"
"ROA36C01","Estimated Time to Driving Test Invite at Month End","202410","2024 October","124","Galway (Westside), Co. Galway","Weeks","21"
"ROA36C01","Estimated Time to Driving Test Invite at Month End","202410","2024 October","125","Gorey, Co. Wexford","Weeks","21"
"ROA36C01","Estimated Time to Driving Test Invite at Month End","202410","2024 October","126","Kilkenny (Govt Buildings), Co. Kilkenny","Weeks","18"
"ROA36C01","Estimated Time to Driving Test Invite at Month End","202410","2024 October","127","Kilkenny (O'Loughlin Gaels), Co. Kilkenny","Weeks","18"
"ROA36C01","Estimated Time to Driving Test Invite at Month End","202410","2024 October","128","Killarney, Co. Kerry","Weeks","19"
"ROA36C01","Estimated Time to Driving Test Invite at Month End","202410","2024 October","129","Killester, Co. Dublin","Weeks","15"
"ROA36C01","Estimated Time to Driving Test Invite at Month End","202410","2024 October","130","Kilrush, Co. Clare","Weeks","16"
"ROA36C01","Estimated Time to Driving Test Invite at Month End","202410","2024 October","131","Letterkenny, Co. Donegal","Weeks","21"
"ROA36C01","Estimated Time to Driving Test Invite at Month End","202410","2024 October","132","Limerick - Castlemungret, Co. Limerick","Weeks","16"
"ROA36C01","Estimated Time to Driving Test Invite at Month End","202410","2024 October","133","Limerick - Woodview, Co. Limerick","Weeks","19"
"ROA36C01","Estimated Time to Driving Test Invite at Month End","202410","2024 October","134","Limerick (Roxboro), Co. Limerick","Weeks",""
"ROA36C01","Estimated Time to Driving Test Invite at Month End","202410","2024 October","135","Longford, Co. Longford","Weeks","27"
"ROA36C01","Estimated Time to Driving Test Invite at Month End","202410","2024 October","136","Loughrea, Co. Galway","Weeks","14"
"ROA36C01","Estimated Time to Driving Test Invite at Month End","202410","2024 October","137","Loughrea (Lough Rea Hotel & Spa), Co. Galway","Weeks",""
"ROA36C01","Estimated Time to Driving Test Invite at Month End","202410","2024 October","138","Mallow, Co. Cork","Weeks",""
"ROA36C01","Estimated Time to Driving Test Invite at Month End","202410","2024 October","139","Mallow (Cork Racecourse Mallow), Co. Cork","Weeks","20"
"ROA36C01","Estimated Time to Driving Test Invite at Month End","202410","2024 October","140","Monaghan, Co. Monaghan","Weeks","18"
"ROA36C01","Estimated Time to Driving Test Invite at Month End","202410","2024 October","141","Mulhuddart, Co. Dublin","Weeks","21"
"ROA36C01","Estimated Time to Driving Test Invite at Month End","202410","2024 October","142","Mulhuddart (Carlton Hotel), Co. Dublin","Weeks",""
"ROA36C01","Estimated Time to Driving Test Invite at Month End","202410","2024 October","143","Mulhuddart Maple House, Co. Dublin","Weeks","20"
"ROA36C01","Estimated Time to Driving Test Invite at Month End","202410","2024 October","144","Mullingar, Co. Westmeath","Weeks","23"
"ROA36C01","Estimated Time to Driving Test Invite at Month End","202410","2024 October","145","Naas, Co. Kildare","Weeks","31"
"ROA36C01","Estimated Time to Driving Test Invite at Month End","202410","2024 October","146","Navan, Co. Meath","Weeks","23"
"ROA36C01","Estimated Time to Driving Test Invite at Month End","202410","2024 October","147","Nenagh, Co. Tipperary","Weeks","17"
"ROA36C01","Estimated Time to Driving Test Invite at Month End","202410","2024 October","148","Newcastle West, Co. Limerick","Weeks","18"
"ROA36C01","Estimated Time to Driving Test Invite at Month End","202410","2024 October","149","Newcastle West (Longcourt House Hotel), Co. Limerick","Weeks","17"
"ROA36C01","Estimated Time to Driving Test Invite at Month End","202410","2024 October","150","Portlaoise, Co. Laois","Weeks",""
"ROA36C01","Estimated Time to Driving Test Invite at Month End","202410","2024 October","166","Portlaoise (Maldron Hotel), Co. Laois","Weeks","22"
"ROA36C01","Estimated Time to Driving Test Invite at Month End","202410","2024 October","151","Raheny, Co. Dublin","Weeks","16"
"ROA36C01","Estimated Time to Driving Test Invite at Month End","202410","2024 October","152","Roscommon, Co. Roscommon","Weeks","20"
"ROA36C01","Estimated Time to Driving Test Invite at Month End","202410","2024 October","153","Shannon, Co. Clare","Weeks","19"
"ROA36C01","Estimated Time to Driving Test Invite at Month End","202410","2024 October","154","Skibbereen, Co. Cork","Weeks","18"
"ROA36C01","Estimated Time to Driving Test Invite at Month End","202410","2024 October","155","Sligo, Co. Sligo","Weeks","16"
"ROA36C01","Estimated Time to Driving Test Invite at Month End","202410","2024 October","156","Tallaght, Co. Dublin","Weeks","24"
"ROA36C01","Estimated Time to Driving Test Invite at Month End","202410","2024 October","157","Thurles, Co. Tipperary","Weeks","17"
"ROA36C01","Estimated Time to Driving Test Invite at Month End","202410","2024 October","158","Tipperary, Co. Tipperary","Weeks","15"
"ROA36C01","Estimated Time to Driving Test Invite at Month End","202410","2024 October","159","Tralee, Co. Kerry","Weeks","16"
"ROA36C01","Estimated Time to Driving Test Invite at Month End","202410","2024 October","160","Tralee (HGV's), Co. Kerry","Weeks",""
"ROA36C01","Estimated Time to Driving Test Invite at Month End","202410","2024 October","161","Tuam, Co. Galway","Weeks","14"
"ROA36C01","Estimated Time to Driving Test Invite at Month End","202410","2024 October","162","Tullamore, Co. Offaly","Weeks","15"
"ROA36C01","Estimated Time to Driving Test Invite at Month End","202410","2024 October","163","Waterford, Co. Waterford","Weeks","17"
"ROA36C01","Estimated Time to Driving Test Invite at Month End","202410","2024 October","164","Wexford, Co. Wexford","Weeks","21"
"ROA36C01","Estimated Time to Driving Test Invite at Month End","202410","2024 October","165","Wicklow, Co. Wicklow","Weeks","22"
"ROA36C01","Estimated Time to Driving Test Invite at Month End","202410","2024 October","167","Galway (Clybaun Hotel), Co. Galway","Weeks",""
"ROA36C01","Estimated Time to Driving Test Invite at Month End","202410","2024 October","168","Sandyford, Co. Dublin","Weeks",""
"ROA36C01","Estimated Time to Driving Test Invite at Month End","202410","2024 October","169","Drogheda – Southgate, Co. Louth","Weeks",""
"ROA36C01","Estimated Time to Driving Test Invite at Month End","202410","2024 October","170","Mitchelstown, Co. Cork","Weeks",""
"ROA36C01","Estimated Time to Driving Test Invite at Month End","202411","2024 November","-","All driving test centres","Weeks","20.6"
"ROA36C01","Estimated Time to Driving Test Invite at Month End","202411","2024 November","100","Athlone, Co. Westmeath","Weeks","22"
"ROA36C01","Estimated Time to Driving Test Invite at Month End","202411","2024 November","101","Ballina, Co. Mayo","Weeks","18"
"ROA36C01","Estimated Time to Driving Test Invite at Month End","202411","2024 November","102","Birr, Co. Offaly","Weeks","20"
"ROA36C01","Estimated Time to Driving Test Invite at Month End","202411","2024 November","103","Birr (County Arms Hotel), Co. Offaly","Weeks",""
"ROA36C01","Estimated Time to Driving Test Invite at Month End","202411","2024 November","104","Buncrana, Co. Donegal","Weeks","23"
"ROA36C01","Estimated Time to Driving Test Invite at Month End","202411","2024 November","105","Carlow, Co. Carlow","Weeks","20"
"ROA36C01","Estimated Time to Driving Test Invite at Month End","202411","2024 November","106","Carlow Talbot Hotel, Co. Carlow","Weeks","20"
"ROA36C01","Estimated Time to Driving Test Invite at Month End","202411","2024 November","107","Carrick On Shannon, Co. Leitrim","Weeks","17"
"ROA36C01","Estimated Time to Driving Test Invite at Month End","202411","2024 November","108","Castlebar, Co. Mayo","Weeks","16"
"ROA36C01","Estimated Time to Driving Test Invite at Month End","202411","2024 November","109","Cavan, Co. Cavan","Weeks","16"
"ROA36C01","Estimated Time to Driving Test Invite at Month End","202411","2024 November","110","Charlestown (Dublin), Co. Dublin","Weeks","21"
"ROA36C01","Estimated Time to Driving Test Invite at Month End","202411","2024 November","111","Clifden, Co. Galway","Weeks","18"
"ROA36C01","Estimated Time to Driving Test Invite at Month End","202411","2024 November","112","Clonmel, Co. Tipperary","Weeks","22"
"ROA36C01","Estimated Time to Driving Test Invite at Month End","202411","2024 November","113","Cork (Ballincollig), Co. Cork","Weeks",""
"ROA36C01","Estimated Time to Driving Test Invite at Month End","202411","2024 November","114","Cork (St. Finbarr's GAA Club Togher), Co. Cork","Weeks",""
"ROA36C01","Estimated Time to Driving Test Invite at Month End","202411","2024 November","115","Cork (Wilton), Co. Cork","Weeks","26"
"ROA36C01","Estimated Time to Driving Test Invite at Month End","202411","2024 November","116","Donegal, Co. Donegal","Weeks","24"
"ROA36C01","Estimated Time to Driving Test Invite at Month End","202411","2024 November","117","Drogheda, Co. Louth","Weeks",""
"ROA36C01","Estimated Time to Driving Test Invite at Month End","202411","2024 November","118","Dun Laoghaire / Deansgrange, Co. Dublin","Weeks","33"
"ROA36C01","Estimated Time to Driving Test Invite at Month End","202411","2024 November","119","Dundalk, Co. Louth","Weeks","22"
"ROA36C01","Estimated Time to Driving Test Invite at Month End","202411","2024 November","120","Dungarvan, Co. Waterford","Weeks","15"
"ROA36C01","Estimated Time to Driving Test Invite at Month End","202411","2024 November","121","Ennis, Co. Clare","Weeks","18"
"ROA36C01","Estimated Time to Driving Test Invite at Month End","202411","2024 November","122","Finglas, Co. Dublin","Weeks","21"
"ROA36C01","Estimated Time to Driving Test Invite at Month End","202411","2024 November","123","Galway (Carnmore), Co. Galway","Weeks","27"
"ROA36C01","Estimated Time to Driving Test Invite at Month End","202411","2024 November","124","Galway (Westside), Co. Galway","Weeks","26"
"ROA36C01","Estimated Time to Driving Test Invite at Month End","202411","2024 November","125","Gorey, Co. Wexford","Weeks","23"
"ROA36C01","Estimated Time to Driving Test Invite at Month End","202411","2024 November","126","Kilkenny (Govt Buildings), Co. Kilkenny","Weeks","24"
"ROA36C01","Estimated Time to Driving Test Invite at Month End","202411","2024 November","127","Kilkenny (O'Loughlin Gaels), Co. Kilkenny","Weeks","20"
"ROA36C01","Estimated Time to Driving Test Invite at Month End","202411","2024 November","128","Killarney, Co. Kerry","Weeks","17"
"ROA36C01","Estimated Time to Driving Test Invite at Month End","202411","2024 November","129","Killester, Co. Dublin","Weeks","18"
"ROA36C01","Estimated Time to Driving Test Invite at Month End","202411","2024 November","130","Kilrush, Co. Clare","Weeks","15"
"ROA36C01","Estimated Time to Driving Test Invite at Month End","202411","2024 November","131","Letterkenny, Co. Donegal","Weeks","23"
"ROA36C01","Estimated Time to Driving Test Invite at Month End","202411","2024 November","132","Limerick - Castlemungret, Co. Limerick","Weeks","16"
"ROA36C01","Estimated Time to Driving Test Invite at Month End","202411","2024 November","133","Limerick - Woodview, Co. Limerick","Weeks","22"
"ROA36C01","Estimated Time to Driving Test Invite at Month End","202411","2024 November","134","Limerick (Roxboro), Co. Limerick","Weeks",""
"ROA36C01","Estimated Time to Driving Test Invite at Month End","202411","2024 November","135","Longford, Co. Longford","Weeks","27"
"ROA36C01","Estimated Time to Driving Test Invite at Month End","202411","2024 November","136","Loughrea, Co. Galway","Weeks","15"
"ROA36C01","Estimated Time to Driving Test Invite at Month End","202411","2024 November","137","Loughrea (Lough Rea Hotel & Spa), Co. Galway","Weeks",""
"ROA36C01","Estimated Time to Driving Test Invite at Month End","202411","2024 November","138","Mallow, Co. Cork","Weeks",""
"ROA36C01","Estimated Time to Driving Test Invite at Month End","202411","2024 November","139","Mallow (Cork Racecourse Mallow), Co. Cork","Weeks","26"
"ROA36C01","Estimated Time to Driving Test Invite at Month End","202411","2024 November","140","Monaghan, Co. Monaghan","Weeks","23"
"ROA36C01","Estimated Time to Driving Test Invite at Month End","202411","2024 November","141","Mulhuddart, Co. Dublin","Weeks","21"
"ROA36C01","Estimated Time to Driving Test Invite at Month End","202411","2024 November","142","Mulhuddart (Carlton Hotel), Co. Dublin","Weeks",""
"ROA36C01","Estimated Time to Driving Test Invite at Month End","202411","2024 November","143","Mulhuddart Maple House, Co. Dublin","Weeks","21"
"ROA36C01","Estimated Time to Driving Test Invite at Month End","202411","2024 November","144","Mullingar, Co. Westmeath","Weeks","26"
"ROA36C01","Estimated Time to Driving Test Invite at Month End","202411","2024 November","145","Naas, Co. Kildare","Weeks","24"
"ROA36C01","Estimated Time to Driving Test Invite at Month End","202411","2024 November","146","Navan, Co. Meath","Weeks","16"
"ROA36C01","Estimated Time to Driving Test Invite at Month End","202411","2024 November","147","Nenagh, Co. Tipperary","Weeks","15"
"ROA36C01","Estimated Time to Driving Test Invite at Month End","202411","2024 November","148","Newcastle West, Co. Limerick","Weeks","20"
"ROA36C01","Estimated Time to Driving Test Invite at Month End","202411","2024 November","149","Newcastle West (Longcourt House Hotel), Co. Limerick","Weeks","22"
"ROA36C01","Estimated Time to Driving Test Invite at Month End","202411","2024 November","150","Portlaoise, Co. Laois","Weeks",""
"ROA36C01","Estimated Time to Driving Test Invite at Month End","202411","2024 November","166","Portlaoise (Maldron Hotel), Co. Laois","Weeks","23"
"ROA36C01","Estimated Time to Driving Test Invite at Month End","202411","2024 November","151","Raheny, Co. Dublin","Weeks","17"
"ROA36C01","Estimated Time to Driving Test Invite at Month End","202411","2024 November","152","Roscommon, Co. Roscommon","Weeks","22"
"ROA36C01","Estimated Time to Driving Test Invite at Month End","202411","2024 November","153","Shannon, Co. Clare","Weeks","22"
"ROA36C01","Estimated Time to Driving Test Invite at Month End","202411","2024 November","154","Skibbereen, Co. Cork","Weeks","22"
"ROA36C01","Estimated Time to Driving Test Invite at Month End","202411","2024 November","155","Sligo, Co. Sligo","Weeks","17"
"ROA36C01","Estimated Time to Driving Test Invite at Month End","202411","2024 November","156","Tallaght, Co. Dublin","Weeks","27"
"ROA36C01","Estimated Time to Driving Test Invite at Month End","202411","2024 November","157","Thurles, Co. Tipperary","Weeks","17"
"ROA36C01","Estimated Time to Driving Test Invite at Month End","202411","2024 November","158","Tipperary, Co. Tipperary","Weeks","16"
"ROA36C01","Estimated Time to Driving Test Invite at Month End","202411","2024 November","159","Tralee, Co. Kerry","Weeks","16"
"ROA36C01","Estimated Time to Driving Test Invite at Month End","202411","2024 November","160","Tralee (HGV's), Co. Kerry","Weeks",""
"ROA36C01","Estimated Time to Driving Test Invite at Month End","202411","2024 November","161","Tuam, Co. Galway","Weeks","16"
"ROA36C01","Estimated Time to Driving Test Invite at Month End","202411","2024 November","162","Tullamore, Co. Offaly","Weeks","16"
"ROA36C01","Estimated Time to Driving Test Invite at Month End","202411","2024 November","163","Waterford, Co. Waterford","Weeks","15"
"ROA36C01","Estimated Time to Driving Test Invite at Month End","202411","2024 November","164","Wexford, Co. Wexford","Weeks","24"
"ROA36C01","Estimated Time to Driving Test Invite at Month End","202411","2024 November","165","Wicklow, Co. Wicklow","Weeks","24"
"ROA36C01","Estimated Time to Driving Test Invite at Month End","202411","2024 November","167","Galway (Clybaun Hotel), Co. Galway","Weeks",""
"ROA36C01","Estimated Time to Driving Test Invite at Month End","202411","2024 November","168","Sandyford, Co. Dublin","Weeks",""
"ROA36C01","Estimated Time to Driving Test Invite at Month End","202411","2024 November","169","Drogheda – Southgate, Co. Louth","Weeks",""
"ROA36C01","Estimated Time to Driving Test Invite at Month End","202411","2024 November","170","Mitchelstown, Co. Cork","Weeks",""
"ROA36C01","Estimated Time to Driving Test Invite at Month End","202412","2024 December","-","All driving test centres","Weeks","20.8"
"ROA36C01","Estimated Time to Driving Test Invite at Month End","202412","2024 December","100","Athlone, Co. Westmeath","Weeks","21"
"ROA36C01","Estimated Time to Driving Test Invite at Month End","202412","2024 December","101","Ballina, Co. Mayo","Weeks","19"
"ROA36C01","Estimated Time to Driving Test Invite at Month End","202412","2024 December","102","Birr, Co. Offaly","Weeks","21"
"ROA36C01","Estimated Time to Driving Test Invite at Month End","202412","2024 December","103","Birr (County Arms Hotel), Co. Offaly","Weeks",""
"ROA36C01","Estimated Time to Driving Test Invite at Month End","202412","2024 December","104","Buncrana, Co. Donegal","Weeks","24"
"ROA36C01","Estimated Time to Driving Test Invite at Month End","202412","2024 December","105","Carlow, Co. Carlow","Weeks","19"
"ROA36C01","Estimated Time to Driving Test Invite at Month End","202412","2024 December","106","Carlow Talbot Hotel, Co. Carlow","Weeks","20"
"ROA36C01","Estimated Time to Driving Test Invite at Month End","202412","2024 December","107","Carrick On Shannon, Co. Leitrim","Weeks","20"
"ROA36C01","Estimated Time to Driving Test Invite at Month End","202412","2024 December","108","Castlebar, Co. Mayo","Weeks","17"
"ROA36C01","Estimated Time to Driving Test Invite at Month End","202412","2024 December","109","Cavan, Co. Cavan","Weeks","17"
"ROA36C01","Estimated Time to Driving Test Invite at Month End","202412","2024 December","110","Charlestown (Dublin), Co. Dublin","Weeks","19"
"ROA36C01","Estimated Time to Driving Test Invite at Month End","202412","2024 December","111","Clifden, Co. Galway","Weeks","18"
"ROA36C01","Estimated Time to Driving Test Invite at Month End","202412","2024 December","112","Clonmel, Co. Tipperary","Weeks","20"
"ROA36C01","Estimated Time to Driving Test Invite at Month End","202412","2024 December","113","Cork (Ballincollig), Co. Cork","Weeks",""
"ROA36C01","Estimated Time to Driving Test Invite at Month End","202412","2024 December","114","Cork (St. Finbarr's GAA Club Togher), Co. Cork","Weeks",""
"ROA36C01","Estimated Time to Driving Test Invite at Month End","202412","2024 December","115","Cork (Wilton), Co. Cork","Weeks","26"
"ROA36C01","Estimated Time to Driving Test Invite at Month End","202412","2024 December","116","Donegal, Co. Donegal","Weeks","24"
"ROA36C01","Estimated Time to Driving Test Invite at Month End","202412","2024 December","117","Drogheda, Co. Louth","Weeks",""
"ROA36C01","Estimated Time to Driving Test Invite at Month End","202412","2024 December","118","Dun Laoghaire / Deansgrange, Co. Dublin","Weeks","33"
"ROA36C01","Estimated Time to Driving Test Invite at Month End","202412","2024 December","119","Dundalk, Co. Louth","Weeks","22"
"ROA36C01","Estimated Time to Driving Test Invite at Month End","202412","2024 December","120","Dungarvan, Co. Waterford","Weeks","17"
"ROA36C01","Estimated Time to Driving Test Invite at Month End","202412","2024 December","121","Ennis, Co. Clare","Weeks","18"
"ROA36C01","Estimated Time to Driving Test Invite at Month End","202412","2024 December","122","Finglas, Co. Dublin","Weeks","22"
"ROA36C01","Estimated Time to Driving Test Invite at Month End","202412","2024 December","123","Galway (Carnmore), Co. Galway","Weeks","27"
"ROA36C01","Estimated Time to Driving Test Invite at Month End","202412","2024 December","124","Galway (Westside), Co. Galway","Weeks","27"
"ROA36C01","Estimated Time to Driving Test Invite at Month End","202412","2024 December","125","Gorey, Co. Wexford","Weeks","23"
"ROA36C01","Estimated Time to Driving Test Invite at Month End","202412","2024 December","126","Kilkenny (Govt Buildings), Co. Kilkenny","Weeks","25"
"ROA36C01","Estimated Time to Driving Test Invite at Month End","202412","2024 December","127","Kilkenny (O'Loughlin Gaels), Co. Kilkenny","Weeks","20"
"ROA36C01","Estimated Time to Driving Test Invite at Month End","202412","2024 December","128","Killarney, Co. Kerry","Weeks","14"
"ROA36C01","Estimated Time to Driving Test Invite at Month End","202412","2024 December","129","Killester, Co. Dublin","Weeks","18"
"ROA36C01","Estimated Time to Driving Test Invite at Month End","202412","2024 December","130","Kilrush, Co. Clare","Weeks","16"
"ROA36C01","Estimated Time to Driving Test Invite at Month End","202412","2024 December","131","Letterkenny, Co. Donegal","Weeks","24"
"ROA36C01","Estimated Time to Driving Test Invite at Month End","202412","2024 December","132","Limerick - Castlemungret, Co. Limerick","Weeks","17"
"ROA36C01","Estimated Time to Driving Test Invite at Month End","202412","2024 December","133","Limerick - Woodview, Co. Limerick","Weeks","23"
"ROA36C01","Estimated Time to Driving Test Invite at Month End","202412","2024 December","134","Limerick (Roxboro), Co. Limerick","Weeks",""
"ROA36C01","Estimated Time to Driving Test Invite at Month End","202412","2024 December","135","Longford, Co. Longford","Weeks","26"
"ROA36C01","Estimated Time to Driving Test Invite at Month End","202412","2024 December","136","Loughrea, Co. Galway","Weeks","17"
"ROA36C01","Estimated Time to Driving Test Invite at Month End","202412","2024 December","137","Loughrea (Lough Rea Hotel & Spa), Co. Galway","Weeks",""
"ROA36C01","Estimated Time to Driving Test Invite at Month End","202412","2024 December","138","Mallow, Co. Cork","Weeks",""
"ROA36C01","Estimated Time to Driving Test Invite at Month End","202412","2024 December","139","Mallow (Cork Racecourse Mallow), Co. Cork","Weeks","27"
"ROA36C01","Estimated Time to Driving Test Invite at Month End","202412","2024 December","140","Monaghan, Co. Monaghan","Weeks","24"
"ROA36C01","Estimated Time to Driving Test Invite at Month End","202412","2024 December","141","Mulhuddart, Co. Dublin","Weeks","21"
"ROA36C01","Estimated Time to Driving Test Invite at Month End","202412","2024 December","142","Mulhuddart (Carlton Hotel), Co. Dublin","Weeks",""
"ROA36C01","Estimated Time to Driving Test Invite at Month End","202412","2024 December","143","Mulhuddart Maple House, Co. Dublin","Weeks","20"
"ROA36C01","Estimated Time to Driving Test Invite at Month End","202412","2024 December","144","Mullingar, Co. Westmeath","Weeks","25"
"ROA36C01","Estimated Time to Driving Test Invite at Month End","202412","2024 December","145","Naas, Co. Kildare","Weeks","24"
"ROA36C01","Estimated Time to Driving Test Invite at Month End","202412","2024 December","146","Navan, Co. Meath","Weeks","18"
"ROA36C01","Estimated Time to Driving Test Invite at Month End","202412","2024 December","147","Nenagh, Co. Tipperary","Weeks","16"
"ROA36C01","Estimated Time to Driving Test Invite at Month End","202412","2024 December","148","Newcastle West, Co. Limerick","Weeks","22"
"ROA36C01","Estimated Time to Driving Test Invite at Month End","202412","2024 December","149","Newcastle West (Longcourt House Hotel), Co. Limerick","Weeks","19"
"ROA36C01","Estimated Time to Driving Test Invite at Month End","202412","2024 December","150","Portlaoise, Co. Laois","Weeks",""
"ROA36C01","Estimated Time to Driving Test Invite at Month End","202412","2024 December","166","Portlaoise (Maldron Hotel), Co. Laois","Weeks","23"
"ROA36C01","Estimated Time to Driving Test Invite at Month End","202412","2024 December","151","Raheny, Co. Dublin","Weeks","17"
"ROA36C01","Estimated Time to Driving Test Invite at Month End","202412","2024 December","152","Roscommon, Co. Roscommon","Weeks","24"
"ROA36C01","Estimated Time to Driving Test Invite at Month End","202412","2024 December","153","Shannon, Co. Clare","Weeks","21"
"ROA36C01","Estimated Time to Driving Test Invite at Month End","202412","2024 December","154","Skibbereen, Co. Cork","Weeks","22"
"ROA36C01","Estimated Time to Driving Test Invite at Month End","202412","2024 December","155","Sligo, Co. Sligo","Weeks","17"
"ROA36C01","Estimated Time to Driving Test Invite at Month End","202412","2024 December","156","Tallaght, Co. Dublin","Weeks","26"
"ROA36C01","Estimated Time to Driving Test Invite at Month End","202412","2024 December","157","Thurles, Co. Tipperary","Weeks","17"
"ROA36C01","Estimated Time to Driving Test Invite at Month End","202412","2024 December","158","Tipperary, Co. Tipperary","Weeks","17"
"ROA36C01","Estimated Time to Driving Test Invite at Month End","202412","2024 December","159","Tralee, Co. Kerry","Weeks","15"
"ROA36C01","Estimated Time to Driving Test Invite at Month End","202412","2024 December","160","Tralee (HGV's), Co. Kerry","Weeks",""
"ROA36C01","Estimated Time to Driving Test Invite at Month End","202412","2024 December","161","Tuam, Co. Galway","Weeks","17"
"ROA36C01","Estimated Time to Driving Test Invite at Month End","202412","2024 December","162","Tullamore, Co. Offaly","Weeks","17"
"ROA36C01","Estimated Time to Driving Test Invite at Month End","202412","2024 December","163","Waterford, Co. Waterford","Weeks","16"
"ROA36C01","Estimated Time to Driving Test Invite at Month End","202412","2024 December","164","Wexford, Co. Wexford","Weeks","24"
"ROA36C01","Estimated Time to Driving Test Invite at Month End","202412","2024 December","165","Wicklow, Co. Wicklow","Weeks","24"
"ROA36C01","Estimated Time to Driving Test Invite at Month End","202412","2024 December","167","Galway (Clybaun Hotel), Co. Galway","Weeks",""
"ROA36C01","Estimated Time to Driving Test Invite at Month End","202412","2024 December","168","Sandyford, Co. Dublin","Weeks",""
"ROA36C01","Estimated Time to Driving Test Invite at Month End","202412","2024 December","169","Drogheda – Southgate, Co. Louth","Weeks",""
"ROA36C01","Estimated Time to Driving Test Invite at Month End","202412","2024 December","170","Mitchelstown, Co. Cork","Weeks",""
"ROA36C01","Estimated Time to Driving Test Invite at Month End","202501","2025 January","-","All driving test centres","Weeks","22"
"ROA36C01","Estimated Time to Driving Test Invite at Month End","202501","2025 January","100","Athlone, Co. Westmeath","Weeks","19"
"ROA36C01","Estimated Time to Driving Test Invite at Month End","202501","2025 January","101","Ballina, Co. Mayo","Weeks","21"
"ROA36C01","Estimated Time to Driving Test Invite at Month End","202501","2025 January","102","Birr, Co. Offaly","Weeks","26"
"ROA36C01","Estimated Time to Driving Test Invite at Month End","202501","2025 January","103","Birr (County Arms Hotel), Co. Offaly","Weeks",""
"ROA36C01","Estimated Time to Driving Test Invite at Month End","202501","2025 January","104","Buncrana, Co. Donegal","Weeks","26"
"ROA36C01","Estimated Time to Driving Test Invite at Month End","202501","2025 January","105","Carlow, Co. Carlow","Weeks","17"
"ROA36C01","Estimated Time to Driving Test Invite at Month End","202501","2025 January","106","Carlow Talbot Hotel, Co. Carlow","Weeks","21"
"ROA36C01","Estimated Time to Driving Test Invite at Month End","202501","2025 January","107","Carrick On Shannon, Co. Leitrim","Weeks","20"
"ROA36C01","Estimated Time to Driving Test Invite at Month End","202501","2025 January","108","Castlebar, Co. Mayo","Weeks","18"
"ROA36C01","Estimated Time to Driving Test Invite at Month End","202501","2025 January","109","Cavan, Co. Cavan","Weeks","16"
"ROA36C01","Estimated Time to Driving Test Invite at Month End","202501","2025 January","110","Charlestown (Dublin), Co. Dublin","Weeks","21"
"ROA36C01","Estimated Time to Driving Test Invite at Month End","202501","2025 January","111","Clifden, Co. Galway","Weeks","15"
"ROA36C01","Estimated Time to Driving Test Invite at Month End","202501","2025 January","112","Clonmel, Co. Tipperary","Weeks","22"
"ROA36C01","Estimated Time to Driving Test Invite at Month End","202501","2025 January","113","Cork (Ballincollig), Co. Cork","Weeks",""
"ROA36C01","Estimated Time to Driving Test Invite at Month End","202501","2025 January","114","Cork (St. Finbarr's GAA Club Togher), Co. Cork","Weeks",""
"ROA36C01","Estimated Time to Driving Test Invite at Month End","202501","2025 January","115","Cork (Wilton), Co. Cork","Weeks","27"
"ROA36C01","Estimated Time to Driving Test Invite at Month End","202501","2025 January","116","Donegal, Co. Donegal","Weeks","25"
"ROA36C01","Estimated Time to Driving Test Invite at Month End","202501","2025 January","117","Drogheda, Co. Louth","Weeks",""
"ROA36C01","Estimated Time to Driving Test Invite at Month End","202501","2025 January","118","Dun Laoghaire / Deansgrange, Co. Dublin","Weeks","33"
"ROA36C01","Estimated Time to Driving Test Invite at Month End","202501","2025 January","119","Dundalk, Co. Louth","Weeks","23"
"ROA36C01","Estimated Time to Driving Test Invite at Month End","202501","2025 January","120","Dungarvan, Co. Waterford","Weeks","18"
"ROA36C01","Estimated Time to Driving Test Invite at Month End","202501","2025 January","121","Ennis, Co. Clare","Weeks","20"
"ROA36C01","Estimated Time to Driving Test Invite at Month End","202501","2025 January","122","Finglas, Co. Dublin","Weeks","22"
"ROA36C01","Estimated Time to Driving Test Invite at Month End","202501","2025 January","123","Galway (Carnmore), Co. Galway","Weeks","29"
"ROA36C01","Estimated Time to Driving Test Invite at Month End","202501","2025 January","124","Galway (Westside), Co. Galway","Weeks","28"
"ROA36C01","Estimated Time to Driving Test Invite at Month End","202501","2025 January","125","Gorey, Co. Wexford","Weeks","20"
"ROA36C01","Estimated Time to Driving Test Invite at Month End","202501","2025 January","126","Kilkenny (Govt Buildings), Co. Kilkenny","Weeks","23"
"ROA36C01","Estimated Time to Driving Test Invite at Month End","202501","2025 January","127","Kilkenny (O'Loughlin Gaels), Co. Kilkenny","Weeks","21"
"ROA36C01","Estimated Time to Driving Test Invite at Month End","202501","2025 January","128","Killarney, Co. Kerry","Weeks","18"
"ROA36C01","Estimated Time to Driving Test Invite at Month End","202501","2025 January","129","Killester, Co. Dublin","Weeks","20"
"ROA36C01","Estimated Time to Driving Test Invite at Month End","202501","2025 January","130","Kilrush, Co. Clare","Weeks","23"
"ROA36C01","Estimated Time to Driving Test Invite at Month End","202501","2025 January","131","Letterkenny, Co. Donegal","Weeks","22"
"ROA36C01","Estimated Time to Driving Test Invite at Month End","202501","2025 January","132","Limerick - Castlemungret, Co. Limerick","Weeks","20"
"ROA36C01","Estimated Time to Driving Test Invite at Month End","202501","2025 January","133","Limerick - Woodview, Co. Limerick","Weeks","20"
"ROA36C01","Estimated Time to Driving Test Invite at Month End","202501","2025 January","134","Limerick (Roxboro), Co. Limerick","Weeks",""
"ROA36C01","Estimated Time to Driving Test Invite at Month End","202501","2025 January","135","Longford, Co. Longford","Weeks","28"
"ROA36C01","Estimated Time to Driving Test Invite at Month End","202501","2025 January","136","Loughrea, Co. Galway","Weeks","18"
"ROA36C01","Estimated Time to Driving Test Invite at Month End","202501","2025 January","137","Loughrea (Lough Rea Hotel & Spa), Co. Galway","Weeks",""
"ROA36C01","Estimated Time to Driving Test Invite at Month End","202501","2025 January","138","Mallow, Co. Cork","Weeks",""
"ROA36C01","Estimated Time to Driving Test Invite at Month End","202501","2025 January","139","Mallow (Cork Racecourse Mallow), Co. Cork","Weeks","27"
"ROA36C01","Estimated Time to Driving Test Invite at Month End","202501","2025 January","140","Monaghan, Co. Monaghan","Weeks","24"
"ROA36C01","Estimated Time to Driving Test Invite at Month End","202501","2025 January","141","Mulhuddart, Co. Dublin","Weeks","22"
"ROA36C01","Estimated Time to Driving Test Invite at Month End","202501","2025 January","142","Mulhuddart (Carlton Hotel), Co. Dublin","Weeks",""
"ROA36C01","Estimated Time to Driving Test Invite at Month End","202501","2025 January","143","Mulhuddart Maple House, Co. Dublin","Weeks","22"
"ROA36C01","Estimated Time to Driving Test Invite at Month End","202501","2025 January","144","Mullingar, Co. Westmeath","Weeks","24"
"ROA36C01","Estimated Time to Driving Test Invite at Month End","202501","2025 January","145","Naas, Co. Kildare","Weeks","23"
"ROA36C01","Estimated Time to Driving Test Invite at Month End","202501","2025 January","146","Navan, Co. Meath","Weeks","35"
"ROA36C01","Estimated Time to Driving Test Invite at Month End","202501","2025 January","147","Nenagh, Co. Tipperary","Weeks","15"
"ROA36C01","Estimated Time to Driving Test Invite at Month End","202501","2025 January","148","Newcastle West, Co. Limerick","Weeks","23"
"ROA36C01","Estimated Time to Driving Test Invite at Month End","202501","2025 January","149","Newcastle West (Longcourt House Hotel), Co. Limerick","Weeks","23"
"ROA36C01","Estimated Time to Driving Test Invite at Month End","202501","2025 January","150","Portlaoise, Co. Laois","Weeks",""
"ROA36C01","Estimated Time to Driving Test Invite at Month End","202501","2025 January","166","Portlaoise (Maldron Hotel), Co. Laois","Weeks","24"
"ROA36C01","Estimated Time to Driving Test Invite at Month End","202501","2025 January","151","Raheny, Co. Dublin","Weeks","24"
"ROA36C01","Estimated Time to Driving Test Invite at Month End","202501","2025 January","152","Roscommon, Co. Roscommon","Weeks","25"
"ROA36C01","Estimated Time to Driving Test Invite at Month End","202501","2025 January","153","Shannon, Co. Clare","Weeks","21"
"ROA36C01","Estimated Time to Driving Test Invite at Month End","202501","2025 January","154","Skibbereen, Co. Cork","Weeks","22"
"ROA36C01","Estimated Time to Driving Test Invite at Month End","202501","2025 January","155","Sligo, Co. Sligo","Weeks","18"
"ROA36C01","Estimated Time to Driving Test Invite at Month End","202501","2025 January","156","Tallaght, Co. Dublin","Weeks","27"
"ROA36C01","Estimated Time to Driving Test Invite at Month End","202501","2025 January","157","Thurles, Co. Tipperary","Weeks","18"
"ROA36C01","Estimated Time to Driving Test Invite at Month End","202501","2025 January","158","Tipperary, Co. Tipperary","Weeks","19"
"ROA36C01","Estimated Time to Driving Test Invite at Month End","202501","2025 January","159","Tralee, Co. Kerry","Weeks","15"
"ROA36C01","Estimated Time to Driving Test Invite at Month End","202501","2025 January","160","Tralee (HGV's), Co. Kerry","Weeks",""
"ROA36C01","Estimated Time to Driving Test Invite at Month End","202501","2025 January","161","Tuam, Co. Galway","Weeks","16"
"ROA36C01","Estimated Time to Driving Test Invite at Month End","202501","2025 January","162","Tullamore, Co. Offaly","Weeks","20"
"ROA36C01","Estimated Time to Driving Test Invite at Month End","202501","2025 January","163","Waterford, Co. Waterford","Weeks","17"
"ROA36C01","Estimated Time to Driving Test Invite at Month End","202501","2025 January","164","Wexford, Co. Wexford","Weeks","25"
"ROA36C01","Estimated Time to Driving Test Invite at Month End","202501","2025 January","165","Wicklow, Co. Wicklow","Weeks","26"
"ROA36C01","Estimated Time to Driving Test Invite at Month End","202501","2025 January","167","Galway (Clybaun Hotel), Co. Galway","Weeks",""
"ROA36C01","Estimated Time to Driving Test Invite at Month End","202501","2025 January","168","Sandyford, Co. Dublin","Weeks",""
"ROA36C01","Estimated Time to Driving Test Invite at Month End","202501","2025 January","169","Drogheda – Southgate, Co. Louth","Weeks",""
"ROA36C01","Estimated Time to Driving Test Invite at Month End","202501","2025 January","170","Mitchelstown, Co. Cork","Weeks",""
"ROA36C01","Estimated Time to Driving Test Invite at Month End","202502","2025 February","-","All driving test centres","Weeks","22.9"
"ROA36C01","Estimated Time to Driving Test Invite at Month End","202502","2025 February","100","Athlone, Co. Westmeath","Weeks","25"
"ROA36C01","Estimated Time to Driving Test Invite at Month End","202502","2025 February","101","Ballina, Co. Mayo","Weeks","23"
"ROA36C01","Estimated Time to Driving Test Invite at Month End","202502","2025 February","102","Birr, Co. Offaly","Weeks","27"
"ROA36C01","Estimated Time to Driving Test Invite at Month End","202502","2025 February","103","Birr (County Arms Hotel), Co. Offaly","Weeks",""
"ROA36C01","Estimated Time to Driving Test Invite at Month End","202502","2025 February","104","Buncrana, Co. Donegal","Weeks","26"
"ROA36C01","Estimated Time to Driving Test Invite at Month End","202502","2025 February","105","Carlow, Co. Carlow","Weeks","16"
"ROA36C01","Estimated Time to Driving Test Invite at Month End","202502","2025 February","106","Carlow Talbot Hotel, Co. Carlow","Weeks","18"
"ROA36C01","Estimated Time to Driving Test Invite at Month End","202502","2025 February","107","Carrick On Shannon, Co. Leitrim","Weeks","20"
"ROA36C01","Estimated Time to Driving Test Invite at Month End","202502","2025 February","108","Castlebar, Co. Mayo","Weeks","15"
"ROA36C01","Estimated Time to Driving Test Invite at Month End","202502","2025 February","109","Cavan, Co. Cavan","Weeks","19"
"ROA36C01","Estimated Time to Driving Test Invite at Month End","202502","2025 February","110","Charlestown (Dublin), Co. Dublin","Weeks","23"
"ROA36C01","Estimated Time to Driving Test Invite at Month End","202502","2025 February","111","Clifden, Co. Galway","Weeks","17"
"ROA36C01","Estimated Time to Driving Test Invite at Month End","202502","2025 February","112","Clonmel, Co. Tipperary","Weeks","23"
"ROA36C01","Estimated Time to Driving Test Invite at Month End","202502","2025 February","113","Cork (Ballincollig), Co. Cork","Weeks",""
"ROA36C01","Estimated Time to Driving Test Invite at Month End","202502","2025 February","114","Cork (St. Finbarr's GAA Club Togher), Co. Cork","Weeks",""
"ROA36C01","Estimated Time to Driving Test Invite at Month End","202502","2025 February","115","Cork (Wilton), Co. Cork","Weeks","28"
"ROA36C01","Estimated Time to Driving Test Invite at Month End","202502","2025 February","116","Donegal, Co. Donegal","Weeks","22"
"ROA36C01","Estimated Time to Driving Test Invite at Month End","202502","2025 February","117","Drogheda, Co. Louth","Weeks",""
"ROA36C01","Estimated Time to Driving Test Invite at Month End","202502","2025 February","118","Dun Laoghaire / Deansgrange, Co. Dublin","Weeks","34"
"ROA36C01","Estimated Time to Driving Test Invite at Month End","202502","2025 February","119","Dundalk, Co. Louth","Weeks","21"
"ROA36C01","Estimated Time to Driving Test Invite at Month End","202502","2025 February","120","Dungarvan, Co. Waterford","Weeks","23"
"ROA36C01","Estimated Time to Driving Test Invite at Month End","202502","2025 February","121","Ennis, Co. Clare","Weeks","20"
"ROA36C01","Estimated Time to Driving Test Invite at Month End","202502","2025 February","122","Finglas, Co. Dublin","Weeks","24"
"ROA36C01","Estimated Time to Driving Test Invite at Month End","202502","2025 February","123","Galway (Carnmore), Co. Galway","Weeks","32"
"ROA36C01","Estimated Time to Driving Test Invite at Month End","202502","2025 February","124","Galway (Westside), Co. Galway","Weeks","24"
"ROA36C01","Estimated Time to Driving Test Invite at Month End","202502","2025 February","125","Gorey, Co. Wexford","Weeks","20"
"ROA36C01","Estimated Time to Driving Test Invite at Month End","202502","2025 February","126","Kilkenny (Govt Buildings), Co. Kilkenny","Weeks","16"
"ROA36C01","Estimated Time to Driving Test Invite at Month End","202502","2025 February","127","Kilkenny (O'Loughlin Gaels), Co. Kilkenny","Weeks","20"
"ROA36C01","Estimated Time to Driving Test Invite at Month End","202502","2025 February","128","Killarney, Co. Kerry","Weeks","19"
"ROA36C01","Estimated Time to Driving Test Invite at Month End","202502","2025 February","129","Killester, Co. Dublin","Weeks","23"
"ROA36C01","Estimated Time to Driving Test Invite at Month End","202502","2025 February","130","Kilrush, Co. Clare","Weeks","25"
"ROA36C01","Estimated Time to Driving Test Invite at Month End","202502","2025 February","131","Letterkenny, Co. Donegal","Weeks","22"
"ROA36C01","Estimated Time to Driving Test Invite at Month End","202502","2025 February","132","Limerick - Castlemungret, Co. Limerick","Weeks","22"
"ROA36C01","Estimated Time to Driving Test Invite at Month End","202502","2025 February","133","Limerick - Woodview, Co. Limerick","Weeks","21"
"ROA36C01","Estimated Time to Driving Test Invite at Month End","202502","2025 February","134","Limerick (Roxboro), Co. Limerick","Weeks",""
"ROA36C01","Estimated Time to Driving Test Invite at Month End","202502","2025 February","135","Longford, Co. Longford","Weeks","28"
"ROA36C01","Estimated Time to Driving Test Invite at Month End","202502","2025 February","136","Loughrea, Co. Galway","Weeks","16"
"ROA36C01","Estimated Time to Driving Test Invite at Month End","202502","2025 February","137","Loughrea (Lough Rea Hotel & Spa), Co. Galway","Weeks",""
"ROA36C01","Estimated Time to Driving Test Invite at Month End","202502","2025 February","138","Mallow, Co. Cork","Weeks",""
"ROA36C01","Estimated Time to Driving Test Invite at Month End","202502","2025 February","139","Mallow (Cork Racecourse Mallow), Co. Cork","Weeks","28"
"ROA36C01","Estimated Time to Driving Test Invite at Month End","202502","2025 February","140","Monaghan, Co. Monaghan","Weeks","20"
"ROA36C01","Estimated Time to Driving Test Invite at Month End","202502","2025 February","141","Mulhuddart, Co. Dublin","Weeks","25"
"ROA36C01","Estimated Time to Driving Test Invite at Month End","202502","2025 February","142","Mulhuddart (Carlton Hotel), Co. Dublin","Weeks",""
"ROA36C01","Estimated Time to Driving Test Invite at Month End","202502","2025 February","143","Mulhuddart Maple House, Co. Dublin","Weeks","24"
"ROA36C01","Estimated Time to Driving Test Invite at Month End","202502","2025 February","144","Mullingar, Co. Westmeath","Weeks","24"
"ROA36C01","Estimated Time to Driving Test Invite at Month End","202502","2025 February","145","Naas, Co. Kildare","Weeks","24"
"ROA36C01","Estimated Time to Driving Test Invite at Month End","202502","2025 February","146","Navan, Co. Meath","Weeks","35"
"ROA36C01","Estimated Time to Driving Test Invite at Month End","202502","2025 February","147","Nenagh, Co. Tipperary","Weeks","15"
"ROA36C01","Estimated Time to Driving Test Invite at Month End","202502","2025 February","148","Newcastle West, Co. Limerick","Weeks","22"
"ROA36C01","Estimated Time to Driving Test Invite at Month End","202502","2025 February","149","Newcastle West (Longcourt House Hotel), Co. Limerick","Weeks","21"
"ROA36C01","Estimated Time to Driving Test Invite at Month End","202502","2025 February","150","Portlaoise, Co. Laois","Weeks",""
"ROA36C01","Estimated Time to Driving Test Invite at Month End","202502","2025 February","166","Portlaoise (Maldron Hotel), Co. Laois","Weeks","23"
"ROA36C01","Estimated Time to Driving Test Invite at Month End","202502","2025 February","151","Raheny, Co. Dublin","Weeks","29"
"ROA36C01","Estimated Time to Driving Test Invite at Month End","202502","2025 February","152","Roscommon, Co. Roscommon","Weeks","26"
"ROA36C01","Estimated Time to Driving Test Invite at Month End","202502","2025 February","153","Shannon, Co. Clare","Weeks","23"
"ROA36C01","Estimated Time to Driving Test Invite at Month End","202502","2025 February","154","Skibbereen, Co. Cork","Weeks","26"
"ROA36C01","Estimated Time to Driving Test Invite at Month End","202502","2025 February","155","Sligo, Co. Sligo","Weeks","24"
"ROA36C01","Estimated Time to Driving Test Invite at Month End","202502","2025 February","156","Tallaght, Co. Dublin","Weeks","35"
"ROA36C01","Estimated Time to Driving Test Invite at Month End","202502","2025 February","157","Thurles, Co. Tipperary","Weeks","18"
"ROA36C01","Estimated Time to Driving Test Invite at Month End","202502","2025 February","158","Tipperary, Co. Tipperary","Weeks","23"
"ROA36C01","Estimated Time to Driving Test Invite at Month End","202502","2025 February","159","Tralee, Co. Kerry","Weeks","20"
"ROA36C01","Estimated Time to Driving Test Invite at Month End","202502","2025 February","160","Tralee (HGV's), Co. Kerry","Weeks",""
"ROA36C01","Estimated Time to Driving Test Invite at Month End","202502","2025 February","161","Tuam, Co. Galway","Weeks","17"
"ROA36C01","Estimated Time to Driving Test Invite at Month End","202502","2025 February","162","Tullamore, Co. Offaly","Weeks","17"
"ROA36C01","Estimated Time to Driving Test Invite at Month End","202502","2025 February","163","Waterford, Co. Waterford","Weeks","22"
"ROA36C01","Estimated Time to Driving Test Invite at Month End","202502","2025 February","164","Wexford, Co. Wexford","Weeks","27"
"ROA36C01","Estimated Time to Driving Test Invite at Month End","202502","2025 February","165","Wicklow, Co. Wicklow","Weeks","25"
"ROA36C01","Estimated Time to Driving Test Invite at Month End","202502","2025 February","167","Galway (Clybaun Hotel), Co. Galway","Weeks",""
"ROA36C01","Estimated Time to Driving Test Invite at Month End","202502","2025 February","168","Sandyford, Co. Dublin","Weeks",""
"ROA36C01","Estimated Time to Driving Test Invite at Month End","202502","2025 February","169","Drogheda – Southgate, Co. Louth","Weeks",""
"ROA36C01","Estimated Time to Driving Test Invite at Month End","202502","2025 February","170","Mitchelstown, Co. Cork","Weeks",""
"ROA36C01","Estimated Time to Driving Test Invite at Month End","202503","2025 March","-","All driving test centres","Weeks","24.1"
"ROA36C01","Estimated Time to Driving Test Invite at Month End","202503","2025 March","100","Athlone, Co. Westmeath","Weeks","27"
"ROA36C01","Estimated Time to Driving Test Invite at Month End","202503","2025 March","101","Ballina, Co. Mayo","Weeks","23"
"ROA36C01","Estimated Time to Driving Test Invite at Month End","202503","2025 March","102","Birr, Co. Offaly","Weeks","27"
"ROA36C01","Estimated Time to Driving Test Invite at Month End","202503","2025 March","103","Birr (County Arms Hotel), Co. Offaly","Weeks",""
"ROA36C01","Estimated Time to Driving Test Invite at Month End","202503","2025 March","104","Buncrana, Co. Donegal","Weeks","29"
"ROA36C01","Estimated Time to Driving Test Invite at Month End","202503","2025 March","105","Carlow, Co. Carlow","Weeks","19"
"ROA36C01","Estimated Time to Driving Test Invite at Month End","202503","2025 March","106","Carlow Talbot Hotel, Co. Carlow","Weeks","18"
"ROA36C01","Estimated Time to Driving Test Invite at Month End","202503","2025 March","107","Carrick On Shannon, Co. Leitrim","Weeks","22"
"ROA36C01","Estimated Time to Driving Test Invite at Month End","202503","2025 March","108","Castlebar, Co. Mayo","Weeks","23"
"ROA36C01","Estimated Time to Driving Test Invite at Month End","202503","2025 March","109","Cavan, Co. Cavan","Weeks","19"
"ROA36C01","Estimated Time to Driving Test Invite at Month End","202503","2025 March","110","Charlestown (Dublin), Co. Dublin","Weeks","21"
"ROA36C01","Estimated Time to Driving Test Invite at Month End","202503","2025 March","111","Clifden, Co. Galway","Weeks","22"
"ROA36C01","Estimated Time to Driving Test Invite at Month End","202503","2025 March","112","Clonmel, Co. Tipperary","Weeks","23"
"ROA36C01","Estimated Time to Driving Test Invite at Month End","202503","2025 March","113","Cork (Ballincollig), Co. Cork","Weeks",""
"ROA36C01","Estimated Time to Driving Test Invite at Month End","202503","2025 March","114","Cork (St. Finbarr's GAA Club Togher), Co. Cork","Weeks",""
"ROA36C01","Estimated Time to Driving Test Invite at Month End","202503","2025 March","115","Cork (Wilton), Co. Cork","Weeks","31"
"ROA36C01","Estimated Time to Driving Test Invite at Month End","202503","2025 March","116","Donegal, Co. Donegal","Weeks","18"
"ROA36C01","Estimated Time to Driving Test Invite at Month End","202503","2025 March","117","Drogheda, Co. Louth","Weeks",""
"ROA36C01","Estimated Time to Driving Test Invite at Month End","202503","2025 March","118","Dun Laoghaire / Deansgrange, Co. Dublin","Weeks","33"
"ROA36C01","Estimated Time to Driving Test Invite at Month End","202503","2025 March","119","Dundalk, Co. Louth","Weeks","21"
"ROA36C01","Estimated Time to Driving Test Invite at Month End","202503","2025 March","120","Dungarvan, Co. Waterford","Weeks","25"
"ROA36C01","Estimated Time to Driving Test Invite at Month End","202503","2025 March","121","Ennis, Co. Clare","Weeks","23"
"ROA36C01","Estimated Time to Driving Test Invite at Month End","202503","2025 March","122","Finglas, Co. Dublin","Weeks","23"
"ROA36C01","Estimated Time to Driving Test Invite at Month End","202503","2025 March","123","Galway (Carnmore), Co. Galway","Weeks","39"
"ROA36C01","Estimated Time to Driving Test Invite at Month End","202503","2025 March","124","Galway (Westside), Co. Galway","Weeks","3"
"ROA36C01","Estimated Time to Driving Test Invite at Month End","202503","2025 March","125","Gorey, Co. Wexford","Weeks","21"
"ROA36C01","Estimated Time to Driving Test Invite at Month End","202503","2025 March","126","Kilkenny (Govt Buildings), Co. Kilkenny","Weeks","17"
"ROA36C01","Estimated Time to Driving Test Invite at Month End","202503","2025 March","127","Kilkenny (O'Loughlin Gaels), Co. Kilkenny","Weeks","23"
"ROA36C01","Estimated Time to Driving Test Invite at Month End","202503","2025 March","128","Killarney, Co. Kerry","Weeks","21"
"ROA36C01","Estimated Time to Driving Test Invite at Month End","202503","2025 March","129","Killester, Co. Dublin","Weeks","26"
"ROA36C01","Estimated Time to Driving Test Invite at Month End","202503","2025 March","130","Kilrush, Co. Clare","Weeks","24"
"ROA36C01","Estimated Time to Driving Test Invite at Month End","202503","2025 March","131","Letterkenny, Co. Donegal","Weeks","29"
"ROA36C01","Estimated Time to Driving Test Invite at Month End","202503","2025 March","132","Limerick - Castlemungret, Co. Limerick","Weeks","22"
"ROA36C01","Estimated Time to Driving Test Invite at Month End","202503","2025 March","133","Limerick - Woodview, Co. Limerick","Weeks","24"
"ROA36C01","Estimated Time to Driving Test Invite at Month End","202503","2025 March","134","Limerick (Roxboro), Co. Limerick","Weeks",""
"ROA36C01","Estimated Time to Driving Test Invite at Month End","202503","2025 March","135","Longford, Co. Longford","Weeks","32"
"ROA36C01","Estimated Time to Driving Test Invite at Month End","202503","2025 March","136","Loughrea, Co. Galway","Weeks","21"
"ROA36C01","Estimated Time to Driving Test Invite at Month End","202503","2025 March","137","Loughrea (Lough Rea Hotel & Spa), Co. Galway","Weeks",""
"ROA36C01","Estimated Time to Driving Test Invite at Month End","202503","2025 March","138","Mallow, Co. Cork","Weeks",""
"ROA36C01","Estimated Time to Driving Test Invite at Month End","202503","2025 March","139","Mallow (Cork Racecourse Mallow), Co. Cork","Weeks","30"
"ROA36C01","Estimated Time to Driving Test Invite at Month End","202503","2025 March","140","Monaghan, Co. Monaghan","Weeks","20"
"ROA36C01","Estimated Time to Driving Test Invite at Month End","202503","2025 March","141","Mulhuddart, Co. Dublin","Weeks","26"
"ROA36C01","Estimated Time to Driving Test Invite at Month End","202503","2025 March","142","Mulhuddart (Carlton Hotel), Co. Dublin","Weeks",""
"ROA36C01","Estimated Time to Driving Test Invite at Month End","202503","2025 March","143","Mulhuddart Maple House, Co. Dublin","Weeks","26"
"ROA36C01","Estimated Time to Driving Test Invite at Month End","202503","2025 March","144","Mullingar, Co. Westmeath","Weeks","25"
"ROA36C01","Estimated Time to Driving Test Invite at Month End","202503","2025 March","145","Naas, Co. Kildare","Weeks","23"
"ROA36C01","Estimated Time to Driving Test Invite at Month End","202503","2025 March","146","Navan, Co. Meath","Weeks","39"
"ROA36C01","Estimated Time to Driving Test Invite at Month End","202503","2025 March","147","Nenagh, Co. Tipperary","Weeks","21"
"ROA36C01","Estimated Time to Driving Test Invite at Month End","202503","2025 March","148","Newcastle West, Co. Limerick","Weeks","19"
"ROA36C01","Estimated Time to Driving Test Invite at Month End","202503","2025 March","149","Newcastle West (Longcourt House Hotel), Co. Limerick","Weeks","19"
"ROA36C01","Estimated Time to Driving Test Invite at Month End","202503","2025 March","150","Portlaoise, Co. Laois","Weeks",""
"ROA36C01","Estimated Time to Driving Test Invite at Month End","202503","2025 March","166","Portlaoise (Maldron Hotel), Co. Laois","Weeks","24"
"ROA36C01","Estimated Time to Driving Test Invite at Month End","202503","2025 March","151","Raheny, Co. Dublin","Weeks","33"
"ROA36C01","Estimated Time to Driving Test Invite at Month End","202503","2025 March","152","Roscommon, Co. Roscommon","Weeks","30"
"ROA36C01","Estimated Time to Driving Test Invite at Month End","202503","2025 March","153","Shannon, Co. Clare","Weeks","24"
"ROA36C01","Estimated Time to Driving Test Invite at Month End","202503","2025 March","154","Skibbereen, Co. Cork","Weeks","26"
"ROA36C01","Estimated Time to Driving Test Invite at Month End","202503","2025 March","155","Sligo, Co. Sligo","Weeks","25"
"ROA36C01","Estimated Time to Driving Test Invite at Month End","202503","2025 March","156","Tallaght, Co. Dublin","Weeks","36"
"ROA36C01","Estimated Time to Driving Test Invite at Month End","202503","2025 March","157","Thurles, Co. Tipperary","Weeks","20"
"ROA36C01","Estimated Time to Driving Test Invite at Month End","202503","2025 March","158","Tipperary, Co. Tipperary","Weeks","27"
"ROA36C01","Estimated Time to Driving Test Invite at Month End","202503","2025 March","159","Tralee, Co. Kerry","Weeks","22"
"ROA36C01","Estimated Time to Driving Test Invite at Month End","202503","2025 March","160","Tralee (HGV's), Co. Kerry","Weeks",""
"ROA36C01","Estimated Time to Driving Test Invite at Month End","202503","2025 March","161","Tuam, Co. Galway","Weeks","19"
"ROA36C01","Estimated Time to Driving Test Invite at Month End","202503","2025 March","162","Tullamore, Co. Offaly","Weeks","20"
"ROA36C01","Estimated Time to Driving Test Invite at Month End","202503","2025 March","163","Waterford, Co. Waterford","Weeks","23"
"ROA36C01","Estimated Time to Driving Test Invite at Month End","202503","2025 March","164","Wexford, Co. Wexford","Weeks","27"
"ROA36C01","Estimated Time to Driving Test Invite at Month End","202503","2025 March","165","Wicklow, Co. Wicklow","Weeks","25"
"ROA36C01","Estimated Time to Driving Test Invite at Month End","202503","2025 March","167","Galway (Clybaun Hotel), Co. Galway","Weeks","21"
"ROA36C01","Estimated Time to Driving Test Invite at Month End","202503","2025 March","168","Sandyford, Co. Dublin","Weeks",""
"ROA36C01","Estimated Time to Driving Test Invite at Month End","202503","2025 March","169","Drogheda – Southgate, Co. Louth","Weeks",""
"ROA36C01","Estimated Time to Driving Test Invite at Month End","202503","2025 March","170","Mitchelstown, Co. Cork","Weeks",""
"ROA36C01","Estimated Time to Driving Test Invite at Month End","202504","2025 April","-","All driving test centres","Weeks","27.3"
"ROA36C01","Estimated Time to Driving Test Invite at Month End","202504","2025 April","100","Athlone, Co. Westmeath","Weeks","31"
"ROA36C01","Estimated Time to Driving Test Invite at Month End","202504","2025 April","101","Ballina, Co. Mayo","Weeks","27"
"ROA36C01","Estimated Time to Driving Test Invite at Month End","202504","2025 April","102","Birr, Co. Offaly","Weeks","27"
"ROA36C01","Estimated Time to Driving Test Invite at Month End","202504","2025 April","103","Birr (County Arms Hotel), Co. Offaly","Weeks",""
"ROA36C01","Estimated Time to Driving Test Invite at Month End","202504","2025 April","104","Buncrana, Co. Donegal","Weeks","30"
"ROA36C01","Estimated Time to Driving Test Invite at Month End","202504","2025 April","105","Carlow, Co. Carlow","Weeks","24"
"ROA36C01","Estimated Time to Driving Test Invite at Month End","202504","2025 April","106","Carlow Talbot Hotel, Co. Carlow","Weeks","26"
"ROA36C01","Estimated Time to Driving Test Invite at Month End","202504","2025 April","107","Carrick On Shannon, Co. Leitrim","Weeks","23"
"ROA36C01","Estimated Time to Driving Test Invite at Month End","202504","2025 April","108","Castlebar, Co. Mayo","Weeks","25"
"ROA36C01","Estimated Time to Driving Test Invite at Month End","202504","2025 April","109","Cavan, Co. Cavan","Weeks","22"
"ROA36C01","Estimated Time to Driving Test Invite at Month End","202504","2025 April","110","Charlestown (Dublin), Co. Dublin","Weeks","27"
"ROA36C01","Estimated Time to Driving Test Invite at Month End","202504","2025 April","111","Clifden, Co. Galway","Weeks","21"
"ROA36C01","Estimated Time to Driving Test Invite at Month End","202504","2025 April","112","Clonmel, Co. Tipperary","Weeks","28"
"ROA36C01","Estimated Time to Driving Test Invite at Month End","202504","2025 April","113","Cork (Ballincollig), Co. Cork","Weeks",""
"ROA36C01","Estimated Time to Driving Test Invite at Month End","202504","2025 April","114","Cork (St. Finbarr's GAA Club Togher), Co. Cork","Weeks",""
"ROA36C01","Estimated Time to Driving Test Invite at Month End","202504","2025 April","115","Cork (Wilton), Co. Cork","Weeks","35"
"ROA36C01","Estimated Time to Driving Test Invite at Month End","202504","2025 April","116","Donegal, Co. Donegal","Weeks","22"
"ROA36C01","Estimated Time to Driving Test Invite at Month End","202504","2025 April","117","Drogheda, Co. Louth","Weeks",""
"ROA36C01","Estimated Time to Driving Test Invite at Month End","202504","2025 April","118","Dun Laoghaire / Deansgrange, Co. Dublin","Weeks","35"
"ROA36C01","Estimated Time to Driving Test Invite at Month End","202504","2025 April","119","Dundalk, Co. Louth","Weeks","24"
"ROA36C01","Estimated Time to Driving Test Invite at Month End","202504","2025 April","120","Dungarvan, Co. Waterford","Weeks","27"
"ROA36C01","Estimated Time to Driving Test Invite at Month End","202504","2025 April","121","Ennis, Co. Clare","Weeks","24"
"ROA36C01","Estimated Time to Driving Test Invite at Month End","202504","2025 April","122","Finglas, Co. Dublin","Weeks","31"
"ROA36C01","Estimated Time to Driving Test Invite at Month End","202504","2025 April","123","Galway (Carnmore), Co. Galway","Weeks","42"
"ROA36C01","Estimated Time to Driving Test Invite at Month End","202504","2025 April","124","Galway (Westside), Co. Galway","Weeks",""
"ROA36C01","Estimated Time to Driving Test Invite at Month End","202504","2025 April","125","Gorey, Co. Wexford","Weeks","21"
"ROA36C01","Estimated Time to Driving Test Invite at Month End","202504","2025 April","126","Kilkenny (Govt Buildings), Co. Kilkenny","Weeks","23"
"ROA36C01","Estimated Time to Driving Test Invite at Month End","202504","2025 April","127","Kilkenny (O'Loughlin Gaels), Co. Kilkenny","Weeks","24"
"ROA36C01","Estimated Time to Driving Test Invite at Month End","202504","2025 April","128","Killarney, Co. Kerry","Weeks","26"
"ROA36C01","Estimated Time to Driving Test Invite at Month End","202504","2025 April","129","Killester, Co. Dublin","Weeks","28"
"ROA36C01","Estimated Time to Driving Test Invite at Month End","202504","2025 April","130","Kilrush, Co. Clare","Weeks","23"
"ROA36C01","Estimated Time to Driving Test Invite at Month End","202504","2025 April","131","Letterkenny, Co. Donegal","Weeks","29"
"ROA36C01","Estimated Time to Driving Test Invite at Month End","202504","2025 April","132","Limerick - Castlemungret, Co. Limerick","Weeks","25"
"ROA36C01","Estimated Time to Driving Test Invite at Month End","202504","2025 April","133","Limerick - Woodview, Co. Limerick","Weeks","31"
"ROA36C01","Estimated Time to Driving Test Invite at Month End","202504","2025 April","134","Limerick (Roxboro), Co. Limerick","Weeks",""
"ROA36C01","Estimated Time to Driving Test Invite at Month End","202504","2025 April","135","Longford, Co. Longford","Weeks","32"
"ROA36C01","Estimated Time to Driving Test Invite at Month End","202504","2025 April","136","Loughrea, Co. Galway","Weeks","22"
"ROA36C01","Estimated Time to Driving Test Invite at Month End","202504","2025 April","137","Loughrea (Lough Rea Hotel & Spa), Co. Galway","Weeks",""
"ROA36C01","Estimated Time to Driving Test Invite at Month End","202504","2025 April","138","Mallow, Co. Cork","Weeks",""
"ROA36C01","Estimated Time to Driving Test Invite at Month End","202504","2025 April","139","Mallow (Cork Racecourse Mallow), Co. Cork","Weeks","36"
"ROA36C01","Estimated Time to Driving Test Invite at Month End","202504","2025 April","140","Monaghan, Co. Monaghan","Weeks","22"
"ROA36C01","Estimated Time to Driving Test Invite at Month End","202504","2025 April","141","Mulhuddart, Co. Dublin","Weeks","28"
"ROA36C01","Estimated Time to Driving Test Invite at Month End","202504","2025 April","142","Mulhuddart (Carlton Hotel), Co. Dublin","Weeks",""
"ROA36C01","Estimated Time to Driving Test Invite at Month End","202504","2025 April","143","Mulhuddart Maple House, Co. Dublin","Weeks","24"
"ROA36C01","Estimated Time to Driving Test Invite at Month End","202504","2025 April","144","Mullingar, Co. Westmeath","Weeks","27"
"ROA36C01","Estimated Time to Driving Test Invite at Month End","202504","2025 April","145","Naas, Co. Kildare","Weeks","30"
"ROA36C01","Estimated Time to Driving Test Invite at Month End","202504","2025 April","146","Navan, Co. Meath","Weeks","43"
"ROA36C01","Estimated Time to Driving Test Invite at Month End","202504","2025 April","147","Nenagh, Co. Tipperary","Weeks","24"
"ROA36C01","Estimated Time to Driving Test Invite at Month End","202504","2025 April","148","Newcastle West, Co. Limerick","Weeks","22"
"ROA36C01","Estimated Time to Driving Test Invite at Month End","202504","2025 April","149","Newcastle West (Longcourt House Hotel), Co. Limerick","Weeks","23"
"ROA36C01","Estimated Time to Driving Test Invite at Month End","202504","2025 April","150","Portlaoise, Co. Laois","Weeks",""
"ROA36C01","Estimated Time to Driving Test Invite at Month End","202504","2025 April","166","Portlaoise (Maldron Hotel), Co. Laois","Weeks","26"
"ROA36C01","Estimated Time to Driving Test Invite at Month End","202504","2025 April","151","Raheny, Co. Dublin","Weeks","33"
"ROA36C01","Estimated Time to Driving Test Invite at Month End","202504","2025 April","152","Roscommon, Co. Roscommon","Weeks","30"
"ROA36C01","Estimated Time to Driving Test Invite at Month End","202504","2025 April","153","Shannon, Co. Clare","Weeks","23"
"ROA36C01","Estimated Time to Driving Test Invite at Month End","202504","2025 April","154","Skibbereen, Co. Cork","Weeks","28"
"ROA36C01","Estimated Time to Driving Test Invite at Month End","202504","2025 April","155","Sligo, Co. Sligo","Weeks","28"
"ROA36C01","Estimated Time to Driving Test Invite at Month End","202504","2025 April","156","Tallaght, Co. Dublin","Weeks","43"
"ROA36C01","Estimated Time to Driving Test Invite at Month End","202504","2025 April","157","Thurles, Co. Tipperary","Weeks","23"
"ROA36C01","Estimated Time to Driving Test Invite at Month End","202504","2025 April","158","Tipperary, Co. Tipperary","Weeks","27"
"ROA36C01","Estimated Time to Driving Test Invite at Month End","202504","2025 April","159","Tralee, Co. Kerry","Weeks","21"
"ROA36C01","Estimated Time to Driving Test Invite at Month End","202504","2025 April","160","Tralee (HGV's), Co. Kerry","Weeks",""
"ROA36C01","Estimated Time to Driving Test Invite at Month End","202504","2025 April","161","Tuam, Co. Galway","Weeks","26"
"ROA36C01","Estimated Time to Driving Test Invite at Month End","202504","2025 April","162","Tullamore, Co. Offaly","Weeks","23"
"ROA36C01","Estimated Time to Driving Test Invite at Month End","202504","2025 April","163","Waterford, Co. Waterford","Weeks","23"
"ROA36C01","Estimated Time to Driving Test Invite at Month End","202504","2025 April","164","Wexford, Co. Wexford","Weeks","29"
"ROA36C01","Estimated Time to Driving Test Invite at Month End","202504","2025 April","165","Wicklow, Co. Wicklow","Weeks","33"
"ROA36C01","Estimated Time to Driving Test Invite at Month End","202504","2025 April","167","Galway (Clybaun Hotel), Co. Galway","Weeks","26"
"ROA36C01","Estimated Time to Driving Test Invite at Month End","202504","2025 April","168","Sandyford, Co. Dublin","Weeks",""
"ROA36C01","Estimated Time to Driving Test Invite at Month End","202504","2025 April","169","Drogheda – Southgate, Co. Louth","Weeks",""
"ROA36C01","Estimated Time to Driving Test Invite at Month End","202504","2025 April","170","Mitchelstown, Co. Cork","Weeks",""
"ROA36C01","Estimated Time to Driving Test Invite at Month End","202505","2025 May","-","All driving test centres","Weeks","20.8"
"ROA36C01","Estimated Time to Driving Test Invite at Month End","202505","2025 May","100","Athlone, Co. Westmeath","Weeks","16"
"ROA36C01","Estimated Time to Driving Test Invite at Month End","202505","2025 May","101","Ballina, Co. Mayo","Weeks","18"
"ROA36C01","Estimated Time to Driving Test Invite at Month End","202505","2025 May","102","Birr, Co. Offaly","Weeks","18"
"ROA36C01","Estimated Time to Driving Test Invite at Month End","202505","2025 May","103","Birr (County Arms Hotel), Co. Offaly","Weeks",""
"ROA36C01","Estimated Time to Driving Test Invite at Month End","202505","2025 May","104","Buncrana, Co. Donegal","Weeks","24"
"ROA36C01","Estimated Time to Driving Test Invite at Month End","202505","2025 May","105","Carlow, Co. Carlow","Weeks","16"
"ROA36C01","Estimated Time to Driving Test Invite at Month End","202505","2025 May","106","Carlow Talbot Hotel, Co. Carlow","Weeks","17"
"ROA36C01","Estimated Time to Driving Test Invite at Month End","202505","2025 May","107","Carrick On Shannon, Co. Leitrim","Weeks","17"
"ROA36C01","Estimated Time to Driving Test Invite at Month End","202505","2025 May","108","Castlebar, Co. Mayo","Weeks","17"
"ROA36C01","Estimated Time to Driving Test Invite at Month End","202505","2025 May","109","Cavan, Co. Cavan","Weeks","19"
"ROA36C01","Estimated Time to Driving Test Invite at Month End","202505","2025 May","110","Charlestown (Dublin), Co. Dublin","Weeks","10"
"ROA36C01","Estimated Time to Driving Test Invite at Month End","202505","2025 May","111","Clifden, Co. Galway","Weeks","22"
"ROA36C01","Estimated Time to Driving Test Invite at Month End","202505","2025 May","112","Clonmel, Co. Tipperary","Weeks","26"
"ROA36C01","Estimated Time to Driving Test Invite at Month End","202505","2025 May","113","Cork (Ballincollig), Co. Cork","Weeks",""
"ROA36C01","Estimated Time to Driving Test Invite at Month End","202505","2025 May","114","Cork (St. Finbarr's GAA Club Togher), Co. Cork","Weeks",""
"ROA36C01","Estimated Time to Driving Test Invite at Month End","202505","2025 May","115","Cork (Wilton), Co. Cork","Weeks","24"
"ROA36C01","Estimated Time to Driving Test Invite at Month End","202505","2025 May","116","Donegal, Co. Donegal","Weeks","13"
"ROA36C01","Estimated Time to Driving Test Invite at Month End","202505","2025 May","117","Drogheda, Co. Louth","Weeks",""
"ROA36C01","Estimated Time to Driving Test Invite at Month End","202505","2025 May","118","Dun Laoghaire / Deansgrange, Co. Dublin","Weeks","24"
"ROA36C01","Estimated Time to Driving Test Invite at Month End","202505","2025 May","119","Dundalk, Co. Louth","Weeks","18"
"ROA36C01","Estimated Time to Driving Test Invite at Month End","202505","2025 May","120","Dungarvan, Co. Waterford","Weeks","23"
"ROA36C01","Estimated Time to Driving Test Invite at Month End","202505","2025 May","121","Ennis, Co. Clare","Weeks","19"
"ROA36C01","Estimated Time to Driving Test Invite at Month End","202505","2025 May","122","Finglas, Co. Dublin","Weeks","26"
"ROA36C01","Estimated Time to Driving Test Invite at Month End","202505","2025 May","123","Galway (Carnmore), Co. Galway","Weeks","26"
"ROA36C01","Estimated Time to Driving Test Invite at Month End","202505","2025 May","124","Galway (Westside), Co. Galway","Weeks",""
"ROA36C01","Estimated Time to Driving Test Invite at Month End","202505","2025 May","125","Gorey, Co. Wexford","Weeks","18"
"ROA36C01","Estimated Time to Driving Test Invite at Month End","202505","2025 May","126","Kilkenny (Govt Buildings), Co. Kilkenny","Weeks","19"
"ROA36C01","Estimated Time to Driving Test Invite at Month End","202505","2025 May","127","Kilkenny (O'Loughlin Gaels), Co. Kilkenny","Weeks","18"
"ROA36C01","Estimated Time to Driving Test Invite at Month End","202505","2025 May","128","Killarney, Co. Kerry","Weeks","16"
"ROA36C01","Estimated Time to Driving Test Invite at Month End","202505","2025 May","129","Killester, Co. Dublin","Weeks","24"
"ROA36C01","Estimated Time to Driving Test Invite at Month End","202505","2025 May","130","Kilrush, Co. Clare","Weeks","21"
"ROA36C01","Estimated Time to Driving Test Invite at Month End","202505","2025 May","131","Letterkenny, Co. Donegal","Weeks","22"
"ROA36C01","Estimated Time to Driving Test Invite at Month End","202505","2025 May","132","Limerick - Castlemungret, Co. Limerick","Weeks","19"
"ROA36C01","Estimated Time to Driving Test Invite at Month End","202505","2025 May","133","Limerick - Woodview, Co. Limerick","Weeks","26"
"ROA36C01","Estimated Time to Driving Test Invite at Month End","202505","2025 May","134","Limerick (Roxboro), Co. Limerick","Weeks",""
"ROA36C01","Estimated Time to Driving Test Invite at Month End","202505","2025 May","135","Longford, Co. Longford","Weeks","28"
"ROA36C01","Estimated Time to Driving Test Invite at Month End","202505","2025 May","136","Loughrea, Co. Galway","Weeks","18"
"ROA36C01","Estimated Time to Driving Test Invite at Month End","202505","2025 May","137","Loughrea (Lough Rea Hotel & Spa), Co. Galway","Weeks",""
"ROA36C01","Estimated Time to Driving Test Invite at Month End","202505","2025 May","138","Mallow, Co. Cork","Weeks",""
"ROA36C01","Estimated Time to Driving Test Invite at Month End","202505","2025 May","139","Mallow (Cork Racecourse Mallow), Co. Cork","Weeks","27"
"ROA36C01","Estimated Time to Driving Test Invite at Month End","202505","2025 May","140","Monaghan, Co. Monaghan","Weeks","19"
"ROA36C01","Estimated Time to Driving Test Invite at Month End","202505","2025 May","141","Mulhuddart, Co. Dublin","Weeks","23"
"ROA36C01","Estimated Time to Driving Test Invite at Month End","202505","2025 May","142","Mulhuddart (Carlton Hotel), Co. Dublin","Weeks",""
"ROA36C01","Estimated Time to Driving Test Invite at Month End","202505","2025 May","143","Mulhuddart Maple House, Co. Dublin","Weeks","23"
"ROA36C01","Estimated Time to Driving Test Invite at Month End","202505","2025 May","144","Mullingar, Co. Westmeath","Weeks","21"
"ROA36C01","Estimated Time to Driving Test Invite at Month End","202505","2025 May","145","Naas, Co. Kildare","Weeks","22"
"ROA36C01","Estimated Time to Driving Test Invite at Month End","202505","2025 May","146","Navan, Co. Meath","Weeks","33"
"ROA36C01","Estimated Time to Driving Test Invite at Month End","202505","2025 May","147","Nenagh, Co. Tipperary","Weeks","16"
"ROA36C01","Estimated Time to Driving Test Invite at Month End","202505","2025 May","148","Newcastle West, Co. Limerick","Weeks","21"
"ROA36C01","Estimated Time to Driving Test Invite at Month End","202505","2025 May","149","Newcastle West (Longcourt House Hotel), Co. Limerick","Weeks","18"
"ROA36C01","Estimated Time to Driving Test Invite at Month End","202505","2025 May","150","Portlaoise, Co. Laois","Weeks",""
"ROA36C01","Estimated Time to Driving Test Invite at Month End","202505","2025 May","166","Portlaoise (Maldron Hotel), Co. Laois","Weeks","19"
"ROA36C01","Estimated Time to Driving Test Invite at Month End","202505","2025 May","151","Raheny, Co. Dublin","Weeks","25"
"ROA36C01","Estimated Time to Driving Test Invite at Month End","202505","2025 May","152","Roscommon, Co. Roscommon","Weeks","15"
"ROA36C01","Estimated Time to Driving Test Invite at Month End","202505","2025 May","153","Shannon, Co. Clare","Weeks","21"
"ROA36C01","Estimated Time to Driving Test Invite at Month End","202505","2025 May","154","Skibbereen, Co. Cork","Weeks","20"
"ROA36C01","Estimated Time to Driving Test Invite at Month End","202505","2025 May","155","Sligo, Co. Sligo","Weeks","20"
"ROA36C01","Estimated Time to Driving Test Invite at Month End","202505","2025 May","156","Tallaght, Co. Dublin","Weeks","37"
"ROA36C01","Estimated Time to Driving Test Invite at Month End","202505","2025 May","157","Thurles, Co. Tipperary","Weeks","23"
"ROA36C01","Estimated Time to Driving Test Invite at Month End","202505","2025 May","158","Tipperary, Co. Tipperary","Weeks","22"
"ROA36C01","Estimated Time to Driving Test Invite at Month End","202505","2025 May","159","Tralee, Co. Kerry","Weeks","16"
"ROA36C01","Estimated Time to Driving Test Invite at Month End","202505","2025 May","160","Tralee (HGV's), Co. Kerry","Weeks",""
"ROA36C01","Estimated Time to Driving Test Invite at Month End","202505","2025 May","161","Tuam, Co. Galway","Weeks","15"
"ROA36C01","Estimated Time to Driving Test Invite at Month End","202505","2025 May","162","Tullamore, Co. Offaly","Weeks","18"
"ROA36C01","Estimated Time to Driving Test Invite at Month End","202505","2025 May","163","Waterford, Co. Waterford","Weeks","19"
"ROA36C01","Estimated Time to Driving Test Invite at Month End","202505","2025 May","164","Wexford, Co. Wexford","Weeks","20"
"ROA36C01","Estimated Time to Driving Test Invite at Month End","202505","2025 May","165","Wicklow, Co. Wicklow","Weeks","26"
"ROA36C01","Estimated Time to Driving Test Invite at Month End","202505","2025 May","167","Galway (Clybaun Hotel), Co. Galway","Weeks","22"
"ROA36C01","Estimated Time to Driving Test Invite at Month End","202505","2025 May","168","Sandyford, Co. Dublin","Weeks",""
"ROA36C01","Estimated Time to Driving Test Invite at Month End","202505","2025 May","169","Drogheda – Southgate, Co. Louth","Weeks",""
"ROA36C01","Estimated Time to Driving Test Invite at Month End","202505","2025 May","170","Mitchelstown, Co. Cork","Weeks",""
"ROA36C01","Estimated Time to Driving Test Invite at Month End","202506","2025 June","-","All driving test centres","Weeks","16.8"
"ROA36C01","Estimated Time to Driving Test Invite at Month End","202506","2025 June","100","Athlone, Co. Westmeath","Weeks","11"
"ROA36C01","Estimated Time to Driving Test Invite at Month End","202506","2025 June","101","Ballina, Co. Mayo","Weeks","18"
"ROA36C01","Estimated Time to Driving Test Invite at Month End","202506","2025 June","102","Birr, Co. Offaly","Weeks","13"
"ROA36C01","Estimated Time to Driving Test Invite at Month End","202506","2025 June","103","Birr (County Arms Hotel), Co. Offaly","Weeks",""
"ROA36C01","Estimated Time to Driving Test Invite at Month End","202506","2025 June","104","Buncrana, Co. Donegal","Weeks","21"
"ROA36C01","Estimated Time to Driving Test Invite at Month End","202506","2025 June","105","Carlow, Co. Carlow","Weeks","11"
"ROA36C01","Estimated Time to Driving Test Invite at Month End","202506","2025 June","106","Carlow Talbot Hotel, Co. Carlow","Weeks","13"
"ROA36C01","Estimated Time to Driving Test Invite at Month End","202506","2025 June","107","Carrick On Shannon, Co. Leitrim","Weeks","10"
"ROA36C01","Estimated Time to Driving Test Invite at Month End","202506","2025 June","108","Castlebar, Co. Mayo","Weeks","14"
"ROA36C01","Estimated Time to Driving Test Invite at Month End","202506","2025 June","109","Cavan, Co. Cavan","Weeks","12"
"ROA36C01","Estimated Time to Driving Test Invite at Month End","202506","2025 June","110","Charlestown (Dublin), Co. Dublin","Weeks","17"
"ROA36C01","Estimated Time to Driving Test Invite at Month End","202506","2025 June","111","Clifden, Co. Galway","Weeks","18"
"ROA36C01","Estimated Time to Driving Test Invite at Month End","202506","2025 June","112","Clonmel, Co. Tipperary","Weeks","20"
"ROA36C01","Estimated Time to Driving Test Invite at Month End","202506","2025 June","113","Cork (Ballincollig), Co. Cork","Weeks",""
"ROA36C01","Estimated Time to Driving Test Invite at Month End","202506","2025 June","114","Cork (St. Finbarr's GAA Club Togher), Co. Cork","Weeks",""
"ROA36C01","Estimated Time to Driving Test Invite at Month End","202506","2025 June","115","Cork (Wilton), Co. Cork","Weeks","22"
"ROA36C01","Estimated Time to Driving Test Invite at Month End","202506","2025 June","116","Donegal, Co. Donegal","Weeks","12"
"ROA36C01","Estimated Time to Driving Test Invite at Month End","202506","2025 June","117","Drogheda, Co. Louth","Weeks",""
"ROA36C01","Estimated Time to Driving Test Invite at Month End","202506","2025 June","118","Dun Laoghaire / Deansgrange, Co. Dublin","Weeks","22"
"ROA36C01","Estimated Time to Driving Test Invite at Month End","202506","2025 June","119","Dundalk, Co. Louth","Weeks","14"
"ROA36C01","Estimated Time to Driving Test Invite at Month End","202506","2025 June","120","Dungarvan, Co. Waterford","Weeks","24"
"ROA36C01","Estimated Time to Driving Test Invite at Month End","202506","2025 June","121","Ennis, Co. Clare","Weeks","21"
"ROA36C01","Estimated Time to Driving Test Invite at Month End","202506","2025 June","122","Finglas, Co. Dublin","Weeks","15"
"ROA36C01","Estimated Time to Driving Test Invite at Month End","202506","2025 June","123","Galway (Carnmore), Co. Galway","Weeks","22"
"ROA36C01","Estimated Time to Driving Test Invite at Month End","202506","2025 June","124","Galway (Westside), Co. Galway","Weeks",""
"ROA36C01","Estimated Time to Driving Test Invite at Month End","202506","2025 June","125","Gorey, Co. Wexford","Weeks","14"
"ROA36C01","Estimated Time to Driving Test Invite at Month End","202506","2025 June","126","Kilkenny (Govt Buildings), Co. Kilkenny","Weeks","13"
"ROA36C01","Estimated Time to Driving Test Invite at Month End","202506","2025 June","127","Kilkenny (O'Loughlin Gaels), Co. Kilkenny","Weeks","15"
"ROA36C01","Estimated Time to Driving Test Invite at Month End","202506","2025 June","128","Killarney, Co. Kerry","Weeks","14"
"ROA36C01","Estimated Time to Driving Test Invite at Month End","202506","2025 June","129","Killester, Co. Dublin","Weeks","18"
"ROA36C01","Estimated Time to Driving Test Invite at Month End","202506","2025 June","130","Kilrush, Co. Clare","Weeks","14"
"ROA36C01","Estimated Time to Driving Test Invite at Month End","202506","2025 June","131","Letterkenny, Co. Donegal","Weeks","14"
"ROA36C01","Estimated Time to Driving Test Invite at Month End","202506","2025 June","132","Limerick - Castlemungret, Co. Limerick","Weeks","17"
"ROA36C01","Estimated Time to Driving Test Invite at Month End","202506","2025 June","133","Limerick - Woodview, Co. Limerick","Weeks","20"
"ROA36C01","Estimated Time to Driving Test Invite at Month End","202506","2025 June","134","Limerick (Roxboro), Co. Limerick","Weeks",""
"ROA36C01","Estimated Time to Driving Test Invite at Month End","202506","2025 June","135","Longford, Co. Longford","Weeks","20"
"ROA36C01","Estimated Time to Driving Test Invite at Month End","202506","2025 June","136","Loughrea, Co. Galway","Weeks","15"
"ROA36C01","Estimated Time to Driving Test Invite at Month End","202506","2025 June","137","Loughrea (Lough Rea Hotel & Spa), Co. Galway","Weeks",""
"ROA36C01","Estimated Time to Driving Test Invite at Month End","202506","2025 June","138","Mallow, Co. Cork","Weeks",""
"ROA36C01","Estimated Time to Driving Test Invite at Month End","202506","2025 June","139","Mallow (Cork Racecourse Mallow), Co. Cork","Weeks","22"
"ROA36C01","Estimated Time to Driving Test Invite at Month End","202506","2025 June","140","Monaghan, Co. Monaghan","Weeks","18"
"ROA36C01","Estimated Time to Driving Test Invite at Month End","202506","2025 June","141","Mulhuddart, Co. Dublin","Weeks","23"
"ROA36C01","Estimated Time to Driving Test Invite at Month End","202506","2025 June","142","Mulhuddart (Carlton Hotel), Co. Dublin","Weeks",""
"ROA36C01","Estimated Time to Driving Test Invite at Month End","202506","2025 June","143","Mulhuddart Maple House, Co. Dublin","Weeks","12"
"ROA36C01","Estimated Time to Driving Test Invite at Month End","202506","2025 June","144","Mullingar, Co. Westmeath","Weeks","15"
"ROA36C01","Estimated Time to Driving Test Invite at Month End","202506","2025 June","145","Naas, Co. Kildare","Weeks","18"
"ROA36C01","Estimated Time to Driving Test Invite at Month End","202506","2025 June","146","Navan, Co. Meath","Weeks","27"
"ROA36C01","Estimated Time to Driving Test Invite at Month End","202506","2025 June","147","Nenagh, Co. Tipperary","Weeks","15"
"ROA36C01","Estimated Time to Driving Test Invite at Month End","202506","2025 June","148","Newcastle West, Co. Limerick","Weeks","14"
"ROA36C01","Estimated Time to Driving Test Invite at Month End","202506","2025 June","149","Newcastle West (Longcourt House Hotel), Co. Limerick","Weeks","12"
"ROA36C01","Estimated Time to Driving Test Invite at Month End","202506","2025 June","150","Portlaoise, Co. Laois","Weeks",""
"ROA36C01","Estimated Time to Driving Test Invite at Month End","202506","2025 June","166","Portlaoise (Maldron Hotel), Co. Laois","Weeks","18"
"ROA36C01","Estimated Time to Driving Test Invite at Month End","202506","2025 June","151","Raheny, Co. Dublin","Weeks","23"
"ROA36C01","Estimated Time to Driving Test Invite at Month End","202506","2025 June","152","Roscommon, Co. Roscommon","Weeks","9"
"ROA36C01","Estimated Time to Driving Test Invite at Month End","202506","2025 June","153","Shannon, Co. Clare","Weeks","17"
"ROA36C01","Estimated Time to Driving Test Invite at Month End","202506","2025 June","154","Skibbereen, Co. Cork","Weeks","19"
"ROA36C01","Estimated Time to Driving Test Invite at Month End","202506","2025 June","155","Sligo, Co. Sligo","Weeks","12"
"ROA36C01","Estimated Time to Driving Test Invite at Month End","202506","2025 June","156","Tallaght, Co. Dublin","Weeks","34"
"ROA36C01","Estimated Time to Driving Test Invite at Month End","202506","2025 June","157","Thurles, Co. Tipperary","Weeks","21"
"ROA36C01","Estimated Time to Driving Test Invite at Month End","202506","2025 June","158","Tipperary, Co. Tipperary","Weeks","19"
"ROA36C01","Estimated Time to Driving Test Invite at Month End","202506","2025 June","159","Tralee, Co. Kerry","Weeks","13"
"ROA36C01","Estimated Time to Driving Test Invite at Month End","202506","2025 June","160","Tralee (HGV's), Co. Kerry","Weeks",""
"ROA36C01","Estimated Time to Driving Test Invite at Month End","202506","2025 June","161","Tuam, Co. Galway","Weeks","10"
"ROA36C01","Estimated Time to Driving Test Invite at Month End","202506","2025 June","162","Tullamore, Co. Offaly","Weeks","13"
"ROA36C01","Estimated Time to Driving Test Invite at Month End","202506","2025 June","163","Waterford, Co. Waterford","Weeks","18"
"ROA36C01","Estimated Time to Driving Test Invite at Month End","202506","2025 June","164","Wexford, Co. Wexford","Weeks","14"
"ROA36C01","Estimated Time to Driving Test Invite at Month End","202506","2025 June","165","Wicklow, Co. Wicklow","Weeks","18"
"ROA36C01","Estimated Time to Driving Test Invite at Month End","202506","2025 June","167","Galway (Clybaun Hotel), Co. Galway","Weeks","19"
"ROA36C01","Estimated Time to Driving Test Invite at Month End","202506","2025 June","168","Sandyford, Co. Dublin","Weeks",""
"ROA36C01","Estimated Time to Driving Test Invite at Month End","202506","2025 June","169","Drogheda – Southgate, Co. Louth","Weeks",""
"ROA36C01","Estimated Time to Driving Test Invite at Month End","202506","2025 June","170","Mitchelstown, Co. Cork","Weeks",""
"ROA36C01","Estimated Time to Driving Test Invite at Month End","202507","2025 July","-","All driving test centres","Weeks","14.4"
"ROA36C01","Estimated Time to Driving Test Invite at Month End","202507","2025 July","100","Athlone, Co. Westmeath","Weeks","12"
"ROA36C01","Estimated Time to Driving Test Invite at Month End","202507","2025 July","101","Ballina, Co. Mayo","Weeks","10"
"ROA36C01","Estimated Time to Driving Test Invite at Month End","202507","2025 July","102","Birr, Co. Offaly","Weeks","10"
"ROA36C01","Estimated Time to Driving Test Invite at Month End","202507","2025 July","103","Birr (County Arms Hotel), Co. Offaly","Weeks",""
"ROA36C01","Estimated Time to Driving Test Invite at Month End","202507","2025 July","104","Buncrana, Co. Donegal","Weeks","14"
"ROA36C01","Estimated Time to Driving Test Invite at Month End","202507","2025 July","105","Carlow, Co. Carlow","Weeks","10"
"ROA36C01","Estimated Time to Driving Test Invite at Month End","202507","2025 July","106","Carlow Talbot Hotel, Co. Carlow","Weeks","9"
"ROA36C01","Estimated Time to Driving Test Invite at Month End","202507","2025 July","107","Carrick On Shannon, Co. Leitrim","Weeks","10"
"ROA36C01","Estimated Time to Driving Test Invite at Month End","202507","2025 July","108","Castlebar, Co. Mayo","Weeks","9"
"ROA36C01","Estimated Time to Driving Test Invite at Month End","202507","2025 July","109","Cavan, Co. Cavan","Weeks","10"
"ROA36C01","Estimated Time to Driving Test Invite at Month End","202507","2025 July","110","Charlestown (Dublin), Co. Dublin","Weeks","16"
"ROA36C01","Estimated Time to Driving Test Invite at Month End","202507","2025 July","111","Clifden, Co. Galway","Weeks","20"
"ROA36C01","Estimated Time to Driving Test Invite at Month End","202507","2025 July","112","Clonmel, Co. Tipperary","Weeks","15"
"ROA36C01","Estimated Time to Driving Test Invite at Month End","202507","2025 July","113","Cork (Ballincollig), Co. Cork","Weeks",""
"ROA36C01","Estimated Time to Driving Test Invite at Month End","202507","2025 July","114","Cork (St. Finbarr's GAA Club Togher), Co. Cork","Weeks",""
"ROA36C01","Estimated Time to Driving Test Invite at Month End","202507","2025 July","115","Cork (Wilton), Co. Cork","Weeks","18"
"ROA36C01","Estimated Time to Driving Test Invite at Month End","202507","2025 July","116","Donegal, Co. Donegal","Weeks","14"
"ROA36C01","Estimated Time to Driving Test Invite at Month End","202507","2025 July","117","Drogheda, Co. Louth","Weeks",""
"ROA36C01","Estimated Time to Driving Test Invite at Month End","202507","2025 July","118","Dun Laoghaire / Deansgrange, Co. Dublin","Weeks","20"
"ROA36C01","Estimated Time to Driving Test Invite at Month End","202507","2025 July","119","Dundalk, Co. Louth","Weeks","11"
"ROA36C01","Estimated Time to Driving Test Invite at Month End","202507","2025 July","120","Dungarvan, Co. Waterford","Weeks","23"
"ROA36C01","Estimated Time to Driving Test Invite at Month End","202507","2025 July","121","Ennis, Co. Clare","Weeks","19"
"ROA36C01","Estimated Time to Driving Test Invite at Month End","202507","2025 July","122","Finglas, Co. Dublin","Weeks","14"
"ROA36C01","Estimated Time to Driving Test Invite at Month End","202507","2025 July","123","Galway (Carnmore), Co. Galway","Weeks","22"
"ROA36C01","Estimated Time to Driving Test Invite at Month End","202507","2025 July","124","Galway (Westside), Co. Galway","Weeks",""
"ROA36C01","Estimated Time to Driving Test Invite at Month End","202507","2025 July","125","Gorey, Co. Wexford","Weeks","10"
"ROA36C01","Estimated Time to Driving Test Invite at Month End","202507","2025 July","126","Kilkenny (Govt Buildings), Co. Kilkenny","Weeks","7"
"ROA36C01","Estimated Time to Driving Test Invite at Month End","202507","2025 July","127","Kilkenny (O'Loughlin Gaels), Co. Kilkenny","Weeks","14"
"ROA36C01","Estimated Time to Driving Test Invite at Month End","202507","2025 July","128","Killarney, Co. Kerry","Weeks","10"
"ROA36C01","Estimated Time to Driving Test Invite at Month End","202507","2025 July","129","Killester, Co. Dublin","Weeks","16"
"ROA36C01","Estimated Time to Driving Test Invite at Month End","202507","2025 July","130","Kilrush, Co. Clare","Weeks","10"
"ROA36C01","Estimated Time to Driving Test Invite at Month End","202507","2025 July","131","Letterkenny, Co. Donegal","Weeks","13"
"ROA36C01","Estimated Time to Driving Test Invite at Month End","202507","2025 July","132","Limerick - Castlemungret, Co. Limerick","Weeks","15"
"ROA36C01","Estimated Time to Driving Test Invite at Month End","202507","2025 July","133","Limerick - Woodview, Co. Limerick","Weeks","15"
"ROA36C01","Estimated Time to Driving Test Invite at Month End","202507","2025 July","134","Limerick (Roxboro), Co. Limerick","Weeks",""
"ROA36C01","Estimated Time to Driving Test Invite at Month End","202507","2025 July","135","Longford, Co. Longford","Weeks","19"
"ROA36C01","Estimated Time to Driving Test Invite at Month End","202507","2025 July","136","Loughrea, Co. Galway","Weeks","12"
"ROA36C01","Estimated Time to Driving Test Invite at Month End","202507","2025 July","137","Loughrea (Lough Rea Hotel & Spa), Co. Galway","Weeks",""
"ROA36C01","Estimated Time to Driving Test Invite at Month End","202507","2025 July","138","Mallow, Co. Cork","Weeks",""
"ROA36C01","Estimated Time to Driving Test Invite at Month End","202507","2025 July","139","Mallow (Cork Racecourse Mallow), Co. Cork","Weeks","22"
"ROA36C01","Estimated Time to Driving Test Invite at Month End","202507","2025 July","140","Monaghan, Co. Monaghan","Weeks","15"
"ROA36C01","Estimated Time to Driving Test Invite at Month End","202507","2025 July","141","Mulhuddart, Co. Dublin","Weeks","21"
"ROA36C01","Estimated Time to Driving Test Invite at Month End","202507","2025 July","142","Mulhuddart (Carlton Hotel), Co. Dublin","Weeks",""
"ROA36C01","Estimated Time to Driving Test Invite at Month End","202507","2025 July","143","Mulhuddart Maple House, Co. Dublin","Weeks","13"
"ROA36C01","Estimated Time to Driving Test Invite at Month End","202507","2025 July","144","Mullingar, Co. Westmeath","Weeks","14"
"ROA36C01","Estimated Time to Driving Test Invite at Month End","202507","2025 July","145","Naas, Co. Kildare","Weeks","14"
"ROA36C01","Estimated Time to Driving Test Invite at Month End","202507","2025 July","146","Navan, Co. Meath","Weeks","20"
"ROA36C01","Estimated Time to Driving Test Invite at Month End","202507","2025 July","147","Nenagh, Co. Tipperary","Weeks","11"
"ROA36C01","Estimated Time to Driving Test Invite at Month End","202507","2025 July","148","Newcastle West, Co. Limerick","Weeks","9"
"ROA36C01","Estimated Time to Driving Test Invite at Month End","202507","2025 July","149","Newcastle West (Longcourt House Hotel), Co. Limerick","Weeks","14"
"ROA36C01","Estimated Time to Driving Test Invite at Month End","202507","2025 July","150","Portlaoise, Co. Laois","Weeks",""
"ROA36C01","Estimated Time to Driving Test Invite at Month End","202507","2025 July","166","Portlaoise (Maldron Hotel), Co. Laois","Weeks","17"
"ROA36C01","Estimated Time to Driving Test Invite at Month End","202507","2025 July","151","Raheny, Co. Dublin","Weeks","18"
"ROA36C01","Estimated Time to Driving Test Invite at Month End","202507","2025 July","152","Roscommon, Co. Roscommon","Weeks","9"
"ROA36C01","Estimated Time to Driving Test Invite at Month End","202507","2025 July","153","Shannon, Co. Clare","Weeks","14"
"ROA36C01","Estimated Time to Driving Test Invite at Month End","202507","2025 July","154","Skibbereen, Co. Cork","Weeks","14"
"ROA36C01","Estimated Time to Driving Test Invite at Month End","202507","2025 July","155","Sligo, Co. Sligo","Weeks","7"
"ROA36C01","Estimated Time to Driving Test Invite at Month End","202507","2025 July","156","Tallaght, Co. Dublin","Weeks","30"
"ROA36C01","Estimated Time to Driving Test Invite at Month End","202507","2025 July","157","Thurles, Co. Tipperary","Weeks","23"
"ROA36C01","Estimated Time to Driving Test Invite at Month End","202507","2025 July","158","Tipperary, Co. Tipperary","Weeks","15"
"ROA36C01","Estimated Time to Driving Test Invite at Month End","202507","2025 July","159","Tralee, Co. Kerry","Weeks","14"
"ROA36C01","Estimated Time to Driving Test Invite at Month End","202507","2025 July","160","Tralee (HGV's), Co. Kerry","Weeks",""
"ROA36C01","Estimated Time to Driving Test Invite at Month End","202507","2025 July","161","Tuam, Co. Galway","Weeks","7"
"ROA36C01","Estimated Time to Driving Test Invite at Month End","202507","2025 July","162","Tullamore, Co. Offaly","Weeks","13"
"ROA36C01","Estimated Time to Driving Test Invite at Month End","202507","2025 July","163","Waterford, Co. Waterford","Weeks","16"
"ROA36C01","Estimated Time to Driving Test Invite at Month End","202507","2025 July","164","Wexford, Co. Wexford","Weeks","10"
"ROA36C01","Estimated Time to Driving Test Invite at Month End","202507","2025 July","165","Wicklow, Co. Wicklow","Weeks","14"
"ROA36C01","Estimated Time to Driving Test Invite at Month End","202507","2025 July","167","Galway (Clybaun Hotel), Co. Galway","Weeks","17"
"ROA36C01","Estimated Time to Driving Test Invite at Month End","202507","2025 July","168","Sandyford, Co. Dublin","Weeks",""
"ROA36C01","Estimated Time to Driving Test Invite at Month End","202507","2025 July","169","Drogheda – Southgate, Co. Louth","Weeks",""
"ROA36C01","Estimated Time to Driving Test Invite at Month End","202507","2025 July","170","Mitchelstown, Co. Cork","Weeks",""
"ROA36C01","Estimated Time to Driving Test Invite at Month End","202508","2025 August","-","All driving test centres","Weeks","10.2"
"ROA36C01","Estimated Time to Driving Test Invite at Month End","202508","2025 August","100","Athlone, Co. Westmeath","Weeks","6"
"ROA36C01","Estimated Time to Driving Test Invite at Month End","202508","2025 August","101","Ballina, Co. Mayo","Weeks","6"
"ROA36C01","Estimated Time to Driving Test Invite at Month End","202508","2025 August","102","Birr, Co. Offaly","Weeks","8"
"ROA36C01","Estimated Time to Driving Test Invite at Month End","202508","2025 August","103","Birr (County Arms Hotel), Co. Offaly","Weeks",""
"ROA36C01","Estimated Time to Driving Test Invite at Month End","202508","2025 August","104","Buncrana, Co. Donegal","Weeks","11"
"ROA36C01","Estimated Time to Driving Test Invite at Month End","202508","2025 August","105","Carlow, Co. Carlow","Weeks","10"
"ROA36C01","Estimated Time to Driving Test Invite at Month End","202508","2025 August","106","Carlow Talbot Hotel, Co. Carlow","Weeks","8"
"ROA36C01","Estimated Time to Driving Test Invite at Month End","202508","2025 August","107","Carrick On Shannon, Co. Leitrim","Weeks","9"
"ROA36C01","Estimated Time to Driving Test Invite at Month End","202508","2025 August","108","Castlebar, Co. Mayo","Weeks","9"
"ROA36C01","Estimated Time to Driving Test Invite at Month End","202508","2025 August","109","Cavan, Co. Cavan","Weeks","9"
"ROA36C01","Estimated Time to Driving Test Invite at Month End","202508","2025 August","110","Charlestown (Dublin), Co. Dublin","Weeks","18"
"ROA36C01","Estimated Time to Driving Test Invite at Month End","202508","2025 August","111","Clifden, Co. Galway","Weeks","14"
"ROA36C01","Estimated Time to Driving Test Invite at Month End","202508","2025 August","112","Clonmel, Co. Tipperary","Weeks","9"
"ROA36C01","Estimated Time to Driving Test Invite at Month End","202508","2025 August","113","Cork (Ballincollig), Co. Cork","Weeks",""
"ROA36C01","Estimated Time to Driving Test Invite at Month End","202508","2025 August","114","Cork (St. Finbarr's GAA Club Togher), Co. Cork","Weeks",""
"ROA36C01","Estimated Time to Driving Test Invite at Month End","202508","2025 August","115","Cork (Wilton), Co. Cork","Weeks","16"
"ROA36C01","Estimated Time to Driving Test Invite at Month End","202508","2025 August","116","Donegal, Co. Donegal","Weeks","9"
"ROA36C01","Estimated Time to Driving Test Invite at Month End","202508","2025 August","117","Drogheda, Co. Louth","Weeks",""
"ROA36C01","Estimated Time to Driving Test Invite at Month End","202508","2025 August","118","Dun Laoghaire / Deansgrange, Co. Dublin","Weeks","18"
"ROA36C01","Estimated Time to Driving Test Invite at Month End","202508","2025 August","119","Dundalk, Co. Louth","Weeks","8"
"ROA36C01","Estimated Time to Driving Test Invite at Month End","202508","2025 August","120","Dungarvan, Co. Waterford","Weeks","12"
"ROA36C01","Estimated Time to Driving Test Invite at Month End","202508","2025 August","121","Ennis, Co. Clare","Weeks","11"
"ROA36C01","Estimated Time to Driving Test Invite at Month End","202508","2025 August","122","Finglas, Co. Dublin","Weeks","6"
"ROA36C01","Estimated Time to Driving Test Invite at Month End","202508","2025 August","123","Galway (Carnmore), Co. Galway","Weeks","12"
"ROA36C01","Estimated Time to Driving Test Invite at Month End","202508","2025 August","124","Galway (Westside), Co. Galway","Weeks",""
"ROA36C01","Estimated Time to Driving Test Invite at Month End","202508","2025 August","125","Gorey, Co. Wexford","Weeks","8"
"ROA36C01","Estimated Time to Driving Test Invite at Month End","202508","2025 August","126","Kilkenny (Govt Buildings), Co. Kilkenny","Weeks","8"
"ROA36C01","Estimated Time to Driving Test Invite at Month End","202508","2025 August","127","Kilkenny (O'Loughlin Gaels), Co. Kilkenny","Weeks","7"
"ROA36C01","Estimated Time to Driving Test Invite at Month End","202508","2025 August","128","Killarney, Co. Kerry","Weeks","8"
"ROA36C01","Estimated Time to Driving Test Invite at Month End","202508","2025 August","129","Killester, Co. Dublin","Weeks","8"
"ROA36C01","Estimated Time to Driving Test Invite at Month End","202508","2025 August","130","Kilrush, Co. Clare","Weeks","16"
"ROA36C01","Estimated Time to Driving Test Invite at Month End","202508","2025 August","131","Letterkenny, Co. Donegal","Weeks","6"
"ROA36C01","Estimated Time to Driving Test Invite at Month End","202508","2025 August","132","Limerick - Castlemungret, Co. Limerick","Weeks","11"
"ROA36C01","Estimated Time to Driving Test Invite at Month End","202508","2025 August","133","Limerick - Woodview, Co. Limerick","Weeks","11"
"ROA36C01","Estimated Time to Driving Test Invite at Month End","202508","2025 August","134","Limerick (Roxboro), Co. Limerick","Weeks",""
"ROA36C01","Estimated Time to Driving Test Invite at Month End","202508","2025 August","135","Longford, Co. Longford","Weeks","10"
"ROA36C01","Estimated Time to Driving Test Invite at Month End","202508","2025 August","136","Loughrea, Co. Galway","Weeks","8"
"ROA36C01","Estimated Time to Driving Test Invite at Month End","202508","2025 August","137","Loughrea (Lough Rea Hotel & Spa), Co. Galway","Weeks",""
"ROA36C01","Estimated Time to Driving Test Invite at Month End","202508","2025 August","138","Mallow, Co. Cork","Weeks",""
"ROA36C01","Estimated Time to Driving Test Invite at Month End","202508","2025 August","139","Mallow (Cork Racecourse Mallow), Co. Cork","Weeks","15"
"ROA36C01","Estimated Time to Driving Test Invite at Month End","202508","2025 August","140","Monaghan, Co. Monaghan","Weeks","11"
"ROA36C01","Estimated Time to Driving Test Invite at Month End","202508","2025 August","141","Mulhuddart, Co. Dublin","Weeks","19"
"ROA36C01","Estimated Time to Driving Test Invite at Month End","202508","2025 August","142","Mulhuddart (Carlton Hotel), Co. Dublin","Weeks",""
"ROA36C01","Estimated Time to Driving Test Invite at Month End","202508","2025 August","143","Mulhuddart Maple House, Co. Dublin","Weeks","5"
"ROA36C01","Estimated Time to Driving Test Invite at Month End","202508","2025 August","144","Mullingar, Co. Westmeath","Weeks","13"
"ROA36C01","Estimated Time to Driving Test Invite at Month End","202508","2025 August","145","Naas, Co. Kildare","Weeks","7"
"ROA36C01","Estimated Time to Driving Test Invite at Month End","202508","2025 August","146","Navan, Co. Meath","Weeks","10"
"ROA36C01","Estimated Time to Driving Test Invite at Month End","202508","2025 August","147","Nenagh, Co. Tipperary","Weeks","10"
"ROA36C01","Estimated Time to Driving Test Invite at Month End","202508","2025 August","148","Newcastle West, Co. Limerick","Weeks","12"
"ROA36C01","Estimated Time to Driving Test Invite at Month End","202508","2025 August","149","Newcastle West (Longcourt House Hotel), Co. Limerick","Weeks","10"
"ROA36C01","Estimated Time to Driving Test Invite at Month End","202508","2025 August","150","Portlaoise, Co. Laois","Weeks",""
"ROA36C01","Estimated Time to Driving Test Invite at Month End","202508","2025 August","166","Portlaoise (Maldron Hotel), Co. Laois","Weeks","15"
"ROA36C01","Estimated Time to Driving Test Invite at Month End","202508","2025 August","151","Raheny, Co. Dublin","Weeks","11"
"ROA36C01","Estimated Time to Driving Test Invite at Month End","202508","2025 August","152","Roscommon, Co. Roscommon","Weeks","8"
"ROA36C01","Estimated Time to Driving Test Invite at Month End","202508","2025 August","153","Shannon, Co. Clare","Weeks","13"
"ROA36C01","Estimated Time to Driving Test Invite at Month End","202508","2025 August","154","Skibbereen, Co. Cork","Weeks","9"
"ROA36C01","Estimated Time to Driving Test Invite at Month End","202508","2025 August","155","Sligo, Co. Sligo","Weeks","8"
"ROA36C01","Estimated Time to Driving Test Invite at Month End","202508","2025 August","156","Tallaght, Co. Dublin","Weeks","16"
"ROA36C01","Estimated Time to Driving Test Invite at Month End","202508","2025 August","157","Thurles, Co. Tipperary","Weeks","7"
"ROA36C01","Estimated Time to Driving Test Invite at Month End","202508","2025 August","158","Tipperary, Co. Tipperary","Weeks","8"
"ROA36C01","Estimated Time to Driving Test Invite at Month End","202508","2025 August","159","Tralee, Co. Kerry","Weeks","8"
"ROA36C01","Estimated Time to Driving Test Invite at Month End","202508","2025 August","160","Tralee (HGV's), Co. Kerry","Weeks",""
"ROA36C01","Estimated Time to Driving Test Invite at Month End","202508","2025 August","161","Tuam, Co. Galway","Weeks","7"
"ROA36C01","Estimated Time to Driving Test Invite at Month End","202508","2025 August","162","Tullamore, Co. Offaly","Weeks","12"
"ROA36C01","Estimated Time to Driving Test Invite at Month End","202508","2025 August","163","Waterford, Co. Waterford","Weeks","10"
"ROA36C01","Estimated Time to Driving Test Invite at Month End","202508","2025 August","164","Wexford, Co. Wexford","Weeks","10"
"ROA36C01","Estimated Time to Driving Test Invite at Month End","202508","2025 August","165","Wicklow, Co. Wicklow","Weeks","10"
"ROA36C01","Estimated Time to Driving Test Invite at Month End","202508","2025 August","167","Galway (Clybaun Hotel), Co. Galway","Weeks","8"
"ROA36C01","Estimated Time to Driving Test Invite at Month End","202508","2025 August","168","Sandyford, Co. Dublin","Weeks",""
"ROA36C01","Estimated Time to Driving Test Invite at Month End","202508","2025 August","169","Drogheda – Southgate, Co. Louth","Weeks",""
"ROA36C01","Estimated Time to Driving Test Invite at Month End","202508","2025 August","170","Mitchelstown, Co. Cork","Weeks",""
"ROA36C01","Estimated Time to Driving Test Invite at Month End","202509","2025 September","-","All driving test centres","Weeks","9.8"
"ROA36C01","Estimated Time to Driving Test Invite at Month End","202509","2025 September","100","Athlone, Co. Westmeath","Weeks","11"
"ROA36C01","Estimated Time to Driving Test Invite at Month End","202509","2025 September","101","Ballina, Co. Mayo","Weeks","11"
"ROA36C01","Estimated Time to Driving Test Invite at Month End","202509","2025 September","102","Birr, Co. Offaly","Weeks","4"
"ROA36C01","Estimated Time to Driving Test Invite at Month End","202509","2025 September","103","Birr (County Arms Hotel), Co. Offaly","Weeks",""
"ROA36C01","Estimated Time to Driving Test Invite at Month End","202509","2025 September","104","Buncrana, Co. Donegal","Weeks","11"
"ROA36C01","Estimated Time to Driving Test Invite at Month End","202509","2025 September","105","Carlow, Co. Carlow","Weeks","8"
"ROA36C01","Estimated Time to Driving Test Invite at Month End","202509","2025 September","106","Carlow Talbot Hotel, Co. Carlow","Weeks","6"
"ROA36C01","Estimated Time to Driving Test Invite at Month End","202509","2025 September","107","Carrick On Shannon, Co. Leitrim","Weeks","10"
"ROA36C01","Estimated Time to Driving Test Invite at Month End","202509","2025 September","108","Castlebar, Co. Mayo","Weeks","11"
"ROA36C01","Estimated Time to Driving Test Invite at Month End","202509","2025 September","109","Cavan, Co. Cavan","Weeks","8"
"ROA36C01","Estimated Time to Driving Test Invite at Month End","202509","2025 September","110","Charlestown (Dublin), Co. Dublin","Weeks","13"
"ROA36C01","Estimated Time to Driving Test Invite at Month End","202509","2025 September","111","Clifden, Co. Galway","Weeks","18"
"ROA36C01","Estimated Time to Driving Test Invite at Month End","202509","2025 September","112","Clonmel, Co. Tipperary","Weeks","8"
"ROA36C01","Estimated Time to Driving Test Invite at Month End","202509","2025 September","113","Cork (Ballincollig), Co. Cork","Weeks",""
"ROA36C01","Estimated Time to Driving Test Invite at Month End","202509","2025 September","114","Cork (St. Finbarr's GAA Club Togher), Co. Cork","Weeks",""
"ROA36C01","Estimated Time to Driving Test Invite at Month End","202509","2025 September","115","Cork (Wilton), Co. Cork","Weeks","15"
"ROA36C01","Estimated Time to Driving Test Invite at Month End","202509","2025 September","116","Donegal, Co. Donegal","Weeks","11"
"ROA36C01","Estimated Time to Driving Test Invite at Month End","202509","2025 September","117","Drogheda, Co. Louth","Weeks",""
"ROA36C01","Estimated Time to Driving Test Invite at Month End","202509","2025 September","118","Dun Laoghaire / Deansgrange, Co. Dublin","Weeks","19"
"ROA36C01","Estimated Time to Driving Test Invite at Month End","202509","2025 September","119","Dundalk, Co. Louth","Weeks","7"
"ROA36C01","Estimated Time to Driving Test Invite at Month End","202509","2025 September","120","Dungarvan, Co. Waterford","Weeks","12"
"ROA36C01","Estimated Time to Driving Test Invite at Month End","202509","2025 September","121","Ennis, Co. Clare","Weeks","12"
"ROA36C01","Estimated Time to Driving Test Invite at Month End","202509","2025 September","122","Finglas, Co. Dublin","Weeks","8"
"ROA36C01","Estimated Time to Driving Test Invite at Month End","202509","2025 September","123","Galway (Carnmore), Co. Galway","Weeks","12"
"ROA36C01","Estimated Time to Driving Test Invite at Month End","202509","2025 September","124","Galway (Westside), Co. Galway","Weeks",""
"ROA36C01","Estimated Time to Driving Test Invite at Month End","202509","2025 September","125","Gorey, Co. Wexford","Weeks","6"
"ROA36C01","Estimated Time to Driving Test Invite at Month End","202509","2025 September","126","Kilkenny (Govt Buildings), Co. Kilkenny","Weeks","6"
"ROA36C01","Estimated Time to Driving Test Invite at Month End","202509","2025 September","127","Kilkenny (O'Loughlin Gaels), Co. Kilkenny","Weeks","8"
"ROA36C01","Estimated Time to Driving Test Invite at Month End","202509","2025 September","128","Killarney, Co. Kerry","Weeks","8"
"ROA36C01","Estimated Time to Driving Test Invite at Month End","202509","2025 September","129","Killester, Co. Dublin","Weeks","11"
"ROA36C01","Estimated Time to Driving Test Invite at Month End","202509","2025 September","130","Kilrush, Co. Clare","Weeks","11"
"ROA36C01","Estimated Time to Driving Test Invite at Month End","202509","2025 September","131","Letterkenny, Co. Donegal","Weeks","4"
"ROA36C01","Estimated Time to Driving Test Invite at Month End","202509","2025 September","132","Limerick - Castlemungret, Co. Limerick","Weeks","12"
"ROA36C01","Estimated Time to Driving Test Invite at Month End","202509","2025 September","133","Limerick - Woodview, Co. Limerick","Weeks","12"
"ROA36C01","Estimated Time to Driving Test Invite at Month End","202509","2025 September","134","Limerick (Roxboro), Co. Limerick","Weeks",""
"ROA36C01","Estimated Time to Driving Test Invite at Month End","202509","2025 September","135","Longford, Co. Longford","Weeks","10"
"ROA36C01","Estimated Time to Driving Test Invite at Month End","202509","2025 September","136","Loughrea, Co. Galway","Weeks","5"
"ROA36C01","Estimated Time to Driving Test Invite at Month End","202509","2025 September","137","Loughrea (Lough Rea Hotel & Spa), Co. Galway","Weeks",""
"ROA36C01","Estimated Time to Driving Test Invite at Month End","202509","2025 September","138","Mallow, Co. Cork","Weeks",""
"ROA36C01","Estimated Time to Driving Test Invite at Month End","202509","2025 September","139","Mallow (Cork Racecourse Mallow), Co. Cork","Weeks","14"
"ROA36C01","Estimated Time to Driving Test Invite at Month End","202509","2025 September","140","Monaghan, Co. Monaghan","Weeks","7"
"ROA36C01","Estimated Time to Driving Test Invite at Month End","202509","2025 September","141","Mulhuddart, Co. Dublin","Weeks","17"
"ROA36C01","Estimated Time to Driving Test Invite at Month End","202509","2025 September","142","Mulhuddart (Carlton Hotel), Co. Dublin","Weeks",""
"ROA36C01","Estimated Time to Driving Test Invite at Month End","202509","2025 September","143","Mulhuddart Maple House, Co. Dublin","Weeks","10"
"ROA36C01","Estimated Time to Driving Test Invite at Month End","202509","2025 September","144","Mullingar, Co. Westmeath","Weeks","13"
"ROA36C01","Estimated Time to Driving Test Invite at Month End","202509","2025 September","145","Naas, Co. Kildare","Weeks","5"
"ROA36C01","Estimated Time to Driving Test Invite at Month End","202509","2025 September","146","Navan, Co. Meath","Weeks","8"
"ROA36C01","Estimated Time to Driving Test Invite at Month End","202509","2025 September","147","Nenagh, Co. Tipperary","Weeks","11"
"ROA36C01","Estimated Time to Driving Test Invite at Month End","202509","2025 September","148","Newcastle West, Co. Limerick","Weeks","12"
"ROA36C01","Estimated Time to Driving Test Invite at Month End","202509","2025 September","149","Newcastle West (Longcourt House Hotel), Co. Limerick","Weeks","11"
"ROA36C01","Estimated Time to Driving Test Invite at Month End","202509","2025 September","150","Portlaoise, Co. Laois","Weeks",""
"ROA36C01","Estimated Time to Driving Test Invite at Month End","202509","2025 September","166","Portlaoise (Maldron Hotel), Co. Laois","Weeks","13"
"ROA36C01","Estimated Time to Driving Test Invite at Month End","202509","2025 September","151","Raheny, Co. Dublin","Weeks","13"
"ROA36C01","Estimated Time to Driving Test Invite at Month End","202509","2025 September","152","Roscommon, Co. Roscommon","Weeks","5"
"ROA36C01","Estimated Time to Driving Test Invite at Month End","202509","2025 September","153","Shannon, Co. Clare","Weeks","12"
"ROA36C01","Estimated Time to Driving Test Invite at Month End","202509","2025 September","154","Skibbereen, Co. Cork","Weeks","10"
"ROA36C01","Estimated Time to Driving Test Invite at Month End","202509","2025 September","155","Sligo, Co. Sligo","Weeks","6"
"ROA36C01","Estimated Time to Driving Test Invite at Month End","202509","2025 September","156","Tallaght, Co. Dublin","Weeks","15"
"ROA36C01","Estimated Time to Driving Test Invite at Month End","202509","2025 September","157","Thurles, Co. Tipperary","Weeks","6"
"ROA36C01","Estimated Time to Driving Test Invite at Month End","202509","2025 September","158","Tipperary, Co. Tipperary","Weeks","5"
"ROA36C01","Estimated Time to Driving Test Invite at Month End","202509","2025 September","159","Tralee, Co. Kerry","Weeks","8"
"ROA36C01","Estimated Time to Driving Test Invite at Month End","202509","2025 September","160","Tralee (HGV's), Co. Kerry","Weeks",""
"ROA36C01","Estimated Time to Driving Test Invite at Month End","202509","2025 September","161","Tuam, Co. Galway","Weeks","6"
"ROA36C01","Estimated Time to Driving Test Invite at Month End","202509","2025 September","162","Tullamore, Co. Offaly","Weeks","8"
"ROA36C01","Estimated Time to Driving Test Invite at Month End","202509","2025 September","163","Waterford, Co. Waterford","Weeks","10"
"ROA36C01","Estimated Time to Driving Test Invite at Month End","202509","2025 September","164","Wexford, Co. Wexford","Weeks","12"
"ROA36C01","Estimated Time to Driving Test Invite at Month End","202509","2025 September","165","Wicklow, Co. Wicklow","Weeks","8"
"ROA36C01","Estimated Time to Driving Test Invite at Month End","202509","2025 September","167","Galway (Clybaun Hotel), Co. Galway","Weeks","8"
"ROA36C01","Estimated Time to Driving Test Invite at Month End","202509","2025 September","168","Sandyford, Co. Dublin","Weeks",""
"ROA36C01","Estimated Time to Driving Test Invite at Month End","202509","2025 September","169","Drogheda – Southgate, Co. Louth","Weeks",""
"ROA36C01","Estimated Time to Driving Test Invite at Month End","202509","2025 September","170","Mitchelstown, Co. Cork","Weeks",""
"ROA36C01","Estimated Time to Driving Test Invite at Month End","202510","2025 October","-","All driving test centres","Weeks","11.5"
"ROA36C01","Estimated Time to Driving Test Invite at Month End","202510","2025 October","100","Athlone, Co. Westmeath","Weeks","9"
"ROA36C01","Estimated Time to Driving Test Invite at Month End","202510","2025 October","101","Ballina, Co. Mayo","Weeks","12"
"ROA36C01","Estimated Time to Driving Test Invite at Month End","202510","2025 October","102","Birr, Co. Offaly","Weeks","13"
"ROA36C01","Estimated Time to Driving Test Invite at Month End","202510","2025 October","103","Birr (County Arms Hotel), Co. Offaly","Weeks",""
"ROA36C01","Estimated Time to Driving Test Invite at Month End","202510","2025 October","104","Buncrana, Co. Donegal","Weeks","9"
"ROA36C01","Estimated Time to Driving Test Invite at Month End","202510","2025 October","105","Carlow, Co. Carlow","Weeks","10"
"ROA36C01","Estimated Time to Driving Test Invite at Month End","202510","2025 October","106","Carlow Talbot Hotel, Co. Carlow","Weeks","12"
"ROA36C01","Estimated Time to Driving Test Invite at Month End","202510","2025 October","107","Carrick On Shannon, Co. Leitrim","Weeks","12"
"ROA36C01","Estimated Time to Driving Test Invite at Month End","202510","2025 October","108","Castlebar, Co. Mayo","Weeks","11"
"ROA36C01","Estimated Time to Driving Test Invite at Month End","202510","2025 October","109","Cavan, Co. Cavan","Weeks","12"
"ROA36C01","Estimated Time to Driving Test Invite at Month End","202510","2025 October","110","Charlestown (Dublin), Co. Dublin","Weeks",""
"ROA36C01","Estimated Time to Driving Test Invite at Month End","202510","2025 October","111","Clifden, Co. Galway","Weeks","7"
"ROA36C01","Estimated Time to Driving Test Invite at Month End","202510","2025 October","112","Clonmel, Co. Tipperary","Weeks","10"
"ROA36C01","Estimated Time to Driving Test Invite at Month End","202510","2025 October","113","Cork (Ballincollig), Co. Cork","Weeks",""
"ROA36C01","Estimated Time to Driving Test Invite at Month End","202510","2025 October","114","Cork (St. Finbarr's GAA Club Togher), Co. Cork","Weeks",""
"ROA36C01","Estimated Time to Driving Test Invite at Month End","202510","2025 October","115","Cork (Wilton), Co. Cork","Weeks","15"
"ROA36C01","Estimated Time to Driving Test Invite at Month End","202510","2025 October","116","Donegal, Co. Donegal","Weeks","12"
"ROA36C01","Estimated Time to Driving Test Invite at Month End","202510","2025 October","117","Drogheda, Co. Louth","Weeks",""
"ROA36C01","Estimated Time to Driving Test Invite at Month End","202510","2025 October","118","Dun Laoghaire / Deansgrange, Co. Dublin","Weeks","19"
"ROA36C01","Estimated Time to Driving Test Invite at Month End","202510","2025 October","119","Dundalk, Co. Louth","Weeks","9"
"ROA36C01","Estimated Time to Driving Test Invite at Month End","202510","2025 October","120","Dungarvan, Co. Waterford","Weeks","13"
"ROA36C01","Estimated Time to Driving Test Invite at Month End","202510","2025 October","121","Ennis, Co. Clare","Weeks","11"
"ROA36C01","Estimated Time to Driving Test Invite at Month End","202510","2025 October","122","Finglas, Co. Dublin","Weeks","11"
"ROA36C01","Estimated Time to Driving Test Invite at Month End","202510","2025 October","123","Galway (Carnmore), Co. Galway","Weeks","12"
"ROA36C01","Estimated Time to Driving Test Invite at Month End","202510","2025 October","124","Galway (Westside), Co. Galway","Weeks",""
"ROA36C01","Estimated Time to Driving Test Invite at Month End","202510","2025 October","125","Gorey, Co. Wexford","Weeks","11"
"ROA36C01","Estimated Time to Driving Test Invite at Month End","202510","2025 October","126","Kilkenny (Govt Buildings), Co. Kilkenny","Weeks","9"
"ROA36C01","Estimated Time to Driving Test Invite at Month End","202510","2025 October","127","Kilkenny (O'Loughlin Gaels), Co. Kilkenny","Weeks","11"
"ROA36C01","Estimated Time to Driving Test Invite at Month End","202510","2025 October","128","Killarney, Co. Kerry","Weeks","12"
"ROA36C01","Estimated Time to Driving Test Invite at Month End","202510","2025 October","129","Killester, Co. Dublin","Weeks","12"
"ROA36C01","Estimated Time to Driving Test Invite at Month End","202510","2025 October","130","Kilrush, Co. Clare","Weeks","10"
"ROA36C01","Estimated Time to Driving Test Invite at Month End","202510","2025 October","131","Letterkenny, Co. Donegal","Weeks","12"
"ROA36C01","Estimated Time to Driving Test Invite at Month End","202510","2025 October","132","Limerick - Castlemungret, Co. Limerick","Weeks","15"
"ROA36C01","Estimated Time to Driving Test Invite at Month End","202510","2025 October","133","Limerick - Woodview, Co. Limerick","Weeks","14"
"ROA36C01","Estimated Time to Driving Test Invite at Month End","202510","2025 October","134","Limerick (Roxboro), Co. Limerick","Weeks",""
"ROA36C01","Estimated Time to Driving Test Invite at Month End","202510","2025 October","135","Longford, Co. Longford","Weeks","13"
"ROA36C01","Estimated Time to Driving Test Invite at Month End","202510","2025 October","136","Loughrea, Co. Galway","Weeks","8"
"ROA36C01","Estimated Time to Driving Test Invite at Month End","202510","2025 October","137","Loughrea (Lough Rea Hotel & Spa), Co. Galway","Weeks",""
"ROA36C01","Estimated Time to Driving Test Invite at Month End","202510","2025 October","138","Mallow, Co. Cork","Weeks",""
"ROA36C01","Estimated Time to Driving Test Invite at Month End","202510","2025 October","139","Mallow (Cork Racecourse Mallow), Co. Cork","Weeks","13"
"ROA36C01","Estimated Time to Driving Test Invite at Month End","202510","2025 October","140","Monaghan, Co. Monaghan","Weeks","9"
"ROA36C01","Estimated Time to Driving Test Invite at Month End","202510","2025 October","141","Mulhuddart, Co. Dublin","Weeks","20"
"ROA36C01","Estimated Time to Driving Test Invite at Month End","202510","2025 October","142","Mulhuddart (Carlton Hotel), Co. Dublin","Weeks",""
"ROA36C01","Estimated Time to Driving Test Invite at Month End","202510","2025 October","143","Mulhuddart Maple House, Co. Dublin","Weeks","12"
"ROA36C01","Estimated Time to Driving Test Invite at Month End","202510","2025 October","144","Mullingar, Co. Westmeath","Weeks","15"
"ROA36C01","Estimated Time to Driving Test Invite at Month End","202510","2025 October","145","Naas, Co. Kildare","Weeks","6"
"ROA36C01","Estimated Time to Driving Test Invite at Month End","202510","2025 October","146","Navan, Co. Meath","Weeks","7"
"ROA36C01","Estimated Time to Driving Test Invite at Month End","202510","2025 October","147","Nenagh, Co. Tipperary","Weeks","11"
"ROA36C01","Estimated Time to Driving Test Invite at Month End","202510","2025 October","148","Newcastle West, Co. Limerick","Weeks","7"
"ROA36C01","Estimated Time to Driving Test Invite at Month End","202510","2025 October","149","Newcastle West (Longcourt House Hotel), Co. Limerick","Weeks","14"
"ROA36C01","Estimated Time to Driving Test Invite at Month End","202510","2025 October","150","Portlaoise, Co. Laois","Weeks",""
"ROA36C01","Estimated Time to Driving Test Invite at Month End","202510","2025 October","166","Portlaoise (Maldron Hotel), Co. Laois","Weeks","14"
"ROA36C01","Estimated Time to Driving Test Invite at Month End","202510","2025 October","151","Raheny, Co. Dublin","Weeks","17"
"ROA36C01","Estimated Time to Driving Test Invite at Month End","202510","2025 October","152","Roscommon, Co. Roscommon","Weeks","11"
"ROA36C01","Estimated Time to Driving Test Invite at Month End","202510","2025 October","153","Shannon, Co. Clare","Weeks","13"
"ROA36C01","Estimated Time to Driving Test Invite at Month End","202510","2025 October","154","Skibbereen, Co. Cork","Weeks","11"
"ROA36C01","Estimated Time to Driving Test Invite at Month End","202510","2025 October","155","Sligo, Co. Sligo","Weeks","9"
"ROA36C01","Estimated Time to Driving Test Invite at Month End","202510","2025 October","156","Tallaght, Co. Dublin","Weeks","15"
"ROA36C01","Estimated Time to Driving Test Invite at Month End","202510","2025 October","157","Thurles, Co. Tipperary","Weeks","10"
"ROA36C01","Estimated Time to Driving Test Invite at Month End","202510","2025 October","158","Tipperary, Co. Tipperary","Weeks","11"
"ROA36C01","Estimated Time to Driving Test Invite at Month End","202510","2025 October","159","Tralee, Co. Kerry","Weeks","11"
"ROA36C01","Estimated Time to Driving Test Invite at Month End","202510","2025 October","160","Tralee (HGV's), Co. Kerry","Weeks",""
"ROA36C01","Estimated Time to Driving Test Invite at Month End","202510","2025 October","161","Tuam, Co. Galway","Weeks","9"
"ROA36C01","Estimated Time to Driving Test Invite at Month End","202510","2025 October","162","Tullamore, Co. Offaly","Weeks","12"
"ROA36C01","Estimated Time to Driving Test Invite at Month End","202510","2025 October","163","Waterford, Co. Waterford","Weeks","13"
"ROA36C01","Estimated Time to Driving Test Invite at Month End","202510","2025 October","164","Wexford, Co. Wexford","Weeks","9"
"ROA36C01","Estimated Time to Driving Test Invite at Month End","202510","2025 October","165","Wicklow, Co. Wicklow","Weeks","11"
"ROA36C01","Estimated Time to Driving Test Invite at Month End","202510","2025 October","167","Galway (Clybaun Hotel), Co. Galway","Weeks","7"
"ROA36C01","Estimated Time to Driving Test Invite at Month End","202510","2025 October","168","Sandyford, Co. Dublin","Weeks",""
"ROA36C01","Estimated Time to Driving Test Invite at Month End","202510","2025 October","169","Drogheda – Southgate, Co. Louth","Weeks",""
"ROA36C01","Estimated Time to Driving Test Invite at Month End","202510","2025 October","170","Mitchelstown, Co. Cork","Weeks",""
"ROA36C01","Estimated Time to Driving Test Invite at Month End","202511","2025 November","-","All driving test centres","Weeks","11.4"
"ROA36C01","Estimated Time to Driving Test Invite at Month End","202511","2025 November","100","Athlone, Co. Westmeath","Weeks","11"
"ROA36C01","Estimated Time to Driving Test Invite at Month End","202511","2025 November","101","Ballina, Co. Mayo","Weeks","9"
"ROA36C01","Estimated Time to Driving Test Invite at Month End","202511","2025 November","102","Birr, Co. Offaly","Weeks","12"
"ROA36C01","Estimated Time to Driving Test Invite at Month End","202511","2025 November","103","Birr (County Arms Hotel), Co. Offaly","Weeks",""
"ROA36C01","Estimated Time to Driving Test Invite at Month End","202511","2025 November","104","Buncrana, Co. Donegal","Weeks","9"
"ROA36C01","Estimated Time to Driving Test Invite at Month End","202511","2025 November","105","Carlow, Co. Carlow","Weeks","10"
"ROA36C01","Estimated Time to Driving Test Invite at Month End","202511","2025 November","106","Carlow Talbot Hotel, Co. Carlow","Weeks","13"
"ROA36C01","Estimated Time to Driving Test Invite at Month End","202511","2025 November","107","Carrick On Shannon, Co. Leitrim","Weeks","11"
"ROA36C01","Estimated Time to Driving Test Invite at Month End","202511","2025 November","108","Castlebar, Co. Mayo","Weeks","11"
"ROA36C01","Estimated Time to Driving Test Invite at Month End","202511","2025 November","109","Cavan, Co. Cavan","Weeks","10"
"ROA36C01","Estimated Time to Driving Test Invite at Month End","202511","2025 November","110","Charlestown (Dublin), Co. Dublin","Weeks",""
"ROA36C01","Estimated Time to Driving Test Invite at Month End","202511","2025 November","111","Clifden, Co. Galway","Weeks","15"
"ROA36C01","Estimated Time to Driving Test Invite at Month End","202511","2025 November","112","Clonmel, Co. Tipperary","Weeks","9"
"ROA36C01","Estimated Time to Driving Test Invite at Month End","202511","2025 November","113","Cork (Ballincollig), Co. Cork","Weeks",""
"ROA36C01","Estimated Time to Driving Test Invite at Month End","202511","2025 November","114","Cork (St. Finbarr's GAA Club Togher), Co. Cork","Weeks",""
"ROA36C01","Estimated Time to Driving Test Invite at Month End","202511","2025 November","115","Cork (Wilton), Co. Cork","Weeks","14"
"ROA36C01","Estimated Time to Driving Test Invite at Month End","202511","2025 November","116","Donegal, Co. Donegal","Weeks","12"
"ROA36C01","Estimated Time to Driving Test Invite at Month End","202511","2025 November","117","Drogheda, Co. Louth","Weeks",""
"ROA36C01","Estimated Time to Driving Test Invite at Month End","202511","2025 November","118","Dun Laoghaire / Deansgrange, Co. Dublin","Weeks","20"
"ROA36C01","Estimated Time to Driving Test Invite at Month End","202511","2025 November","119","Dundalk, Co. Louth","Weeks","11"
"ROA36C01","Estimated Time to Driving Test Invite at Month End","202511","2025 November","120","Dungarvan, Co. Waterford","Weeks","16"
"ROA36C01","Estimated Time to Driving Test Invite at Month End","202511","2025 November","121","Ennis, Co. Clare","Weeks","11"
"ROA36C01","Estimated Time to Driving Test Invite at Month End","202511","2025 November","122","Finglas, Co. Dublin","Weeks","8"
"ROA36C01","Estimated Time to Driving Test Invite at Month End","202511","2025 November","123","Galway (Carnmore), Co. Galway","Weeks","11"
"ROA36C01","Estimated Time to Driving Test Invite at Month End","202511","2025 November","124","Galway (Westside), Co. Galway","Weeks",""
"ROA36C01","Estimated Time to Driving Test Invite at Month End","202511","2025 November","125","Gorey, Co. Wexford","Weeks","10"
"ROA36C01","Estimated Time to Driving Test Invite at Month End","202511","2025 November","126","Kilkenny (Govt Buildings), Co. Kilkenny","Weeks","11"
"ROA36C01","Estimated Time to Driving Test Invite at Month End","202511","2025 November","127","Kilkenny (O'Loughlin Gaels), Co. Kilkenny","Weeks","9"
"ROA36C01","Estimated Time to Driving Test Invite at Month End","202511","2025 November","128","Killarney, Co. Kerry","Weeks","10"
"ROA36C01","Estimated Time to Driving Test Invite at Month End","202511","2025 November","129","Killester, Co. Dublin","Weeks","12"
"ROA36C01","Estimated Time to Driving Test Invite at Month End","202511","2025 November","130","Kilrush, Co. Clare","Weeks","11"
"ROA36C01","Estimated Time to Driving Test Invite at Month End","202511","2025 November","131","Letterkenny, Co. Donegal","Weeks","10"
"ROA36C01","Estimated Time to Driving Test Invite at Month End","202511","2025 November","132","Limerick - Castlemungret, Co. Limerick","Weeks","14"
"ROA36C01","Estimated Time to Driving Test Invite at Month End","202511","2025 November","133","Limerick - Woodview, Co. Limerick","Weeks","16"
"ROA36C01","Estimated Time to Driving Test Invite at Month End","202511","2025 November","134","Limerick (Roxboro), Co. Limerick","Weeks",""
"ROA36C01","Estimated Time to Driving Test Invite at Month End","202511","2025 November","135","Longford, Co. Longford","Weeks","13"
"ROA36C01","Estimated Time to Driving Test Invite at Month End","202511","2025 November","136","Loughrea, Co. Galway","Weeks","8"
"ROA36C01","Estimated Time to Driving Test Invite at Month End","202511","2025 November","137","Loughrea (Lough Rea Hotel & Spa), Co. Galway","Weeks",""
"ROA36C01","Estimated Time to Driving Test Invite at Month End","202511","2025 November","138","Mallow, Co. Cork","Weeks",""
"ROA36C01","Estimated Time to Driving Test Invite at Month End","202511","2025 November","139","Mallow (Cork Racecourse Mallow), Co. Cork","Weeks","13"
"ROA36C01","Estimated Time to Driving Test Invite at Month End","202511","2025 November","140","Monaghan, Co. Monaghan","Weeks","11"
"ROA36C01","Estimated Time to Driving Test Invite at Month End","202511","2025 November","141","Mulhuddart, Co. Dublin","Weeks","22"
"ROA36C01","Estimated Time to Driving Test Invite at Month End","202511","2025 November","142","Mulhuddart (Carlton Hotel), Co. Dublin","Weeks",""
"ROA36C01","Estimated Time to Driving Test Invite at Month End","202511","2025 November","143","Mulhuddart Maple House, Co. Dublin","Weeks","12"
"ROA36C01","Estimated Time to Driving Test Invite at Month End","202511","2025 November","144","Mullingar, Co. Westmeath","Weeks","16"
"ROA36C01","Estimated Time to Driving Test Invite at Month End","202511","2025 November","145","Naas, Co. Kildare","Weeks","7"
"ROA36C01","Estimated Time to Driving Test Invite at Month End","202511","2025 November","146","Navan, Co. Meath","Weeks","8"
"ROA36C01","Estimated Time to Driving Test Invite at Month End","202511","2025 November","147","Nenagh, Co. Tipperary","Weeks","10"
"ROA36C01","Estimated Time to Driving Test Invite at Month End","202511","2025 November","148","Newcastle West, Co. Limerick","Weeks","9"
"ROA36C01","Estimated Time to Driving Test Invite at Month End","202511","2025 November","149","Newcastle West (Longcourt House Hotel), Co. Limerick","Weeks","16"
"ROA36C01","Estimated Time to Driving Test Invite at Month End","202511","2025 November","150","Portlaoise, Co. Laois","Weeks",""
"ROA36C01","Estimated Time to Driving Test Invite at Month End","202511","2025 November","166","Portlaoise (Maldron Hotel), Co. Laois","Weeks","12"
"ROA36C01","Estimated Time to Driving Test Invite at Month End","202511","2025 November","151","Raheny, Co. Dublin","Weeks","19"
"ROA36C01","Estimated Time to Driving Test Invite at Month End","202511","2025 November","152","Roscommon, Co. Roscommon","Weeks","11"
"ROA36C01","Estimated Time to Driving Test Invite at Month End","202511","2025 November","153","Shannon, Co. Clare","Weeks","11"
"ROA36C01","Estimated Time to Driving Test Invite at Month End","202511","2025 November","154","Skibbereen, Co. Cork","Weeks","9"
"ROA36C01","Estimated Time to Driving Test Invite at Month End","202511","2025 November","155","Sligo, Co. Sligo","Weeks","9"
"ROA36C01","Estimated Time to Driving Test Invite at Month End","202511","2025 November","156","Tallaght, Co. Dublin","Weeks","16"
"ROA36C01","Estimated Time to Driving Test Invite at Month End","202511","2025 November","157","Thurles, Co. Tipperary","Weeks","10"
"ROA36C01","Estimated Time to Driving Test Invite at Month End","202511","2025 November","158","Tipperary, Co. Tipperary","Weeks","8"
"ROA36C01","Estimated Time to Driving Test Invite at Month End","202511","2025 November","159","Tralee, Co. Kerry","Weeks","10"
"ROA36C01","Estimated Time to Driving Test Invite at Month End","202511","2025 November","160","Tralee (HGV's), Co. Kerry","Weeks",""
"ROA36C01","Estimated Time to Driving Test Invite at Month End","202511","2025 November","161","Tuam, Co. Galway","Weeks","6"
"ROA36C01","Estimated Time to Driving Test Invite at Month End","202511","2025 November","162","Tullamore, Co. Offaly","Weeks","11"
"ROA36C01","Estimated Time to Driving Test Invite at Month End","202511","2025 November","163","Waterford, Co. Waterford","Weeks","13"
"ROA36C01","Estimated Time to Driving Test Invite at Month End","202511","2025 November","164","Wexford, Co. Wexford","Weeks","10"
"ROA36C01","Estimated Time to Driving Test Invite at Month End","202511","2025 November","165","Wicklow, Co. Wicklow","Weeks","9"
"ROA36C01","Estimated Time to Driving Test Invite at Month End","202511","2025 November","167","Galway (Clybaun Hotel), Co. Galway","Weeks","10"
"ROA36C01","Estimated Time to Driving Test Invite at Month End","202511","2025 November","168","Sandyford, Co. Dublin","Weeks",""
"ROA36C01","Estimated Time to Driving Test Invite at Month End","202511","2025 November","169","Drogheda – Southgate, Co. Louth","Weeks",""
"ROA36C01","Estimated Time to Driving Test Invite at Month End","202511","2025 November","170","Mitchelstown, Co. Cork","Weeks","7"
"ROA36C01","Estimated Time to Driving Test Invite at Month End","202512","2025 December","-","All driving test centres","Weeks","10.6"
"ROA36C01","Estimated Time to Driving Test Invite at Month End","202512","2025 December","100","Athlone, Co. Westmeath","Weeks","9"
"ROA36C01","Estimated Time to Driving Test Invite at Month End","202512","2025 December","101","Ballina, Co. Mayo","Weeks","8"
"ROA36C01","Estimated Time to Driving Test Invite at Month End","202512","2025 December","102","Birr, Co. Offaly","Weeks","7"
"ROA36C01","Estimated Time to Driving Test Invite at Month End","202512","2025 December","103","Birr (County Arms Hotel), Co. Offaly","Weeks",""
"ROA36C01","Estimated Time to Driving Test Invite at Month End","202512","2025 December","104","Buncrana, Co. Donegal","Weeks","8"
"ROA36C01","Estimated Time to Driving Test Invite at Month End","202512","2025 December","105","Carlow, Co. Carlow","Weeks","12"
"ROA36C01","Estimated Time to Driving Test Invite at Month End","202512","2025 December","106","Carlow Talbot Hotel, Co. Carlow","Weeks","12"
"ROA36C01","Estimated Time to Driving Test Invite at Month End","202512","2025 December","107","Carrick On Shannon, Co. Leitrim","Weeks","10"
"ROA36C01","Estimated Time to Driving Test Invite at Month End","202512","2025 December","108","Castlebar, Co. Mayo","Weeks","9"
"ROA36C01","Estimated Time to Driving Test Invite at Month End","202512","2025 December","109","Cavan, Co. Cavan","Weeks","9"
"ROA36C01","Estimated Time to Driving Test Invite at Month End","202512","2025 December","110","Charlestown (Dublin), Co. Dublin","Weeks",""
"ROA36C01","Estimated Time to Driving Test Invite at Month End","202512","2025 December","111","Clifden, Co. Galway","Weeks","11"
"ROA36C01","Estimated Time to Driving Test Invite at Month End","202512","2025 December","112","Clonmel, Co. Tipperary","Weeks","9"
"ROA36C01","Estimated Time to Driving Test Invite at Month End","202512","2025 December","113","Cork (Ballincollig), Co. Cork","Weeks",""
"ROA36C01","Estimated Time to Driving Test Invite at Month End","202512","2025 December","114","Cork (St. Finbarr's GAA Club Togher), Co. Cork","Weeks",""
"ROA36C01","Estimated Time to Driving Test Invite at Month End","202512","2025 December","115","Cork (Wilton), Co. Cork","Weeks","13"
"ROA36C01","Estimated Time to Driving Test Invite at Month End","202512","2025 December","116","Donegal, Co. Donegal","Weeks","13"
"ROA36C01","Estimated Time to Driving Test Invite at Month End","202512","2025 December","117","Drogheda, Co. Louth","Weeks",""
"ROA36C01","Estimated Time to Driving Test Invite at Month End","202512","2025 December","118","Dun Laoghaire / Deansgrange, Co. Dublin","Weeks","21"
"ROA36C01","Estimated Time to Driving Test Invite at Month End","202512","2025 December","119","Dundalk, Co. Louth","Weeks","11"
"ROA36C01","Estimated Time to Driving Test Invite at Month End","202512","2025 December","120","Dungarvan, Co. Waterford","Weeks","17"
"ROA36C01","Estimated Time to Driving Test Invite at Month End","202512","2025 December","121","Ennis, Co. Clare","Weeks","11"
"ROA36C01","Estimated Time to Driving Test Invite at Month End","202512","2025 December","122","Finglas, Co. Dublin","Weeks","7"
"ROA36C01","Estimated Time to Driving Test Invite at Month End","202512","2025 December","123","Galway (Carnmore), Co. Galway","Weeks","11"
"ROA36C01","Estimated Time to Driving Test Invite at Month End","202512","2025 December","124","Galway (Westside), Co. Galway","Weeks",""
"ROA36C01","Estimated Time to Driving Test Invite at Month End","202512","2025 December","125","Gorey, Co. Wexford","Weeks","11"
"ROA36C01","Estimated Time to Driving Test Invite at Month End","202512","2025 December","126","Kilkenny (Govt Buildings), Co. Kilkenny","Weeks","9"
"ROA36C01","Estimated Time to Driving Test Invite at Month End","202512","2025 December","127","Kilkenny (O'Loughlin Gaels), Co. Kilkenny","Weeks","10"
"ROA36C01","Estimated Time to Driving Test Invite at Month End","202512","2025 December","128","Killarney, Co. Kerry","Weeks","7"
"ROA36C01","Estimated Time to Driving Test Invite at Month End","202512","2025 December","129","Killester, Co. Dublin","Weeks","14"
"ROA36C01","Estimated Time to Driving Test Invite at Month End","202512","2025 December","130","Kilrush, Co. Clare","Weeks","7"
"ROA36C01","Estimated Time to Driving Test Invite at Month End","202512","2025 December","131","Letterkenny, Co. Donegal","Weeks","11"
"ROA36C01","Estimated Time to Driving Test Invite at Month End","202512","2025 December","132","Limerick - Castlemungret, Co. Limerick","Weeks","14"
"ROA36C01","Estimated Time to Driving Test Invite at Month End","202512","2025 December","133","Limerick - Woodview, Co. Limerick","Weeks","15"
"ROA36C01","Estimated Time to Driving Test Invite at Month End","202512","2025 December","134","Limerick (Roxboro), Co. Limerick","Weeks",""
"ROA36C01","Estimated Time to Driving Test Invite at Month End","202512","2025 December","135","Longford, Co. Longford","Weeks","11"
"ROA36C01","Estimated Time to Driving Test Invite at Month End","202512","2025 December","136","Loughrea, Co. Galway","Weeks","6"
"ROA36C01","Estimated Time to Driving Test Invite at Month End","202512","2025 December","137","Loughrea (Lough Rea Hotel & Spa), Co. Galway","Weeks",""
"ROA36C01","Estimated Time to Driving Test Invite at Month End","202512","2025 December","138","Mallow, Co. Cork","Weeks",""
"ROA36C01","Estimated Time to Driving Test Invite at Month End","202512","2025 December","139","Mallow (Cork Racecourse Mallow), Co. Cork","Weeks","12"
"ROA36C01","Estimated Time to Driving Test Invite at Month End","202512","2025 December","140","Monaghan, Co. Monaghan","Weeks","13"
"ROA36C01","Estimated Time to Driving Test Invite at Month End","202512","2025 December","141","Mulhuddart, Co. Dublin","Weeks","22"
"ROA36C01","Estimated Time to Driving Test Invite at Month End","202512","2025 December","142","Mulhuddart (Carlton Hotel), Co. Dublin","Weeks",""
"ROA36C01","Estimated Time to Driving Test Invite at Month End","202512","2025 December","143","Mulhuddart Maple House, Co. Dublin","Weeks","9"
"ROA36C01","Estimated Time to Driving Test Invite at Month End","202512","2025 December","144","Mullingar, Co. Westmeath","Weeks","14"
"ROA36C01","Estimated Time to Driving Test Invite at Month End","202512","2025 December","145","Naas, Co. Kildare","Weeks","6"
"ROA36C01","Estimated Time to Driving Test Invite at Month End","202512","2025 December","146","Navan, Co. Meath","Weeks","8"
"ROA36C01","Estimated Time to Driving Test Invite at Month End","202512","2025 December","147","Nenagh, Co. Tipperary","Weeks","9"
"ROA36C01","Estimated Time to Driving Test Invite at Month End","202512","2025 December","148","Newcastle West, Co. Limerick","Weeks","5"
"ROA36C01","Estimated Time to Driving Test Invite at Month End","202512","2025 December","149","Newcastle West (Longcourt House Hotel), Co. Limerick","Weeks","16"
"ROA36C01","Estimated Time to Driving Test Invite at Month End","202512","2025 December","150","Portlaoise, Co. Laois","Weeks",""
"ROA36C01","Estimated Time to Driving Test Invite at Month End","202512","2025 December","166","Portlaoise (Maldron Hotel), Co. Laois","Weeks","14"
"ROA36C01","Estimated Time to Driving Test Invite at Month End","202512","2025 December","151","Raheny, Co. Dublin","Weeks","19"
"ROA36C01","Estimated Time to Driving Test Invite at Month End","202512","2025 December","152","Roscommon, Co. Roscommon","Weeks","9"
"ROA36C01","Estimated Time to Driving Test Invite at Month End","202512","2025 December","153","Shannon, Co. Clare","Weeks","9"
"ROA36C01","Estimated Time to Driving Test Invite at Month End","202512","2025 December","154","Skibbereen, Co. Cork","Weeks","9"
"ROA36C01","Estimated Time to Driving Test Invite at Month End","202512","2025 December","155","Sligo, Co. Sligo","Weeks","8"
"ROA36C01","Estimated Time to Driving Test Invite at Month End","202512","2025 December","156","Tallaght, Co. Dublin","Weeks","16"
"ROA36C01","Estimated Time to Driving Test Invite at Month End","202512","2025 December","157","Thurles, Co. Tipperary","Weeks","8"
"ROA36C01","Estimated Time to Driving Test Invite at Month End","202512","2025 December","158","Tipperary, Co. Tipperary","Weeks","6"
"ROA36C01","Estimated Time to Driving Test Invite at Month End","202512","2025 December","159","Tralee, Co. Kerry","Weeks","10"
"ROA36C01","Estimated Time to Driving Test Invite at Month End","202512","2025 December","160","Tralee (HGV's), Co. Kerry","Weeks",""
"ROA36C01","Estimated Time to Driving Test Invite at Month End","202512","2025 December","161","Tuam, Co. Galway","Weeks","7"
"ROA36C01","Estimated Time to Driving Test Invite at Month End","202512","2025 December","162","Tullamore, Co. Offaly","Weeks","11"
"ROA36C01","Estimated Time to Driving Test Invite at Month End","202512","2025 December","163","Waterford, Co. Waterford","Weeks","13"
"ROA36C01","Estimated Time to Driving Test Invite at Month End","202512","2025 December","164","Wexford, Co. Wexford","Weeks","8"
"ROA36C01","Estimated Time to Driving Test Invite at Month End","202512","2025 December","165","Wicklow, Co. Wicklow","Weeks","7"
"ROA36C01","Estimated Time to Driving Test Invite at Month End","202512","2025 December","167","Galway (Clybaun Hotel), Co. Galway","Weeks","9"
"ROA36C01","Estimated Time to Driving Test Invite at Month End","202512","2025 December","168","Sandyford, Co. Dublin","Weeks",""
"ROA36C01","Estimated Time to Driving Test Invite at Month End","202512","2025 December","169","Drogheda – Southgate, Co. Louth","Weeks",""
"ROA36C01","Estimated Time to Driving Test Invite at Month End","202512","2025 December","170","Mitchelstown, Co. Cork","Weeks","6"
"ROA36C01","Estimated Time to Driving Test Invite at Month End","202601","2026 January","-","All driving test centres","Weeks","10.7"
"ROA36C01","Estimated Time to Driving Test Invite at Month End","202601","2026 January","100","Athlone, Co. Westmeath","Weeks","9"
"ROA36C01","Estimated Time to Driving Test Invite at Month End","202601","2026 January","101","Ballina, Co. Mayo","Weeks","9"
"ROA36C01","Estimated Time to Driving Test Invite at Month End","202601","2026 January","102","Birr, Co. Offaly","Weeks","10"
"ROA36C01","Estimated Time to Driving Test Invite at Month End","202601","2026 January","103","Birr (County Arms Hotel), Co. Offaly","Weeks",""
"ROA36C01","Estimated Time to Driving Test Invite at Month End","202601","2026 January","104","Buncrana, Co. Donegal","Weeks","8"
"ROA36C01","Estimated Time to Driving Test Invite at Month End","202601","2026 January","105","Carlow, Co. Carlow","Weeks","9"
"ROA36C01","Estimated Time to Driving Test Invite at Month End","202601","2026 January","106","Carlow Talbot Hotel, Co. Carlow","Weeks","10"
"ROA36C01","Estimated Time to Driving Test Invite at Month End","202601","2026 January","107","Carrick On Shannon, Co. Leitrim","Weeks","10"
"ROA36C01","Estimated Time to Driving Test Invite at Month End","202601","2026 January","108","Castlebar, Co. Mayo","Weeks","9"
"ROA36C01","Estimated Time to Driving Test Invite at Month End","202601","2026 January","109","Cavan, Co. Cavan","Weeks","10"
"ROA36C01","Estimated Time to Driving Test Invite at Month End","202601","2026 January","110","Charlestown (Dublin), Co. Dublin","Weeks",""
"ROA36C01","Estimated Time to Driving Test Invite at Month End","202601","2026 January","111","Clifden, Co. Galway","Weeks","15"
"ROA36C01","Estimated Time to Driving Test Invite at Month End","202601","2026 January","112","Clonmel, Co. Tipperary","Weeks","9"
"ROA36C01","Estimated Time to Driving Test Invite at Month End","202601","2026 January","113","Cork (Ballincollig), Co. Cork","Weeks",""
"ROA36C01","Estimated Time to Driving Test Invite at Month End","202601","2026 January","114","Cork (St. Finbarr's GAA Club Togher), Co. Cork","Weeks",""
"ROA36C01","Estimated Time to Driving Test Invite at Month End","202601","2026 January","115","Cork (Wilton), Co. Cork","Weeks","12"
"ROA36C01","Estimated Time to Driving Test Invite at Month End","202601","2026 January","116","Donegal, Co. Donegal","Weeks","12"
"ROA36C01","Estimated Time to Driving Test Invite at Month End","202601","2026 January","117","Drogheda, Co. Louth","Weeks",""
"ROA36C01","Estimated Time to Driving Test Invite at Month End","202601","2026 January","118","Dun Laoghaire / Deansgrange, Co. Dublin","Weeks","21"
"ROA36C01","Estimated Time to Driving Test Invite at Month End","202601","2026 January","119","Dundalk, Co. Louth","Weeks","9"
"ROA36C01","Estimated Time to Driving Test Invite at Month End","202601","2026 January","120","Dungarvan, Co. Waterford","Weeks","16"
"ROA36C01","Estimated Time to Driving Test Invite at Month End","202601","2026 January","121","Ennis, Co. Clare","Weeks","10"
"ROA36C01","Estimated Time to Driving Test Invite at Month End","202601","2026 January","122","Finglas, Co. Dublin","Weeks","10"
"ROA36C01","Estimated Time to Driving Test Invite at Month End","202601","2026 January","123","Galway (Carnmore), Co. Galway","Weeks","10"
"ROA36C01","Estimated Time to Driving Test Invite at Month End","202601","2026 January","124","Galway (Westside), Co. Galway","Weeks",""
"ROA36C01","Estimated Time to Driving Test Invite at Month End","202601","2026 January","125","Gorey, Co. Wexford","Weeks","10"
"ROA36C01","Estimated Time to Driving Test Invite at Month End","202601","2026 January","126","Kilkenny (Govt Buildings), Co. Kilkenny","Weeks","11"
"ROA36C01","Estimated Time to Driving Test Invite at Month End","202601","2026 January","127","Kilkenny (O'Loughlin Gaels), Co. Kilkenny","Weeks","12"
"ROA36C01","Estimated Time to Driving Test Invite at Month End","202601","2026 January","128","Killarney, Co. Kerry","Weeks","8"
"ROA36C01","Estimated Time to Driving Test Invite at Month End","202601","2026 January","129","Killester, Co. Dublin","Weeks","15"
"ROA36C01","Estimated Time to Driving Test Invite at Month End","202601","2026 January","130","Kilrush, Co. Clare","Weeks","9"
"ROA36C01","Estimated Time to Driving Test Invite at Month End","202601","2026 January","131","Letterkenny, Co. Donegal","Weeks","11"
"ROA36C01","Estimated Time to Driving Test Invite at Month End","202601","2026 January","132","Limerick - Castlemungret, Co. Limerick","Weeks","14"
"ROA36C01","Estimated Time to Driving Test Invite at Month End","202601","2026 January","133","Limerick - Woodview, Co. Limerick","Weeks","11"
"ROA36C01","Estimated Time to Driving Test Invite at Month End","202601","2026 January","134","Limerick (Roxboro), Co. Limerick","Weeks",""
"ROA36C01","Estimated Time to Driving Test Invite at Month End","202601","2026 January","135","Longford, Co. Longford","Weeks","12"
"ROA36C01","Estimated Time to Driving Test Invite at Month End","202601","2026 January","136","Loughrea, Co. Galway","Weeks","7"
"ROA36C01","Estimated Time to Driving Test Invite at Month End","202601","2026 January","137","Loughrea (Lough Rea Hotel & Spa), Co. Galway","Weeks",""
"ROA36C01","Estimated Time to Driving Test Invite at Month End","202601","2026 January","138","Mallow, Co. Cork","Weeks",""
"ROA36C01","Estimated Time to Driving Test Invite at Month End","202601","2026 January","139","Mallow (Cork Racecourse Mallow), Co. Cork","Weeks","11"
"ROA36C01","Estimated Time to Driving Test Invite at Month End","202601","2026 January","140","Monaghan, Co. Monaghan","Weeks","12"
"ROA36C01","Estimated Time to Driving Test Invite at Month End","202601","2026 January","141","Mulhuddart, Co. Dublin","Weeks","21"
"ROA36C01","Estimated Time to Driving Test Invite at Month End","202601","2026 January","142","Mulhuddart (Carlton Hotel), Co. Dublin","Weeks",""
"ROA36C01","Estimated Time to Driving Test Invite at Month End","202601","2026 January","143","Mulhuddart Maple House, Co. Dublin","Weeks","10"
"ROA36C01","Estimated Time to Driving Test Invite at Month End","202601","2026 January","144","Mullingar, Co. Westmeath","Weeks","12"
"ROA36C01","Estimated Time to Driving Test Invite at Month End","202601","2026 January","145","Naas, Co. Kildare","Weeks","7"
"ROA36C01","Estimated Time to Driving Test Invite at Month End","202601","2026 January","146","Navan, Co. Meath","Weeks","9"
"ROA36C01","Estimated Time to Driving Test Invite at Month End","202601","2026 January","147","Nenagh, Co. Tipperary","Weeks","10"
"ROA36C01","Estimated Time to Driving Test Invite at Month End","202601","2026 January","148","Newcastle West, Co. Limerick","Weeks","9"
"ROA36C01","Estimated Time to Driving Test Invite at Month End","202601","2026 January","149","Newcastle West (Longcourt House Hotel), Co. Limerick","Weeks","12"
"ROA36C01","Estimated Time to Driving Test Invite at Month End","202601","2026 January","150","Portlaoise, Co. Laois","Weeks",""
"ROA36C01","Estimated Time to Driving Test Invite at Month End","202601","2026 January","166","Portlaoise (Maldron Hotel), Co. Laois","Weeks","11"
"ROA36C01","Estimated Time to Driving Test Invite at Month End","202601","2026 January","151","Raheny, Co. Dublin","Weeks","18"
"ROA36C01","Estimated Time to Driving Test Invite at Month End","202601","2026 January","152","Roscommon, Co. Roscommon","Weeks","8"
"ROA36C01","Estimated Time to Driving Test Invite at Month End","202601","2026 January","153","Shannon, Co. Clare","Weeks","9"
"ROA36C01","Estimated Time to Driving Test Invite at Month End","202601","2026 January","154","Skibbereen, Co. Cork","Weeks","8"
"ROA36C01","Estimated Time to Driving Test Invite at Month End","202601","2026 January","155","Sligo, Co. Sligo","Weeks","8"
"ROA36C01","Estimated Time to Driving Test Invite at Month End","202601","2026 January","156","Tallaght, Co. Dublin","Weeks","14"
"ROA36C01","Estimated Time to Driving Test Invite at Month End","202601","2026 January","157","Thurles, Co. Tipperary","Weeks","9"
"ROA36C01","Estimated Time to Driving Test Invite at Month End","202601","2026 January","158","Tipperary, Co. Tipperary","Weeks","7"
"ROA36C01","Estimated Time to Driving Test Invite at Month End","202601","2026 January","159","Tralee, Co. Kerry","Weeks","11"
"ROA36C01","Estimated Time to Driving Test Invite at Month End","202601","2026 January","160","Tralee (HGV's), Co. Kerry","Weeks",""
"ROA36C01","Estimated Time to Driving Test Invite at Month End","202601","2026 January","161","Tuam, Co. Galway","Weeks","8"
"ROA36C01","Estimated Time to Driving Test Invite at Month End","202601","2026 January","162","Tullamore, Co. Offaly","Weeks","9"
"ROA36C01","Estimated Time to Driving Test Invite at Month End","202601","2026 January","163","Waterford, Co. Waterford","Weeks","13"
"ROA36C01","Estimated Time to Driving Test Invite at Month End","202601","2026 January","164","Wexford, Co. Wexford","Weeks","8"
"ROA36C01","Estimated Time to Driving Test Invite at Month End","202601","2026 January","165","Wicklow, Co. Wicklow","Weeks","8"
"ROA36C01","Estimated Time to Driving Test Invite at Month End","202601","2026 January","167","Galway (Clybaun Hotel), Co. Galway","Weeks","9"
"ROA36C01","Estimated Time to Driving Test Invite at Month End","202601","2026 January","168","Sandyford, Co. Dublin","Weeks",""
"ROA36C01","Estimated Time to Driving Test Invite at Month End","202601","2026 January","169","Drogheda – Southgate, Co. Louth","Weeks",""
"ROA36C01","Estimated Time to Driving Test Invite at Month End","202601","2026 January","170","Mitchelstown, Co. Cork","Weeks","9"
"ROA36C01","Estimated Time to Driving Test Invite at Month End","202602","2026 February","-","All driving test centres","Weeks","11.5"
"ROA36C01","Estimated Time to Driving Test Invite at Month End","202602","2026 February","100","Athlone, Co. Westmeath","Weeks","8"
"ROA36C01","Estimated Time to Driving Test Invite at Month End","202602","2026 February","101","Ballina, Co. Mayo","Weeks","9"
"ROA36C01","Estimated Time to Driving Test Invite at Month End","202602","2026 February","102","Birr, Co. Offaly","Weeks","11"
"ROA36C01","Estimated Time to Driving Test Invite at Month End","202602","2026 February","103","Birr (County Arms Hotel), Co. Offaly","Weeks",""
"ROA36C01","Estimated Time to Driving Test Invite at Month End","202602","2026 February","104","Buncrana, Co. Donegal","Weeks","12"
"ROA36C01","Estimated Time to Driving Test Invite at Month End","202602","2026 February","105","Carlow, Co. Carlow","Weeks","9"
"ROA36C01","Estimated Time to Driving Test Invite at Month End","202602","2026 February","106","Carlow Talbot Hotel, Co. Carlow","Weeks","13"
"ROA36C01","Estimated Time to Driving Test Invite at Month End","202602","2026 February","107","Carrick On Shannon, Co. Leitrim","Weeks","13"
"ROA36C01","Estimated Time to Driving Test Invite at Month End","202602","2026 February","108","Castlebar, Co. Mayo","Weeks","12"
"ROA36C01","Estimated Time to Driving Test Invite at Month End","202602","2026 February","109","Cavan, Co. Cavan","Weeks","14"
"ROA36C01","Estimated Time to Driving Test Invite at Month End","202602","2026 February","110","Charlestown (Dublin), Co. Dublin","Weeks",""
"ROA36C01","Estimated Time to Driving Test Invite at Month End","202602","2026 February","111","Clifden, Co. Galway","Weeks","14"
"ROA36C01","Estimated Time to Driving Test Invite at Month End","202602","2026 February","112","Clonmel, Co. Tipperary","Weeks","9"
"ROA36C01","Estimated Time to Driving Test Invite at Month End","202602","2026 February","113","Cork (Ballincollig), Co. Cork","Weeks",""
"ROA36C01","Estimated Time to Driving Test Invite at Month End","202602","2026 February","114","Cork (St. Finbarr's GAA Club Togher), Co. Cork","Weeks",""
"ROA36C01","Estimated Time to Driving Test Invite at Month End","202602","2026 February","115","Cork (Wilton), Co. Cork","Weeks","12"
"ROA36C01","Estimated Time to Driving Test Invite at Month End","202602","2026 February","116","Donegal, Co. Donegal","Weeks","14"
"ROA36C01","Estimated Time to Driving Test Invite at Month End","202602","2026 February","117","Drogheda, Co. Louth","Weeks",""
"ROA36C01","Estimated Time to Driving Test Invite at Month End","202602","2026 February","118","Dun Laoghaire / Deansgrange, Co. Dublin","Weeks","21"
"ROA36C01","Estimated Time to Driving Test Invite at Month End","202602","2026 February","119","Dundalk, Co. Louth","Weeks","11"
"ROA36C01","Estimated Time to Driving Test Invite at Month End","202602","2026 February","120","Dungarvan, Co. Waterford","Weeks","16"
"ROA36C01","Estimated Time to Driving Test Invite at Month End","202602","2026 February","121","Ennis, Co. Clare","Weeks","12"
"ROA36C01","Estimated Time to Driving Test Invite at Month End","202602","2026 February","122","Finglas, Co. Dublin","Weeks","10"
"ROA36C01","Estimated Time to Driving Test Invite at Month End","202602","2026 February","123","Galway (Carnmore), Co. Galway","Weeks","12"
"ROA36C01","Estimated Time to Driving Test Invite at Month End","202602","2026 February","124","Galway (Westside), Co. Galway","Weeks",""
"ROA36C01","Estimated Time to Driving Test Invite at Month End","202602","2026 February","125","Gorey, Co. Wexford","Weeks","11"
"ROA36C01","Estimated Time to Driving Test Invite at Month End","202602","2026 February","126","Kilkenny (Govt Buildings), Co. Kilkenny","Weeks","10"
"ROA36C01","Estimated Time to Driving Test Invite at Month End","202602","2026 February","127","Kilkenny (O'Loughlin Gaels), Co. Kilkenny","Weeks","8"
"ROA36C01","Estimated Time to Driving Test Invite at Month End","202602","2026 February","128","Killarney, Co. Kerry","Weeks","10"
"ROA36C01","Estimated Time to Driving Test Invite at Month End","202602","2026 February","129","Killester, Co. Dublin","Weeks","15"
"ROA36C01","Estimated Time to Driving Test Invite at Month End","202602","2026 February","130","Kilrush, Co. Clare","Weeks","11"
"ROA36C01","Estimated Time to Driving Test Invite at Month End","202602","2026 February","131","Letterkenny, Co. Donegal","Weeks","12"
"ROA36C01","Estimated Time to Driving Test Invite at Month End","202602","2026 February","132","Limerick - Castlemungret, Co. Limerick","Weeks","15"
"ROA36C01","Estimated Time to Driving Test Invite at Month End","202602","2026 February","133","Limerick - Woodview, Co. Limerick","Weeks","14"
"ROA36C01","Estimated Time to Driving Test Invite at Month End","202602","2026 February","134","Limerick (Roxboro), Co. Limerick","Weeks",""
"ROA36C01","Estimated Time to Driving Test Invite at Month End","202602","2026 February","135","Longford, Co. Longford","Weeks","11"
"ROA36C01","Estimated Time to Driving Test Invite at Month End","202602","2026 February","136","Loughrea, Co. Galway","Weeks","9"
"ROA36C01","Estimated Time to Driving Test Invite at Month End","202602","2026 February","137","Loughrea (Lough Rea Hotel & Spa), Co. Galway","Weeks",""
"ROA36C01","Estimated Time to Driving Test Invite at Month End","202602","2026 February","138","Mallow, Co. Cork","Weeks",""
"ROA36C01","Estimated Time to Driving Test Invite at Month End","202602","2026 February","139","Mallow (Cork Racecourse Mallow), Co. Cork","Weeks","11"
"ROA36C01","Estimated Time to Driving Test Invite at Month End","202602","2026 February","140","Monaghan, Co. Monaghan","Weeks","14"
"ROA36C01","Estimated Time to Driving Test Invite at Month End","202602","2026 February","141","Mulhuddart, Co. Dublin","Weeks","21"
"ROA36C01","Estimated Time to Driving Test Invite at Month End","202602","2026 February","142","Mulhuddart (Carlton Hotel), Co. Dublin","Weeks",""
"ROA36C01","Estimated Time to Driving Test Invite at Month End","202602","2026 February","143","Mulhuddart Maple House, Co. Dublin","Weeks","13"
"ROA36C01","Estimated Time to Driving Test Invite at Month End","202602","2026 February","144","Mullingar, Co. Westmeath","Weeks","14"
"ROA36C01","Estimated Time to Driving Test Invite at Month End","202602","2026 February","145","Naas, Co. Kildare","Weeks","9"
"ROA36C01","Estimated Time to Driving Test Invite at Month End","202602","2026 February","146","Navan, Co. Meath","Weeks","13"
"ROA36C01","Estimated Time to Driving Test Invite at Month End","202602","2026 February","147","Nenagh, Co. Tipperary","Weeks","11"
"ROA36C01","Estimated Time to Driving Test Invite at Month End","202602","2026 February","148","Newcastle West, Co. Limerick","Weeks","8"
"ROA36C01","Estimated Time to Driving Test Invite at Month End","202602","2026 February","149","Newcastle West (Longcourt House Hotel), Co. Limerick","Weeks","3"
"ROA36C01","Estimated Time to Driving Test Invite at Month End","202602","2026 February","150","Portlaoise, Co. Laois","Weeks",""
"ROA36C01","Estimated Time to Driving Test Invite at Month End","202602","2026 February","166","Portlaoise (Maldron Hotel), Co. Laois","Weeks","11"
"ROA36C01","Estimated Time to Driving Test Invite at Month End","202602","2026 February","151","Raheny, Co. Dublin","Weeks","17"
"ROA36C01","Estimated Time to Driving Test Invite at Month End","202602","2026 February","152","Roscommon, Co. Roscommon","Weeks","9"
"ROA36C01","Estimated Time to Driving Test Invite at Month End","202602","2026 February","153","Shannon, Co. Clare","Weeks","10"
"ROA36C01","Estimated Time to Driving Test Invite at Month End","202602","2026 February","154","Skibbereen, Co. Cork","Weeks","7"
"ROA36C01","Estimated Time to Driving Test Invite at Month End","202602","2026 February","155","Sligo, Co. Sligo","Weeks","10"
"ROA36C01","Estimated Time to Driving Test Invite at Month End","202602","2026 February","156","Tallaght, Co. Dublin","Weeks","14"
"ROA36C01","Estimated Time to Driving Test Invite at Month End","202602","2026 February","157","Thurles, Co. Tipperary","Weeks","12"
"ROA36C01","Estimated Time to Driving Test Invite at Month End","202602","2026 February","158","Tipperary, Co. Tipperary","Weeks","9"
"ROA36C01","Estimated Time to Driving Test Invite at Month End","202602","2026 February","159","Tralee, Co. Kerry","Weeks","12"
"ROA36C01","Estimated Time to Driving Test Invite at Month End","202602","2026 February","160","Tralee (HGV's), Co. Kerry","Weeks",""
"ROA36C01","Estimated Time to Driving Test Invite at Month End","202602","2026 February","161","Tuam, Co. Galway","Weeks","9"
"ROA36C01","Estimated Time to Driving Test Invite at Month End","202602","2026 February","162","Tullamore, Co. Offaly","Weeks","12"
"ROA36C01","Estimated Time to Driving Test Invite at Month End","202602","2026 February","163","Waterford, Co. Waterford","Weeks","13"
"ROA36C01","Estimated Time to Driving Test Invite at Month End","202602","2026 February","164","Wexford, Co. Wexford","Weeks","9"
"ROA36C01","Estimated Time to Driving Test Invite at Month End","202602","2026 February","165","Wicklow, Co. Wicklow","Weeks","10"
"ROA36C01","Estimated Time to Driving Test Invite at Month End","202602","2026 February","167","Galway (Clybaun Hotel), Co. Galway","Weeks","11"
"ROA36C01","Estimated Time to Driving Test Invite at Month End","202602","2026 February","168","Sandyford, Co. Dublin","Weeks",""
"ROA36C01","Estimated Time to Driving Test Invite at Month End","202602","2026 February","169","Drogheda – Southgate, Co. Louth","Weeks",""
"ROA36C01","Estimated Time to Driving Test Invite at Month End","202602","2026 February","170","Mitchelstown, Co. Cork","Weeks","8"
"ROA36C01","Estimated Time to Driving Test Invite at Month End","202603","2026 March","-","All driving test centres","Weeks","11.9"
"ROA36C01","Estimated Time to Driving Test Invite at Month End","202603","2026 March","100","Athlone, Co. Westmeath","Weeks","11"
"ROA36C01","Estimated Time to Driving Test Invite at Month End","202603","2026 March","101","Ballina, Co. Mayo","Weeks","11"
"ROA36C01","Estimated Time to Driving Test Invite at Month End","202603","2026 March","102","Birr, Co. Offaly","Weeks","11"
"ROA36C01","Estimated Time to Driving Test Invite at Month End","202603","2026 March","103","Birr (County Arms Hotel), Co. Offaly","Weeks",""
"ROA36C01","Estimated Time to Driving Test Invite at Month End","202603","2026 March","104","Buncrana, Co. Donegal","Weeks","11"
"ROA36C01","Estimated Time to Driving Test Invite at Month End","202603","2026 March","105","Carlow, Co. Carlow","Weeks","13"
"ROA36C01","Estimated Time to Driving Test Invite at Month End","202603","2026 March","106","Carlow Talbot Hotel, Co. Carlow","Weeks","11"
"ROA36C01","Estimated Time to Driving Test Invite at Month End","202603","2026 March","107","Carrick On Shannon, Co. Leitrim","Weeks","10"
"ROA36C01","Estimated Time to Driving Test Invite at Month End","202603","2026 March","108","Castlebar, Co. Mayo","Weeks","9"
"ROA36C01","Estimated Time to Driving Test Invite at Month End","202603","2026 March","109","Cavan, Co. Cavan","Weeks","14"
"ROA36C01","Estimated Time to Driving Test Invite at Month End","202603","2026 March","110","Charlestown (Dublin), Co. Dublin","Weeks",""
"ROA36C01","Estimated Time to Driving Test Invite at Month End","202603","2026 March","111","Clifden, Co. Galway","Weeks","13"
"ROA36C01","Estimated Time to Driving Test Invite at Month End","202603","2026 March","112","Clonmel, Co. Tipperary","Weeks","11"
"ROA36C01","Estimated Time to Driving Test Invite at Month End","202603","2026 March","113","Cork (Ballincollig), Co. Cork","Weeks",""
"ROA36C01","Estimated Time to Driving Test Invite at Month End","202603","2026 March","114","Cork (St. Finbarr's GAA Club Togher), Co. Cork","Weeks",""
"ROA36C01","Estimated Time to Driving Test Invite at Month End","202603","2026 March","115","Cork (Wilton), Co. Cork","Weeks","10"
"ROA36C01","Estimated Time to Driving Test Invite at Month End","202603","2026 March","116","Donegal, Co. Donegal","Weeks","13"
"ROA36C01","Estimated Time to Driving Test Invite at Month End","202603","2026 March","117","Drogheda, Co. Louth","Weeks",""
"ROA36C01","Estimated Time to Driving Test Invite at Month End","202603","2026 March","118","Dun Laoghaire / Deansgrange, Co. Dublin","Weeks","21"
"ROA36C01","Estimated Time to Driving Test Invite at Month End","202603","2026 March","119","Dundalk, Co. Louth","Weeks","12"
"ROA36C01","Estimated Time to Driving Test Invite at Month End","202603","2026 March","120","Dungarvan, Co. Waterford","Weeks","15"
"ROA36C01","Estimated Time to Driving Test Invite at Month End","202603","2026 March","121","Ennis, Co. Clare","Weeks","11"
"ROA36C01","Estimated Time to Driving Test Invite at Month End","202603","2026 March","122","Finglas, Co. Dublin","Weeks","11"
"ROA36C01","Estimated Time to Driving Test Invite at Month End","202603","2026 March","123","Galway (Carnmore), Co. Galway","Weeks","15"
"ROA36C01","Estimated Time to Driving Test Invite at Month End","202603","2026 March","124","Galway (Westside), Co. Galway","Weeks",""
"ROA36C01","Estimated Time to Driving Test Invite at Month End","202603","2026 March","125","Gorey, Co. Wexford","Weeks","12"
"ROA36C01","Estimated Time to Driving Test Invite at Month End","202603","2026 March","126","Kilkenny (Govt Buildings), Co. Kilkenny","Weeks","14"
"ROA36C01","Estimated Time to Driving Test Invite at Month End","202603","2026 March","127","Kilkenny (O'Loughlin Gaels), Co. Kilkenny","Weeks","13"
"ROA36C01","Estimated Time to Driving Test Invite at Month End","202603","2026 March","128","Killarney, Co. Kerry","Weeks","14"
"ROA36C01","Estimated Time to Driving Test Invite at Month End","202603","2026 March","129","Killester, Co. Dublin","Weeks","17"
"ROA36C01","Estimated Time to Driving Test Invite at Month End","202603","2026 March","130","Kilrush, Co. Clare","Weeks","10"
"ROA36C01","Estimated Time to Driving Test Invite at Month End","202603","2026 March","131","Letterkenny, Co. Donegal","Weeks","13"
"ROA36C01","Estimated Time to Driving Test Invite at Month End","202603","2026 March","132","Limerick - Castlemungret, Co. Limerick","Weeks","13"
"ROA36C01","Estimated Time to Driving Test Invite at Month End","202603","2026 March","133","Limerick - Woodview, Co. Limerick","Weeks","12"
"ROA36C01","Estimated Time to Driving Test Invite at Month End","202603","2026 March","134","Limerick (Roxboro), Co. Limerick","Weeks",""
"ROA36C01","Estimated Time to Driving Test Invite at Month End","202603","2026 March","135","Longford, Co. Longford","Weeks","12"
"ROA36C01","Estimated Time to Driving Test Invite at Month End","202603","2026 March","136","Loughrea, Co. Galway","Weeks","10"
"ROA36C01","Estimated Time to Driving Test Invite at Month End","202603","2026 March","137","Loughrea (Lough Rea Hotel & Spa), Co. Galway","Weeks",""
"ROA36C01","Estimated Time to Driving Test Invite at Month End","202603","2026 March","138","Mallow, Co. Cork","Weeks",""
"ROA36C01","Estimated Time to Driving Test Invite at Month End","202603","2026 March","139","Mallow (Cork Racecourse Mallow), Co. Cork","Weeks","9"
"ROA36C01","Estimated Time to Driving Test Invite at Month End","202603","2026 March","140","Monaghan, Co. Monaghan","Weeks","13"
"ROA36C01","Estimated Time to Driving Test Invite at Month End","202603","2026 March","141","Mulhuddart, Co. Dublin","Weeks","19"
"ROA36C01","Estimated Time to Driving Test Invite at Month End","202603","2026 March","142","Mulhuddart (Carlton Hotel), Co. Dublin","Weeks",""
"ROA36C01","Estimated Time to Driving Test Invite at Month End","202603","2026 March","143","Mulhuddart Maple House, Co. Dublin","Weeks","12"
"ROA36C01","Estimated Time to Driving Test Invite at Month End","202603","2026 March","144","Mullingar, Co. Westmeath","Weeks","13"
"ROA36C01","Estimated Time to Driving Test Invite at Month End","202603","2026 March","145","Naas, Co. Kildare","Weeks","12"
"ROA36C01","Estimated Time to Driving Test Invite at Month End","202603","2026 March","146","Navan, Co. Meath","Weeks","13"
"ROA36C01","Estimated Time to Driving Test Invite at Month End","202603","2026 March","147","Nenagh, Co. Tipperary","Weeks","10"
"ROA36C01","Estimated Time to Driving Test Invite at Month End","202603","2026 March","148","Newcastle West, Co. Limerick","Weeks","8"
"ROA36C01","Estimated Time to Driving Test Invite at Month End","202603","2026 March","149","Newcastle West (Longcourt House Hotel), Co. Limerick","Weeks",""
"ROA36C01","Estimated Time to Driving Test Invite at Month End","202603","2026 March","150","Portlaoise, Co. Laois","Weeks",""
"ROA36C01","Estimated Time to Driving Test Invite at Month End","202603","2026 March","166","Portlaoise (Maldron Hotel), Co. Laois","Weeks","13"
"ROA36C01","Estimated Time to Driving Test Invite at Month End","202603","2026 March","151","Raheny, Co. Dublin","Weeks","15"
"ROA36C01","Estimated Time to Driving Test Invite at Month End","202603","2026 March","152","Roscommon, Co. Roscommon","Weeks","9"
"ROA36C01","Estimated Time to Driving Test Invite at Month End","202603","2026 March","153","Shannon, Co. Clare","Weeks","10"
"ROA36C01","Estimated Time to Driving Test Invite at Month End","202603","2026 March","154","Skibbereen, Co. Cork","Weeks","9"
"ROA36C01","Estimated Time to Driving Test Invite at Month End","202603","2026 March","155","Sligo, Co. Sligo","Weeks","10"
"ROA36C01","Estimated Time to Driving Test Invite at Month End","202603","2026 March","156","Tallaght, Co. Dublin","Weeks","14"
"ROA36C01","Estimated Time to Driving Test Invite at Month End","202603","2026 March","157","Thurles, Co. Tipperary","Weeks","10"
"ROA36C01","Estimated Time to Driving Test Invite at Month End","202603","2026 March","158","Tipperary, Co. Tipperary","Weeks","8"
"ROA36C01","Estimated Time to Driving Test Invite at Month End","202603","2026 March","159","Tralee, Co. Kerry","Weeks","13"
"ROA36C01","Estimated Time to Driving Test Invite at Month End","202603","2026 March","160","Tralee (HGV's), Co. Kerry","Weeks",""
"ROA36C01","Estimated Time to Driving Test Invite at Month End","202603","2026 March","161","Tuam, Co. Galway","Weeks","8"
"ROA36C01","Estimated Time to Driving Test Invite at Month End","202603","2026 March","162","Tullamore, Co. Offaly","Weeks","11"
"ROA36C01","Estimated Time to Driving Test Invite at Month End","202603","2026 March","163","Waterford, Co. Waterford","Weeks","14"
"ROA36C01","Estimated Time to Driving Test Invite at Month End","202603","2026 March","164","Wexford, Co. Wexford","Weeks","11"
"ROA36C01","Estimated Time to Driving Test Invite at Month End","202603","2026 March","165","Wicklow, Co. Wicklow","Weeks","10"
"ROA36C01","Estimated Time to Driving Test Invite at Month End","202603","2026 March","167","Galway (Clybaun Hotel), Co. Galway","Weeks","11"
"ROA36C01","Estimated Time to Driving Test Invite at Month End","202603","2026 March","168","Sandyford, Co. Dublin","Weeks",""
"ROA36C01","Estimated Time to Driving Test Invite at Month End","202603","2026 March","169","Drogheda – Southgate, Co. Louth","Weeks",""
"ROA36C01","Estimated Time to Driving Test Invite at Month End","202603","2026 March","170","Mitchelstown, Co. Cork","Weeks","9"
"ROA36C01","Estimated Time to Driving Test Invite at Month End","202604","2026 April","-","All driving test centres","Weeks","11.9"
"ROA36C01","Estimated Time to Driving Test Invite at Month End","202604","2026 April","100","Athlone, Co. Westmeath","Weeks","14"
"ROA36C01","Estimated Time to Driving Test Invite at Month End","202604","2026 April","101","Ballina, Co. Mayo","Weeks","12"
"ROA36C01","Estimated Time to Driving Test Invite at Month End","202604","2026 April","102","Birr, Co. Offaly","Weeks","9"
"ROA36C01","Estimated Time to Driving Test Invite at Month End","202604","2026 April","103","Birr (County Arms Hotel), Co. Offaly","Weeks",""
"ROA36C01","Estimated Time to Driving Test Invite at Month End","202604","2026 April","104","Buncrana, Co. Donegal","Weeks","13"
"ROA36C01","Estimated Time to Driving Test Invite at Month End","202604","2026 April","105","Carlow, Co. Carlow","Weeks","13"
"ROA36C01","Estimated Time to Driving Test Invite at Month End","202604","2026 April","106","Carlow Talbot Hotel, Co. Carlow","Weeks","12"
"ROA36C01","Estimated Time to Driving Test Invite at Month End","202604","2026 April","107","Carrick On Shannon, Co. Leitrim","Weeks","11"
"ROA36C01","Estimated Time to Driving Test Invite at Month End","202604","2026 April","108","Castlebar, Co. Mayo","Weeks","9"
"ROA36C01","Estimated Time to Driving Test Invite at Month End","202604","2026 April","109","Cavan, Co. Cavan","Weeks","13"
"ROA36C01","Estimated Time to Driving Test Invite at Month End","202604","2026 April","110","Charlestown (Dublin), Co. Dublin","Weeks",""
"ROA36C01","Estimated Time to Driving Test Invite at Month End","202604","2026 April","111","Clifden, Co. Galway","Weeks","9"
"ROA36C01","Estimated Time to Driving Test Invite at Month End","202604","2026 April","112","Clonmel, Co. Tipperary","Weeks","10"
"ROA36C01","Estimated Time to Driving Test Invite at Month End","202604","2026 April","113","Cork (Ballincollig), Co. Cork","Weeks",""
"ROA36C01","Estimated Time to Driving Test Invite at Month End","202604","2026 April","114","Cork (St. Finbarr's GAA Club Togher), Co. Cork","Weeks",""
"ROA36C01","Estimated Time to Driving Test Invite at Month End","202604","2026 April","115","Cork (Wilton), Co. Cork","Weeks","10"
"ROA36C01","Estimated Time to Driving Test Invite at Month End","202604","2026 April","116","Donegal, Co. Donegal","Weeks","15"
"ROA36C01","Estimated Time to Driving Test Invite at Month End","202604","2026 April","117","Drogheda, Co. Louth","Weeks",""
"ROA36C01","Estimated Time to Driving Test Invite at Month End","202604","2026 April","118","Dun Laoghaire / Deansgrange, Co. Dublin","Weeks","19"
"ROA36C01","Estimated Time to Driving Test Invite at Month End","202604","2026 April","119","Dundalk, Co. Louth","Weeks","11"
"ROA36C01","Estimated Time to Driving Test Invite at Month End","202604","2026 April","120","Dungarvan, Co. Waterford","Weeks","15"
"ROA36C01","Estimated Time to Driving Test Invite at Month End","202604","2026 April","121","Ennis, Co. Clare","Weeks","10"
"ROA36C01","Estimated Time to Driving Test Invite at Month End","202604","2026 April","122","Finglas, Co. Dublin","Weeks","11"
"ROA36C01","Estimated Time to Driving Test Invite at Month End","202604","2026 April","123","Galway (Carnmore), Co. Galway","Weeks","13"
"ROA36C01","Estimated Time to Driving Test Invite at Month End","202604","2026 April","124","Galway (Westside), Co. Galway","Weeks",""
"ROA36C01","Estimated Time to Driving Test Invite at Month End","202604","2026 April","125","Gorey, Co. Wexford","Weeks","11"
"ROA36C01","Estimated Time to Driving Test Invite at Month End","202604","2026 April","126","Kilkenny (Govt Buildings), Co. Kilkenny","Weeks","16"
"ROA36C01","Estimated Time to Driving Test Invite at Month End","202604","2026 April","127","Kilkenny (O'Loughlin Gaels), Co. Kilkenny","Weeks","12"
"ROA36C01","Estimated Time to Driving Test Invite at Month End","202604","2026 April","128","Killarney, Co. Kerry","Weeks","15"
"ROA36C01","Estimated Time to Driving Test Invite at Month End","202604","2026 April","129","Killester, Co. Dublin","Weeks","16"
"ROA36C01","Estimated Time to Driving Test Invite at Month End","202604","2026 April","130","Kilrush, Co. Clare","Weeks","11"
"ROA36C01","Estimated Time to Driving Test Invite at Month End","202604","2026 April","131","Letterkenny, Co. Donegal","Weeks","15"
"ROA36C01","Estimated Time to Driving Test Invite at Month End","202604","2026 April","132","Limerick - Castlemungret, Co. Limerick","Weeks","13"
"ROA36C01","Estimated Time to Driving Test Invite at Month End","202604","2026 April","133","Limerick - Woodview, Co. Limerick","Weeks","9"
"ROA36C01","Estimated Time to Driving Test Invite at Month End","202604","2026 April","134","Limerick (Roxboro), Co. Limerick","Weeks",""
"ROA36C01","Estimated Time to Driving Test Invite at Month End","202604","2026 April","135","Longford, Co. Longford","Weeks","8"
"ROA36C01","Estimated Time to Driving Test Invite at Month End","202604","2026 April","136","Loughrea, Co. Galway","Weeks","11"
"ROA36C01","Estimated Time to Driving Test Invite at Month End","202604","2026 April","137","Loughrea (Lough Rea Hotel & Spa), Co. Galway","Weeks",""
"ROA36C01","Estimated Time to Driving Test Invite at Month End","202604","2026 April","138","Mallow, Co. Cork","Weeks",""
"ROA36C01","Estimated Time to Driving Test Invite at Month End","202604","2026 April","139","Mallow (Cork Racecourse Mallow), Co. Cork","Weeks","9"
"ROA36C01","Estimated Time to Driving Test Invite at Month End","202604","2026 April","140","Monaghan, Co. Monaghan","Weeks","12"
"ROA36C01","Estimated Time to Driving Test Invite at Month End","202604","2026 April","141","Mulhuddart, Co. Dublin","Weeks","20"
"ROA36C01","Estimated Time to Driving Test Invite at Month End","202604","2026 April","142","Mulhuddart (Carlton Hotel), Co. Dublin","Weeks",""
"ROA36C01","Estimated Time to Driving Test Invite at Month End","202604","2026 April","143","Mulhuddart Maple House, Co. Dublin","Weeks","10"
"ROA36C01","Estimated Time to Driving Test Invite at Month End","202604","2026 April","144","Mullingar, Co. Westmeath","Weeks","14"
"ROA36C01","Estimated Time to Driving Test Invite at Month End","202604","2026 April","145","Naas, Co. Kildare","Weeks","14"
"ROA36C01","Estimated Time to Driving Test Invite at Month End","202604","2026 April","146","Navan, Co. Meath","Weeks","10"
"ROA36C01","Estimated Time to Driving Test Invite at Month End","202604","2026 April","147","Nenagh, Co. Tipperary","Weeks","11"
"ROA36C01","Estimated Time to Driving Test Invite at Month End","202604","2026 April","148","Newcastle West, Co. Limerick","Weeks","9"
"ROA36C01","Estimated Time to Driving Test Invite at Month End","202604","2026 April","149","Newcastle West (Longcourt House Hotel), Co. Limerick","Weeks",""
"ROA36C01","Estimated Time to Driving Test Invite at Month End","202604","2026 April","150","Portlaoise, Co. Laois","Weeks",""
"ROA36C01","Estimated Time to Driving Test Invite at Month End","202604","2026 April","166","Portlaoise (Maldron Hotel), Co. Laois","Weeks","14"
"ROA36C01","Estimated Time to Driving Test Invite at Month End","202604","2026 April","151","Raheny, Co. Dublin","Weeks","16"
"ROA36C01","Estimated Time to Driving Test Invite at Month End","202604","2026 April","152","Roscommon, Co. Roscommon","Weeks","9"
"ROA36C01","Estimated Time to Driving Test Invite at Month End","202604","2026 April","153","Shannon, Co. Clare","Weeks","8"
"ROA36C01","Estimated Time to Driving Test Invite at Month End","202604","2026 April","154","Skibbereen, Co. Cork","Weeks","8"
"ROA36C01","Estimated Time to Driving Test Invite at Month End","202604","2026 April","155","Sligo, Co. Sligo","Weeks","9"
"ROA36C01","Estimated Time to Driving Test Invite at Month End","202604","2026 April","156","Tallaght, Co. Dublin","Weeks","16"
"ROA36C01","Estimated Time to Driving Test Invite at Month End","202604","2026 April","157","Thurles, Co. Tipperary","Weeks","11"
"ROA36C01","Estimated Time to Driving Test Invite at Month End","202604","2026 April","158","Tipperary, Co. Tipperary","Weeks","10"
"ROA36C01","Estimated Time to Driving Test Invite at Month End","202604","2026 April","159","Tralee, Co. Kerry","Weeks","15"
"ROA36C01","Estimated Time to Driving Test Invite at Month End","202604","2026 April","160","Tralee (HGV's), Co. Kerry","Weeks",""
"ROA36C01","Estimated Time to Driving Test Invite at Month End","202604","2026 April","161","Tuam, Co. Galway","Weeks","9"
"ROA36C01","Estimated Time to Driving Test Invite at Month End","202604","2026 April","162","Tullamore, Co. Offaly","Weeks","13"
"ROA36C01","Estimated Time to Driving Test Invite at Month End","202604","2026 April","163","Waterford, Co. Waterford","Weeks","16"
"ROA36C01","Estimated Time to Driving Test Invite at Month End","202604","2026 April","164","Wexford, Co. Wexford","Weeks","11"
"ROA36C01","Estimated Time to Driving Test Invite at Month End","202604","2026 April","165","Wicklow, Co. Wicklow","Weeks","11"
"ROA36C01","Estimated Time to Driving Test Invite at Month End","202604","2026 April","167","Galway (Clybaun Hotel), Co. Galway","Weeks","11"
"ROA36C01","Estimated Time to Driving Test Invite at Month End","202604","2026 April","168","Sandyford, Co. Dublin","Weeks",""
"ROA36C01","Estimated Time to Driving Test Invite at Month End","202604","2026 April","169","Drogheda – Southgate, Co. Louth","Weeks","9"
"ROA36C01","Estimated Time to Driving Test Invite at Month End","202604","2026 April","170","Mitchelstown, Co. Cork","Weeks","8"
"ROA36C01","Estimated Time to Driving Test Invite at Month End","202605","2026 May","-","All driving test centres","Weeks","12.3"
"ROA36C01","Estimated Time to Driving Test Invite at Month End","202605","2026 May","100","Athlone, Co. Westmeath","Weeks","13"
"ROA36C01","Estimated Time to Driving Test Invite at Month End","202605","2026 May","101","Ballina, Co. Mayo","Weeks","14"
"ROA36C01","Estimated Time to Driving Test Invite at Month End","202605","2026 May","102","Birr, Co. Offaly","Weeks","12"
"ROA36C01","Estimated Time to Driving Test Invite at Month End","202605","2026 May","103","Birr (County Arms Hotel), Co. Offaly","Weeks",""
"ROA36C01","Estimated Time to Driving Test Invite at Month End","202605","2026 May","104","Buncrana, Co. Donegal","Weeks","12"
"ROA36C01","Estimated Time to Driving Test Invite at Month End","202605","2026 May","105","Carlow, Co. Carlow","Weeks","9"
"ROA36C01","Estimated Time to Driving Test Invite at Month End","202605","2026 May","106","Carlow Talbot Hotel, Co. Carlow","Weeks","13"
"ROA36C01","Estimated Time to Driving Test Invite at Month End","202605","2026 May","107","Carrick On Shannon, Co. Leitrim","Weeks","13"
"ROA36C01","Estimated Time to Driving Test Invite at Month End","202605","2026 May","108","Castlebar, Co. Mayo","Weeks","13"
"ROA36C01","Estimated Time to Driving Test Invite at Month End","202605","2026 May","109","Cavan, Co. Cavan","Weeks","15"
"ROA36C01","Estimated Time to Driving Test Invite at Month End","202605","2026 May","110","Charlestown (Dublin), Co. Dublin","Weeks",""
"ROA36C01","Estimated Time to Driving Test Invite at Month End","202605","2026 May","111","Clifden, Co. Galway","Weeks","13"
"ROA36C01","Estimated Time to Driving Test Invite at Month End","202605","2026 May","112","Clonmel, Co. Tipperary","Weeks","13"
"ROA36C01","Estimated Time to Driving Test Invite at Month End","202605","2026 May","113","Cork (Ballincollig), Co. Cork","Weeks",""
"ROA36C01","Estimated Time to Driving Test Invite at Month End","202605","2026 May","114","Cork (St. Finbarr's GAA Club Togher), Co. Cork","Weeks",""
"ROA36C01","Estimated Time to Driving Test Invite at Month End","202605","2026 May","115","Cork (Wilton), Co. Cork","Weeks","11"
"ROA36C01","Estimated Time to Driving Test Invite at Month End","202605","2026 May","116","Donegal, Co. Donegal","Weeks","13"
"ROA36C01","Estimated Time to Driving Test Invite at Month End","202605","2026 May","117","Drogheda, Co. Louth","Weeks",""
"ROA36C01","Estimated Time to Driving Test Invite at Month End","202605","2026 May","118","Dun Laoghaire / Deansgrange, Co. Dublin","Weeks","12"
"ROA36C01","Estimated Time to Driving Test Invite at Month End","202605","2026 May","119","Dundalk, Co. Louth","Weeks","10"
"ROA36C01","Estimated Time to Driving Test Invite at Month End","202605","2026 May","120","Dungarvan, Co. Waterford","Weeks","11"
"ROA36C01","Estimated Time to Driving Test Invite at Month End","202605","2026 May","121","Ennis, Co. Clare","Weeks","11"
"ROA36C01","Estimated Time to Driving Test Invite at Month End","202605","2026 May","122","Finglas, Co. Dublin","Weeks","9"
"ROA36C01","Estimated Time to Driving Test Invite at Month End","202605","2026 May","123","Galway (Carnmore), Co. Galway","Weeks","12"
"ROA36C01","Estimated Time to Driving Test Invite at Month End","202605","2026 May","124","Galway (Westside), Co. Galway","Weeks",""
"ROA36C01","Estimated Time to Driving Test Invite at Month End","202605","2026 May","125","Gorey, Co. Wexford","Weeks","12"
"ROA36C01","Estimated Time to Driving Test Invite at Month End","202605","2026 May","126","Kilkenny (Govt Buildings), Co. Kilkenny","Weeks","16"
"ROA36C01","Estimated Time to Driving Test Invite at Month End","202605","2026 May","127","Kilkenny (O'Loughlin Gaels), Co. Kilkenny","Weeks","12"
"ROA36C01","Estimated Time to Driving Test Invite at Month End","202605","2026 May","128","Killarney, Co. Kerry","Weeks","15"
"ROA36C01","Estimated Time to Driving Test Invite at Month End","202605","2026 May","129","Killester, Co. Dublin","Weeks","15"
"ROA36C01","Estimated Time to Driving Test Invite at Month End","202605","2026 May","130","Kilrush, Co. Clare","Weeks","13"
"ROA36C01","Estimated Time to Driving Test Invite at Month End","202605","2026 May","131","Letterkenny, Co. Donegal","Weeks","13"
"ROA36C01","Estimated Time to Driving Test Invite at Month End","202605","2026 May","132","Limerick - Castlemungret, Co. Limerick","Weeks","10"
"ROA36C01","Estimated Time to Driving Test Invite at Month End","202605","2026 May","133","Limerick - Woodview, Co. Limerick","Weeks","11"
"ROA36C01","Estimated Time to Driving Test Invite at Month End","202605","2026 May","134","Limerick (Roxboro), Co. Limerick","Weeks",""
"ROA36C01","Estimated Time to Driving Test Invite at Month End","202605","2026 May","135","Longford, Co. Longford","Weeks","12"
"ROA36C01","Estimated Time to Driving Test Invite at Month End","202605","2026 May","136","Loughrea, Co. Galway","Weeks","14"
"ROA36C01","Estimated Time to Driving Test Invite at Month End","202605","2026 May","137","Loughrea (Lough Rea Hotel & Spa), Co. Galway","Weeks",""
"ROA36C01","Estimated Time to Driving Test Invite at Month End","202605","2026 May","138","Mallow, Co. Cork","Weeks",""
"ROA36C01","Estimated Time to Driving Test Invite at Month End","202605","2026 May","139","Mallow (Cork Racecourse Mallow), Co. Cork","Weeks","9"
"ROA36C01","Estimated Time to Driving Test Invite at Month End","202605","2026 May","140","Monaghan, Co. Monaghan","Weeks","15"
"ROA36C01","Estimated Time to Driving Test Invite at Month End","202605","2026 May","141","Mulhuddart, Co. Dublin","Weeks","19"
"ROA36C01","Estimated Time to Driving Test Invite at Month End","202605","2026 May","142","Mulhuddart (Carlton Hotel), Co. Dublin","Weeks",""
"ROA36C01","Estimated Time to Driving Test Invite at Month End","202605","2026 May","143","Mulhuddart Maple House, Co. Dublin","Weeks","11"
"ROA36C01","Estimated Time to Driving Test Invite at Month End","202605","2026 May","144","Mullingar, Co. Westmeath","Weeks","12"
"ROA36C01","Estimated Time to Driving Test Invite at Month End","202605","2026 May","145","Naas, Co. Kildare","Weeks","11"
"ROA36C01","Estimated Time to Driving Test Invite at Month End","202605","2026 May","146","Navan, Co. Meath","Weeks","12"
"ROA36C01","Estimated Time to Driving Test Invite at Month End","202605","2026 May","147","Nenagh, Co. Tipperary","Weeks","11"
"ROA36C01","Estimated Time to Driving Test Invite at Month End","202605","2026 May","148","Newcastle West, Co. Limerick","Weeks","11"
"ROA36C01","Estimated Time to Driving Test Invite at Month End","202605","2026 May","149","Newcastle West (Longcourt House Hotel), Co. Limerick","Weeks",""
"ROA36C01","Estimated Time to Driving Test Invite at Month End","202605","2026 May","150","Portlaoise, Co. Laois","Weeks",""
"ROA36C01","Estimated Time to Driving Test Invite at Month End","202605","2026 May","166","Portlaoise (Maldron Hotel), Co. Laois","Weeks","14"
"ROA36C01","Estimated Time to Driving Test Invite at Month End","202605","2026 May","151","Raheny, Co. Dublin","Weeks","17"
"ROA36C01","Estimated Time to Driving Test Invite at Month End","202605","2026 May","152","Roscommon, Co. Roscommon","Weeks","10"
"ROA36C01","Estimated Time to Driving Test Invite at Month End","202605","2026 May","153","Shannon, Co. Clare","Weeks","12"
"ROA36C01","Estimated Time to Driving Test Invite at Month End","202605","2026 May","154","Skibbereen, Co. Cork","Weeks","11"
"ROA36C01","Estimated Time to Driving Test Invite at Month End","202605","2026 May","155","Sligo, Co. Sligo","Weeks","9"
"ROA36C01","Estimated Time to Driving Test Invite at Month End","202605","2026 May","156","Tallaght, Co. Dublin","Weeks","13"
"ROA36C01","Estimated Time to Driving Test Invite at Month End","202605","2026 May","157","Thurles, Co. Tipperary","Weeks","12"
"ROA36C01","Estimated Time to Driving Test Invite at Month End","202605","2026 May","158","Tipperary, Co. Tipperary","Weeks","9"
"ROA36C01","Estimated Time to Driving Test Invite at Month End","202605","2026 May","159","Tralee, Co. Kerry","Weeks","15"
"ROA36C01","Estimated Time to Driving Test Invite at Month End","202605","2026 May","160","Tralee (HGV's), Co. Kerry","Weeks",""
"ROA36C01","Estimated Time to Driving Test Invite at Month End","202605","2026 May","161","Tuam, Co. Galway","Weeks","11"
"ROA36C01","Estimated Time to Driving Test Invite at Month End","202605","2026 May","162","Tullamore, Co. Offaly","Weeks","12"
"ROA36C01","Estimated Time to Driving Test Invite at Month End","202605","2026 May","163","Waterford, Co. Waterford","Weeks","13"
"ROA36C01","Estimated Time to Driving Test Invite at Month End","202605","2026 May","164","Wexford, Co. Wexford","Weeks","11"
"ROA36C01","Estimated Time to Driving Test Invite at Month End","202605","2026 May","165","Wicklow, Co. Wicklow","Weeks","10"
"ROA36C01","Estimated Time to Driving Test Invite at Month End","202605","2026 May","167","Galway (Clybaun Hotel), Co. Galway","Weeks","10"
"ROA36C01","Estimated Time to Driving Test Invite at Month End","202605","2026 May","168","Sandyford, Co. Dublin","Weeks",""
"ROA36C01","Estimated Time to Driving Test Invite at Month End","202605","2026 May","169","Drogheda – Southgate, Co. Louth","Weeks","17"
"ROA36C01","Estimated Time to Driving Test Invite at Month End","202605","2026 May","170","Mitchelstown, Co. Cork","Weeks","12"
"ROA36C01","Estimated Time to Driving Test Invite at Month End","202606","2026 June","-","All driving test centres","Weeks","11.8"
"ROA36C01","Estimated Time to Driving Test Invite at Month End","202606","2026 June","100","Athlone, Co. Westmeath","Weeks","8"
"ROA36C01","Estimated Time to Driving Test Invite at Month End","202606","2026 June","101","Ballina, Co. Mayo","Weeks","12"
"ROA36C01","Estimated Time to Driving Test Invite at Month End","202606","2026 June","102","Birr, Co. Offaly","Weeks","8"
"ROA36C01","Estimated Time to Driving Test Invite at Month End","202606","2026 June","103","Birr (County Arms Hotel), Co. Offaly","Weeks",""
"ROA36C01","Estimated Time to Driving Test Invite at Month End","202606","2026 June","104","Buncrana, Co. Donegal","Weeks","14"
"ROA36C01","Estimated Time to Driving Test Invite at Month End","202606","2026 June","105","Carlow, Co. Carlow","Weeks","10"
"ROA36C01","Estimated Time to Driving Test Invite at Month End","202606","2026 June","106","Carlow Talbot Hotel, Co. Carlow","Weeks","9"
"ROA36C01","Estimated Time to Driving Test Invite at Month End","202606","2026 June","107","Carrick On Shannon, Co. Leitrim","Weeks","13"
"ROA36C01","Estimated Time to Driving Test Invite at Month End","202606","2026 June","108","Castlebar, Co. Mayo","Weeks","12"
"ROA36C01","Estimated Time to Driving Test Invite at Month End","202606","2026 June","109","Cavan, Co. Cavan","Weeks","12"
"ROA36C01","Estimated Time to Driving Test Invite at Month End","202606","2026 June","110","Charlestown (Dublin), Co. Dublin","Weeks",""
"ROA36C01","Estimated Time to Driving Test Invite at Month End","202606","2026 June","111","Clifden, Co. Galway","Weeks","15"
"ROA36C01","Estimated Time to Driving Test Invite at Month End","202606","2026 June","112","Clonmel, Co. Tipperary","Weeks","11"
"ROA36C01","Estimated Time to Driving Test Invite at Month End","202606","2026 June","113","Cork (Ballincollig), Co. Cork","Weeks",""
"ROA36C01","Estimated Time to Driving Test Invite at Month End","202606","2026 June","114","Cork (St. Finbarr's GAA Club Togher), Co. Cork","Weeks",""
"ROA36C01","Estimated Time to Driving Test Invite at Month End","202606","2026 June","115","Cork (Wilton), Co. Cork","Weeks","10"
"ROA36C01","Estimated Time to Driving Test Invite at Month End","202606","2026 June","116","Donegal, Co. Donegal","Weeks","8"
"ROA36C01","Estimated Time to Driving Test Invite at Month End","202606","2026 June","117","Drogheda, Co. Louth","Weeks",""
"ROA36C01","Estimated Time to Driving Test Invite at Month End","202606","2026 June","118","Dun Laoghaire / Deansgrange, Co. Dublin","Weeks","13"
"ROA36C01","Estimated Time to Driving Test Invite at Month End","202606","2026 June","119","Dundalk, Co. Louth","Weeks","10"
"ROA36C01","Estimated Time to Driving Test Invite at Month End","202606","2026 June","120","Dungarvan, Co. Waterford","Weeks","11"
"ROA36C01","Estimated Time to Driving Test Invite at Month End","202606","2026 June","121","Ennis, Co. Clare","Weeks","11"
"ROA36C01","Estimated Time to Driving Test Invite at Month End","202606","2026 June","122","Finglas, Co. Dublin","Weeks","12"
"ROA36C01","Estimated Time to Driving Test Invite at Month End","202606","2026 June","123","Galway (Carnmore), Co. Galway","Weeks","11"
"ROA36C01","Estimated Time to Driving Test Invite at Month End","202606","2026 June","124","Galway (Westside), Co. Galway","Weeks",""
"ROA36C01","Estimated Time to Driving Test Invite at Month End","202606","2026 June","125","Gorey, Co. Wexford","Weeks","12"
"ROA36C01","Estimated Time to Driving Test Invite at Month End","202606","2026 June","126","Kilkenny (Govt Buildings), Co. Kilkenny","Weeks","11"
"ROA36C01","Estimated Time to Driving Test Invite at Month End","202606","2026 June","127","Kilkenny (O'Loughlin Gaels), Co. Kilkenny","Weeks","10"
"ROA36C01","Estimated Time to Driving Test Invite at Month End","202606","2026 June","128","Killarney, Co. Kerry","Weeks","16"
"ROA36C01","Estimated Time to Driving Test Invite at Month End","202606","2026 June","129","Killester, Co. Dublin","Weeks","13"
"ROA36C01","Estimated Time to Driving Test Invite at Month End","202606","2026 June","130","Kilrush, Co. Clare","Weeks","12"
"ROA36C01","Estimated Time to Driving Test Invite at Month End","202606","2026 June","131","Letterkenny, Co. Donegal","Weeks","11"
"ROA36C01","Estimated Time to Driving Test Invite at Month End","202606","2026 June","132","Limerick - Castlemungret, Co. Limerick","Weeks","11"
"ROA36C01","Estimated Time to Driving Test Invite at Month End","202606","2026 June","133","Limerick - Woodview, Co. Limerick","Weeks","9"
"ROA36C01","Estimated Time to Driving Test Invite at Month End","202606","2026 June","134","Limerick (Roxboro), Co. Limerick","Weeks",""
"ROA36C01","Estimated Time to Driving Test Invite at Month End","202606","2026 June","135","Longford, Co. Longford","Weeks","14"
"ROA36C01","Estimated Time to Driving Test Invite at Month End","202606","2026 June","136","Loughrea, Co. Galway","Weeks","16"
"ROA36C01","Estimated Time to Driving Test Invite at Month End","202606","2026 June","137","Loughrea (Lough Rea Hotel & Spa), Co. Galway","Weeks",""
"ROA36C01","Estimated Time to Driving Test Invite at Month End","202606","2026 June","138","Mallow, Co. Cork","Weeks",""
"ROA36C01","Estimated Time to Driving Test Invite at Month End","202606","2026 June","139","Mallow (Cork Racecourse Mallow), Co. Cork","Weeks","11"
"ROA36C01","Estimated Time to Driving Test Invite at Month End","202606","2026 June","140","Monaghan, Co. Monaghan","Weeks","11"
"ROA36C01","Estimated Time to Driving Test Invite at Month End","202606","2026 June","141","Mulhuddart, Co. Dublin","Weeks","17"
"ROA36C01","Estimated Time to Driving Test Invite at Month End","202606","2026 June","142","Mulhuddart (Carlton Hotel), Co. Dublin","Weeks",""
"ROA36C01","Estimated Time to Driving Test Invite at Month End","202606","2026 June","143","Mulhuddart Maple House, Co. Dublin","Weeks","13"
"ROA36C01","Estimated Time to Driving Test Invite at Month End","202606","2026 June","144","Mullingar, Co. Westmeath","Weeks","12"
"ROA36C01","Estimated Time to Driving Test Invite at Month End","202606","2026 June","145","Naas, Co. Kildare","Weeks","11"
"ROA36C01","Estimated Time to Driving Test Invite at Month End","202606","2026 June","146","Navan, Co. Meath","Weeks","9"
"ROA36C01","Estimated Time to Driving Test Invite at Month End","202606","2026 June","147","Nenagh, Co. Tipperary","Weeks","11"
"ROA36C01","Estimated Time to Driving Test Invite at Month End","202606","2026 June","148","Newcastle West, Co. Limerick","Weeks","11"
"ROA36C01","Estimated Time to Driving Test Invite at Month End","202606","2026 June","149","Newcastle West (Longcourt House Hotel), Co. Limerick","Weeks",""
"ROA36C01","Estimated Time to Driving Test Invite at Month End","202606","2026 June","150","Portlaoise, Co. Laois","Weeks",""
"ROA36C01","Estimated Time to Driving Test Invite at Month End","202606","2026 June","166","Portlaoise (Maldron Hotel), Co. Laois","Weeks","14"
"ROA36C01","Estimated Time to Driving Test Invite at Month End","202606","2026 June","151","Raheny, Co. Dublin","Weeks","27"
"ROA36C01","Estimated Time to Driving Test Invite at Month End","202606","2026 June","152","Roscommon, Co. Roscommon","Weeks","10"
"ROA36C01","Estimated Time to Driving Test Invite at Month End","202606","2026 June","153","Shannon, Co. Clare","Weeks","11"
"ROA36C01","Estimated Time to Driving Test Invite at Month End","202606","2026 June","154","Skibbereen, Co. Cork","Weeks","10"
"ROA36C01","Estimated Time to Driving Test Invite at Month End","202606","2026 June","155","Sligo, Co. Sligo","Weeks","10"
"ROA36C01","Estimated Time to Driving Test Invite at Month End","202606","2026 June","156","Tallaght, Co. Dublin","Weeks","13"
"ROA36C01","Estimated Time to Driving Test Invite at Month End","202606","2026 June","157","Thurles, Co. Tipperary","Weeks","13"
"ROA36C01","Estimated Time to Driving Test Invite at Month End","202606","2026 June","158","Tipperary, Co. Tipperary","Weeks","9"
"ROA36C01","Estimated Time to Driving Test Invite at Month End","202606","2026 June","159","Tralee, Co. Kerry","Weeks","14"
"ROA36C01","Estimated Time to Driving Test Invite at Month End","202606","2026 June","160","Tralee (HGV's), Co. Kerry","Weeks",""
"ROA36C01","Estimated Time to Driving Test Invite at Month End","202606","2026 June","161","Tuam, Co. Galway","Weeks","9"
"ROA36C01","Estimated Time to Driving Test Invite at Month End","202606","2026 June","162","Tullamore, Co. Offaly","Weeks","12"
"ROA36C01","Estimated Time to Driving Test Invite at Month End","202606","2026 June","163","Waterford, Co. Waterford","Weeks","11"
"ROA36C01","Estimated Time to Driving Test Invite at Month End","202606","2026 June","164","Wexford, Co. Wexford","Weeks","13"
"ROA36C01","Estimated Time to Driving Test Invite at Month End","202606","2026 June","165","Wicklow, Co. Wicklow","Weeks","11"
"ROA36C01","Estimated Time to Driving Test Invite at Month End","202606","2026 June","167","Galway (Clybaun Hotel), Co. Galway","Weeks","9"
"ROA36C01","Estimated Time to Driving Test Invite at Month End","202606","2026 June","168","Sandyford, Co. Dublin","Weeks",""
"ROA36C01","Estimated Time to Driving Test Invite at Month End","202606","2026 June","169","Drogheda – Southgate, Co. Louth","Weeks","15"
"ROA36C01","Estimated Time to Driving Test Invite at Month End","202606","2026 June","170","Mitchelstown, Co. Cork","Weeks","8"
"ROA36C01","Estimated Time to Driving Test Invite at Month End","202607","2026 July","-","All driving test centres","Weeks","12.1"
"ROA36C01","Estimated Time to Driving Test Invite at Month End","202607","2026 July","100","Athlone, Co. Westmeath","Weeks","13"
"ROA36C01","Estimated Time to Driving Test Invite at Month End","202607","2026 July","101","Ballina, Co. Mayo","Weeks","13"
"ROA36C01","Estimated Time to Driving Test Invite at Month End","202607","2026 July","102","Birr, Co. Offaly","Weeks","9"
"ROA36C01","Estimated Time to Driving Test Invite at Month End","202607","2026 July","103","Birr (County Arms Hotel), Co. Offaly","Weeks",""
"ROA36C01","Estimated Time to Driving Test Invite at Month End","202607","2026 July","104","Buncrana, Co. Donegal","Weeks","11"
"ROA36C01","Estimated Time to Driving Test Invite at Month End","202607","2026 July","105","Carlow, Co. Carlow","Weeks","10"
"ROA36C01","Estimated Time to Driving Test Invite at Month End","202607","2026 July","106","Carlow Talbot Hotel, Co. Carlow","Weeks","11"
"ROA36C01","Estimated Time to Driving Test Invite at Month End","202607","2026 July","107","Carrick On Shannon, Co. Leitrim","Weeks","13"
"ROA36C01","Estimated Time to Driving Test Invite at Month End","202607","2026 July","108","Castlebar, Co. Mayo","Weeks","14"
"ROA36C01","Estimated Time to Driving Test Invite at Month End","202607","2026 July","109","Cavan, Co. Cavan","Weeks","12"
"ROA36C01","Estimated Time to Driving Test Invite at Month End","202607","2026 July","110","Charlestown (Dublin), Co. Dublin","Weeks",""
"ROA36C01","Estimated Time to Driving Test Invite at Month End","202607","2026 July","111","Clifden, Co. Galway","Weeks","13"
"ROA36C01","Estimated Time to Driving Test Invite at Month End","202607","2026 July","112","Clonmel, Co. Tipperary","Weeks","10"
"ROA36C01","Estimated Time to Driving Test Invite at Month End","202607","2026 July","113","Cork (Ballincollig), Co. Cork","Weeks",""
"ROA36C01","Estimated Time to Driving Test Invite at Month End","202607","2026 July","114","Cork (St. Finbarr's GAA Club Togher), Co. Cork","Weeks",""
"ROA36C01","Estimated Time to Driving Test Invite at Month End","202607","2026 July","115","Cork (Wilton), Co. Cork","Weeks","10"
"ROA36C01","Estimated Time to Driving Test Invite at Month End","202607","2026 July","116","Donegal, Co. Donegal","Weeks","9"
"ROA36C01","Estimated Time to Driving Test Invite at Month End","202607","2026 July","117","Drogheda, Co. Louth","Weeks",""
"ROA36C01","Estimated Time to Driving Test Invite at Month End","202607","2026 July","118","Dun Laoghaire / Deansgrange, Co. Dublin","Weeks","14"
"ROA36C01","Estimated Time to Driving Test Invite at Month End","202607","2026 July","119","Dundalk, Co. Louth","Weeks","10"
"ROA36C01","Estimated Time to Driving Test Invite at Month End","202607","2026 July","120","Dungarvan, Co. Waterford","Weeks","14"
"ROA36C01","Estimated Time to Driving Test Invite at Month End","202607","2026 July","121","Ennis, Co. Clare","Weeks","12"
"ROA36C01","Estimated Time to Driving Test Invite at Month End","202607","2026 July","122","Finglas, Co. Dublin","Weeks","9"
"ROA36C01","Estimated Time to Driving Test Invite at Month End","202607","2026 July","123","Galway (Carnmore), Co. Galway","Weeks","12"
"ROA36C01","Estimated Time to Driving Test Invite at Month End","202607","2026 July","124","Galway (Westside), Co. Galway","Weeks",""
"ROA36C01","Estimated Time to Driving Test Invite at Month End","202607","2026 July","125","Gorey, Co. Wexford","Weeks","11"
"ROA36C01","Estimated Time to Driving Test Invite at Month End","202607","2026 July","126","Kilkenny (Govt Buildings), Co. Kilkenny","Weeks","10"
"ROA36C01","Estimated Time to Driving Test Invite at Month End","202607","2026 July","127","Kilkenny (O'Loughlin Gaels), Co. Kilkenny","Weeks","9"
"ROA36C01","Estimated Time to Driving Test Invite at Month End","202607","2026 July","128","Killarney, Co. Kerry","Weeks","16"
"ROA36C01","Estimated Time to Driving Test Invite at Month End","202607","2026 July","129","Killester, Co. Dublin","Weeks","14"
"ROA36C01","Estimated Time to Driving Test Invite at Month End","202607","2026 July","130","Kilrush, Co. Clare","Weeks","12"
"ROA36C01","Estimated Time to Driving Test Invite at Month End","202607","2026 July","131","Letterkenny, Co. Donegal","Weeks","13"
"ROA36C01","Estimated Time to Driving Test Invite at Month End","202607","2026 July","132","Limerick - Castlemungret, Co. Limerick","Weeks","10"
"ROA36C01","Estimated Time to Driving Test Invite at Month End","202607","2026 July","133","Limerick - Woodview, Co. Limerick","Weeks","10"
"ROA36C01","Estimated Time to Driving Test Invite at Month End","202607","2026 July","134","Limerick (Roxboro), Co. Limerick","Weeks",""
"ROA36C01","Estimated Time to Driving Test Invite at Month End","202607","2026 July","135","Longford, Co. Longford","Weeks","14"
"ROA36C01","Estimated Time to Driving Test Invite at Month End","202607","2026 July","136","Loughrea, Co. Galway","Weeks","16"
"ROA36C01","Estimated Time to Driving Test Invite at Month End","202607","2026 July","137","Loughrea (Lough Rea Hotel & Spa), Co. Galway","Weeks",""
"ROA36C01","Estimated Time to Driving Test Invite at Month End","202607","2026 July","138","Mallow, Co. Cork","Weeks",""
"ROA36C01","Estimated Time to Driving Test Invite at Month End","202607","2026 July","139","Mallow (Cork Racecourse Mallow), Co. Cork","Weeks","10"
"ROA36C01","Estimated Time to Driving Test Invite at Month End","202607","2026 July","140","Monaghan, Co. Monaghan","Weeks","8"
"ROA36C01","Estimated Time to Driving Test Invite at Month End","202607","2026 July","141","Mulhuddart, Co. Dublin","Weeks","17"
"ROA36C01","Estimated Time to Driving Test Invite at Month End","202607","2026 July","142","Mulhuddart (Carlton Hotel), Co. Dublin","Weeks",""
"ROA36C01","Estimated Time to Driving Test Invite at Month End","202607","2026 July","143","Mulhuddart Maple House, Co. Dublin","Weeks","12"
"ROA36C01","Estimated Time to Driving Test Invite at Month End","202607","2026 July","144","Mullingar, Co. Westmeath","Weeks","12"
"ROA36C01","Estimated Time to Driving Test Invite at Month End","202607","2026 July","145","Naas, Co. Kildare","Weeks","9"
"ROA36C01","Estimated Time to Driving Test Invite at Month End","202607","2026 July","146","Navan, Co. Meath","Weeks","9"
"ROA36C01","Estimated Time to Driving Test Invite at Month End","202607","2026 July","147","Nenagh, Co. Tipperary","Weeks","9"
"ROA36C01","Estimated Time to Driving Test Invite at Month End","202607","2026 July","148","Newcastle West, Co. Limerick","Weeks","10"
"ROA36C01","Estimated Time to Driving Test Invite at Month End","202607","2026 July","149","Newcastle West (Longcourt House Hotel), Co. Limerick","Weeks",""
"ROA36C01","Estimated Time to Driving Test Invite at Month End","202607","2026 July","150","Portlaoise, Co. Laois","Weeks",""
"ROA36C01","Estimated Time to Driving Test Invite at Month End","202607","2026 July","166","Portlaoise (Maldron Hotel), Co. Laois","Weeks","14"
"ROA36C01","Estimated Time to Driving Test Invite at Month End","202607","2026 July","151","Raheny, Co. Dublin","Weeks","29"
"ROA36C01","Estimated Time to Driving Test Invite at Month End","202607","2026 July","152","Roscommon, Co. Roscommon","Weeks","10"
"ROA36C01","Estimated Time to Driving Test Invite at Month End","202607","2026 July","153","Shannon, Co. Clare","Weeks","7"
"ROA36C01","Estimated Time to Driving Test Invite at Month End","202607","2026 July","154","Skibbereen, Co. Cork","Weeks","10"
"ROA36C01","Estimated Time to Driving Test Invite at Month End","202607","2026 July","155","Sligo, Co. Sligo","Weeks","11"
"ROA36C01","Estimated Time to Driving Test Invite at Month End","202607","2026 July","156","Tallaght, Co. Dublin","Weeks","21"
"ROA36C01","Estimated Time to Driving Test Invite at Month End","202607","2026 July","157","Thurles, Co. Tipperary","Weeks","12"
"ROA36C01","Estimated Time to Driving Test Invite at Month End","202607","2026 July","158","Tipperary, Co. Tipperary","Weeks","9"
"ROA36C01","Estimated Time to Driving Test Invite at Month End","202607","2026 July","159","Tralee, Co. Kerry","Weeks","15"
"ROA36C01","Estimated Time to Driving Test Invite at Month End","202607","2026 July","160","Tralee (HGV's), Co. Kerry","Weeks",""
"ROA36C01","Estimated Time to Driving Test Invite at Month End","202607","2026 July","161","Tuam, Co. Galway","Weeks","10"
"ROA36C01","Estimated Time to Driving Test Invite at Month End","202607","2026 July","162","Tullamore, Co. Offaly","Weeks","13"
"ROA36C01","Estimated Time to Driving Test Invite at Month End","202607","2026 July","163","Waterford, Co. Waterford","Weeks","13"
"ROA36C01","Estimated Time to Driving Test Invite at Month End","202607","2026 July","164","Wexford, Co. Wexford","Weeks","13"
"ROA36C01","Estimated Time to Driving Test Invite at Month End","202607","2026 July","165","Wicklow, Co. Wicklow","Weeks","13"
"ROA36C01","Estimated Time to Driving Test Invite at Month End","202607","2026 July","167","Galway (Clybaun Hotel), Co. Galway","Weeks","9"
"ROA36C01","Estimated Time to Driving Test Invite at Month End","202607","2026 July","168","Sandyford, Co. Dublin","Weeks",""
"ROA36C01","Estimated Time to Driving Test Invite at Month End","202607","2026 July","169","Drogheda – Southgate, Co. Louth","Weeks","19"
"ROA36C01","Estimated Time to Driving Test Invite at Month End","202607","2026 July","170","Mitchelstown, Co. Cork","Weeks","10"
